 (1.033296742651752288e-02+4.139734787664285632e-04j), (9.895009082154806534e-07+5.526659381164428837e-08j), (3.504382982416972782e-07+7.547457382161912863e-09j), (9.895009082154806534e-07+5.526659381164428837e-08j), (1.110353006571388954e-03+9.314891636480531219e-06j), (1.458939049685184543e-07+2.105613757493437034e-08j), (3.504382982416972782e-07+7.547457382161912863e-09j), (1.458939049685184543e-07+2.105613757493437034e-08j), (9.755821501448891549e-04+8.044008123916203680e-06j)
 (1.032875116719261799e-02+4.486187039094776557e-04j), (9.894447731002672081e-07+5.995917245064110532e-08j), (3.503938363732190168e-07+8.181543763768534841e-09j), (9.894447731002672081e-07+5.995917245064110532e-08j), (1.110319229728483001e-03+1.009959582510506198e-05j), (1.459547180091479510e-07+2.283778241387004130e-08j), (3.503938363732190168e-07+8.181543763768534841e-09j), (1.459547180091479510e-07+2.283778241387004130e-08j), (9.755481205596046356e-04+8.721417648700207102e-06j)
 (1.032380062983729099e-02+4.861103006552544830e-04j), (9.893773394230635936e-07+6.505457742645460264e-08j), (3.503416255029596054e-07+8.868420317516482903e-09j), (9.893773394230635936e-07+6.505457742645460264e-08j), (1.110279530474903844e-03+1.095018527703305679e-05j), (1.460261133061368445e-07+2.477115547504729499e-08j), (3.503416255029596054e-07+8.868420317516482903e-09j), (1.460261133061368445e-07+2.477115547504729499e-08j), (9.755081257095635661e-04+9.455639766948216310e-06j)
 (1.031798940380808383e-02+5.266676211143169655e-04j), (9.892959475308393726e-07+7.058841846201487952e-08j), (3.502803323431288354e-07+9.612353467471505066e-09j), (9.892959475308393726e-07+7.058841846201487952e-08j), (1.110232873924992978e-03+1.187213165596293200e-05j), (1.461099141069522911e-07+2.686944293848652137e-08j), (3.502803323431288354e-07+9.612353467471505066e-09j), (1.461099141069522911e-07+2.686944293848652137e-08j), (9.754611237806325033e-04+1.025137507355974935e-05j)
 (1.031116987214009129e-02+5.705229339560991550e-04j), (9.891972451668729573e-07+7.659968517209587259e-08j), (3.502083996357557455e-07+1.041792009782110077e-08j), (9.891972451668729573e-07+7.659968517209587259e-08j), (1.110178045706009366e-03+1.287134456854681038e-05j), (1.462082496849271842e-07+2.914704792417423090e-08j), (3.502083996357557455e-07+1.041792009782110077e-08j), (1.462082496849271842e-07+2.914704792417423090e-08j), (9.754058924846764839e-04+1.111369551993888387e-05j)
 (1.030316986476396794e-02+6.179210394157131064e-04j), (9.890769954647388853e-07+8.313111386638093143e-08j), (3.501240104044495525e-07+1.129002087501933135e-08j), (9.890769954647388853e-07+8.313111386638093143e-08j), (1.110113621341053073e-03+1.395420209689097208e-05j), (1.463236034162974994e-07+3.161972120421417921e-08j), (3.501240104044495525e-07+1.129002087501933135e-08j), (1.463236034162974994e-07+3.161972120421417921e-08j), (9.753409983568717785e-04+1.204806891574630114e-05j)
 (1.029378886392485690e-02+6.691184766664946999e-04j), (9.889298298970105020e-07+9.022960011696295432e-08j), (3.500250471695543415e-07+1.223389145609879922e-08j), (9.889298298970105020e-07+9.022960011696295432e-08j), (1.110037930603748274e-03+1.512758219077841628e-05j), (1.464588670876591175e-07+3.430471031028579944e-08j), (3.500250471695543415e-07+1.223389145609879922e-08j), (1.464588670876591175e-07+3.430471031028579944e-08j), (9.752647610429854589e-04+1.306038367242931398e-05j)
 (1.028279373352420679e-02+7.243822005940035160e-04j), (9.887489303362703787e-07+9.794666209807183207e-08j), (3.499090456634729315e-07+1.325511064430360411e-08j), (9.887489303362703787e-07+9.794666209807183207e-08j), (1.109949016092869707e-03+1.639889454377098466e-05j), (1.466174016869101771e-07+3.722093043807925012e-08j), (3.499090456634729315e-07+1.325511064430360411e-08j), (1.466174016869101771e-07+3.722093043807925012e-08j), (9.751752118404804874e-04+1.415697333270357053e-05j)
 (1.026991395641263516e-02+7.839875771242470334e-04j), (9.885256200009919997e-07+1.063389592942575190e-07j), (3.497731426389688365e-07+1.435960432086170065e-08j), (9.885256200009919997e-07+1.063389592942575190e-07j), (1.109844585191255284e-03+1.777611243365088430e-05j), (1.468031046663067430e-07+4.038916125691662075e-08j), (3.497731426389688365e-07+1.435960432086170065e-08j), (1.468031046663067430e-07+4.038916125691662075e-08j), (9.750700456808560979e-04+1.534464027323296909e-05j)
 (1.025483638355149767e-02+8.482155143069161022e-04j), (9.882488376065720874e-07+1.154688700595567177e-07j), (3.496140174703212695e-07+1.555364371348202366e-08j), (9.882488376065720874e-07+1.154688700595567177e-07j), (1.109721954491920326e-03+1.926780382664706678e-05j), (1.470204832478914785e-07+4.383227457055911654e-08j), (3.496140174703212695e-07+1.555364371348202366e-08j), (1.470204832478914785e-07+4.383227457055911654e-08j), (9.749465656695333222e-04+1.663067777098929076e-05j)
 (1.023719952915819534e-02+9.173485108347264206e-04j), (9.879044623583936010e-07+1.254051293007835122e-07j), (3.494278274244134601e-07+1.684383625475869403e-08j), (9.879044623583936010e-07+1.254051293007835122e-07j), (1.109577985701389264e-03+2.088316081867883526e-05j), (1.472747327083806757e-07+4.757549875440055802e-08j), (3.494278274244134601e-07+1.684383625475869403e-08j), (1.472747327083806757e-07+4.757549875440055802e-08j), (9.748016192411281759e-04+1.802288937926784491e-05j)
 (1.021658748982289498e-02+9.916653658655870396e-04j), (9.874744493852776273e-07+1.362235236949980568e-07j), (3.492101367497902879e-07+1.823710695214844609e-08j), (9.874744493852776273e-07+1.362235236949980568e-07j), (1.109409011974900675e-03+2.263202620725808352e-05j), (1.475718176525371269e-07+5.164672701662794646e-08j), (3.492101367497902879e-07+1.823710695214844609e-08j), (1.475718176525371269e-07+5.164672701662794646e-08j), (9.746315249525261100e-04+1.952960425845769865e-05j)
 (1.019252362713290831e-02+1.071434256357388240e-03j), (9.869357257887644117e-07+1.480076355632208572e-07j), (3.489558401243879199e-07+1.974066783889569788e-08j), (9.869357257887644117e-07+1.480076355632208572e-07j), (1.109210753612935524e-03+2.452491564583927192e-05j), (1.479185529580723281e-07+5.607687778300547231e-08j), (3.489558401243879199e-07+1.974066783889569788e-08j), (1.479185529580723281e-07+5.607687778300547231e-08j), (9.744319889384292976e-04+2.115968674073388523e-05j)
 (1.016446423706155421e-02+1.156903854797134692e-03j), (9.862587868323150966e-07+1.608496167706264174e-07j), (3.486590815485577552e-07+2.136197273831044577e-08j), (9.862587868323150966e-07+1.608496167706264174e-07j), (1.108978222070909885e-03+2.657303341985879712e-05j), (1.483226792212974137e-07+6.090031684795158512e-08j), (3.486590815485577552e-07+2.136197273831044577e-08j), (1.483226792212974137e-07+6.090031684795158512e-08j), (9.741980101139482116e-04+2.292253796848996790e-05j)
 (1.013179253990852818e-02+1.248292137775134638e-03j), (9.854059203932710485e-07+1.748509594545875929e-07j), (3.483131705018922054e-07+2.310865428725879076e-08j), (9.854059203932710485e-07+1.748509594545875929e-07j), (1.108705611327203463e-03+2.878827939332429190e-05j), (1.487929249927093693e-07+6.615535229011231037e-08j), (3.483131705018922054e-07+2.310865428725879076e-08j), (1.487929249927093693e-07+6.615535229011231037e-08j), (9.739237733530749577e-04+2.482808692746759781e-05j)
 (1.009381346599478799e-02+1.345772534070393883e-03j), (9.843289766536289796e-07+1.901232093039893830e-07j), (3.479104981296106024e-07+2.498843999119809993e-08j), (9.843289766536289796e-07+1.901232093039893830e-07j), (1.108386175849551116e-03+3.118324410259740468e-05j), (1.493390446798084856e-07+7.188481438091577053e-08j), (3.479104981296106024e-07+2.498843999119809993e-08j), (1.493390446798084856e-07+7.188481438091577053e-08j), (9.736025301353139639e-04+2.688676759481733151e-05j)
 (1.004974988691651264e-02+1.449457093504349795e-03j), (9.829665909234999964e-07+2.067885375281060912e-07j), (3.474424574051708107e-07+2.700904411302429592e-08j), (9.829665909234999964e-07+2.067885375281060912e-07j), (1.108012094735147911e-03+3.377118832165916252e-05j), (1.499718165058718282e-07+7.813673359653197043e-08j), (3.474424574051708107e-07+2.700904411302429592e-08j), (1.499718165058718282e-07+7.813673359653197043e-08j), (9.732264665795593806e-04+2.910947824472049638e-05j)
 (9.998741148555805036e-03+1.559376443104830293e-03j), (9.812407634589520760e-07+2.249800473994704047e-07j), (3.468993726254083791e-07+2.917803255434429094e-08j), (9.812407634589520760e-07+2.249800473994704047e-07j), (1.107574322123686724e-03+3.656600270161179049e-05j), (1.507029791431753021e-07+8.496513003701428288e-08j), (3.468993726254083791e-07+2.917803255434429094e-08j), (1.507029791431753021e-07+8.496513003701428288e-08j), (9.727865594289232228e-04+3.150751821610888809e-05j)
 (9.939844992352436098e-03+1.675456458067155902e-03j), (9.790527057546963380e-07+2.448416383392471510e-07j), (3.462704451871216112e-07+3.150265870517281332e-08j), (9.790527057546963380e-07+2.448416383392471510e-07j), (1.107062424752197627e-03+3.958214232132040009e-05j), (1.515450784179164111e-07+9.243092656743385500e-08j), (3.462704451871216112e-07+3.150265870517281332e-08j), (1.515450784179164111e-07+9.243092656743385500e-08j), (9.722724214769385732e-04+3.409249668218293597e-05j)
 (9.872044187476919364e-03+1.797491838142936367e-03j), (9.762778847372512353e-07+2.665271837359697659e-07j), (3.455437242600225101e-07+3.398966971698041413e-08j), (9.762778847372512353e-07+2.665271837359697659e-07j), (1.106464408600743663e-03+4.283453022141140375e-05j), (1.525111867396365493e-07+1.006029951420042656e-07j), (3.455437242600225101e-07+3.398966971698041413e-08j), (1.525111867396365493e-07+1.006029951420042656e-07j), (9.716721392066098115e-04+3.687620722874816281e-05j)
 (9.794259405773131713e-03+1.925117172505162993e-03j), (9.727602436583221772e-07+2.901986987004415408e-07j), (3.447061125093127576e-07+3.664508495185031173e-08j), (9.727602436583221772e-07+2.901986987004415408e-07j), (1.105766538037405858e-03+4.633842330263440913e-05j), (1.536144477587553540e-07+1.095593401581877549e-07j), (3.447061125093127576e-07+3.664508495185031173e-08j), (1.536144477587553540e-07+1.095593401581877549e-07j), (9.709721071240632684e-04+3.987046144042360752e-05j)
 (9.705370001815453659e-03+2.057776619432257967e-03j), (9.683056628194670078e-07+3.160230848578189694e-07j), (3.437434181122737313e-07+3.947395164725519166e-08j), (9.683056628194670078e-07+3.160230848578189694e-07j), (1.104953152774802239e-03+5.010923346001279385e-05j), (1.548673876460452710e-07+1.193884132107964567e-07j), (3.437434181122737313e-07+3.947395164725519166e-08j), (1.548673876460452710e-07+1.193884132107964567e-07j), (9.701568654761342407e-04+4.308687434789879104e-05j)
 (9.604244338273877288e-03+2.194694027491631873e-03j), (9.626748577673261610e-07+3.441669508029467266e-07j), (3.426404645014364029e-07+4.248008716291331279e-08j), (9.626748577673261610e-07+3.441669508029467266e-07j), (1.104006490349087330e-03+5.416229664707938564e-05j), (1.562809232612513317e-07+1.301905390288189192e-07j), (3.426404645014364029e-07+4.248008716291331279e-08j), (1.562809232612513317e-07+1.301905390288189192e-07j), (9.692089507915538273e-04+4.653659469611628866e-05j)
 (9.489781027290117299e-03+2.334846158692351591e-03j), (9.555761101663451561e-07+3.747889370193809526e-07j), (3.413812679680645261e-07+4.566582243245733942e-08j), (9.555761101663451561e-07+3.747889370193809526e-07j), (1.102906524744864600e-03+5.851258291846297505e-05j), (1.578629879791239184e-07+1.420794114465840063e-07j), (3.413812679680645261e-07+4.566582243245733942e-08j), (1.578629879791239184e-07+1.420794114465840063e-07j), (9.681087719777430912e-04+5.022997380373693066e-05j)
 (9.360961835218457872e-03+2.476942570288305934e-03j), (9.466584957670832821e-07+4.080289517775697221e-07j), (3.399492898172868823e-07+4.903176701301574692e-08j), (9.466584957670832821e-07+4.080289517775697221e-07j), (1.101630835180913938e-03+6.317434163186421163e-05j), (1.596166906026420577e-07+1.551835900628429792e-07j), (3.399492898172868823e-07+4.903176701301574692e-08j), (1.596166906026420577e-07+1.551835900628429792e-07j), (9.668345284604670841e-04+5.417616861043285761e-05j)
 (9.216915923555035403e-03+2.619416534710964153e-03j), (9.355066125831968312e-07+4.439937909766410892e-07j), (3.383277635804043109e-07+5.257662160626121465e-08j), (9.355066125831968312e-07+4.439937909766410892e-07j), (1.100154522826822957e-03+6.816067819150933751e-05j), (1.615379251354390524e-07+1.696478926343200416e-07j), (3.383277635804043109e-07+5.257662160626121465e-08j), (1.615379251354390524e-07+1.696478926343200416e-07j), (9.653621908734704490e-04+5.838267770980333325e-05j)
 (9.056993520983359913e-03+2.760431916165352172e-03j), (9.216381987193883255e-07+4.827388220643389900e-07j), (3.365000885393233779e-07+5.629706782246201300e-08j), (9.216381987193883255e-07+4.827388220643389900e-07j), (1.098450197114508257e-03+7.348306229922223274e-05j), (1.636123636047112631e-07+1.856345365173127385e-07j), (3.365000885393233779e-07+5.629706782246201300e-08j), (1.636123636047112631e-07+1.856345365173127385e-07j), (9.636655687262888790e-04+6.285481411915027304e-05j)
 (8.880845082706124993e-03+2.897910902184978703e-03j), (9.045064113971275278e-07+5.242458159504759579e-07j), (3.344502687682772530e-07+6.018776558109521798e-08j), (9.045064113971275278e-07+5.242458159504759579e-07j), (1.096488056977607808e-03+7.915077295668147535e-05j), (1.658117954194905527e-07+2.033238380649524148e-07j), (3.344502687682772530e-07+6.018776558109521798e-08j), (1.658117954194905527e-07+2.033238380649524148e-07j), (9.617164927265938390e-04+6.759512558117130871e-05j)
 (8.688499684482724542e-03+3.029586609272470060e-03j), (8.835088260701565936e-07+5.683976563259550085e-07j), (3.321633632420692061e-07+6.424148397798015572e-08j), (8.835088260701565936e-07+5.683976563259550085e-07j), (1.094236095268436536e-03+8.517029269999496464e-05j), (1.680898291244814245e-07+2.229142380834522766e-07j), (3.321633632420692061e-07+6.424148397798015572e-08j), (1.680898291244814245e-07+2.229142380834522766e-07j), (9.594851411897177334e-04+7.260278253866552021e-05j)
 (8.480434196443696615e-03+3.153082601516299203e-03j), (8.580052762110748478e-07+6.149515537474635423e-07j), (3.296258996667999208e-07+6.844938013525319702e-08j), (8.580052762110748478e-07+6.149515537474635423e-07j), (1.091660456054597671e-03+9.154467291262308713e-05j), (1.703770479226679628e-07+2.446213935654419792e-07j), (3.296258996667999208e-07+6.844938013525319702e-08j), (1.703770479226679628e-07+2.446213935654419792e-07j), (9.569405391600158779e-04+7.787296553728365977e-05j)
 (8.257623238020237594e-03+3.266018211983441524e-03j), (8.273463314777279970e-07+6.635134884995248597e-07j), (3.268261960655149155e-07+7.280142198649417884e-08j), (8.273463314777279970e-07+6.635134884995248597e-07j), (1.088725973571214988e-03+9.827290355703490778e-05j), (1.725758069223635120e-07+2.686760726553701830e-07j), (3.268261960655149155e-07+7.280142198649417884e-08j), (1.725758069223635120e-07+2.686760726553701830e-07j), (9.540512542066719110e-04+8.339629725950551613e-05j)
 (8.021559671365325467e-03+3.366134468712729880e-03j), (7.909133505028554644e-07+7.135177545696541728e-07j), (3.237545339092872249e-07+7.728692655199889657e-08j), (7.909133505028554644e-07+7.135177545696541728e-07j), (1.085396917167867886e-03+1.053493340267697961e-04j), (1.745549696462158453e-07+2.953206233055251118e-07j), (3.237545339092872249e-07+7.728692655199889657e-08j), (1.745549696462158453e-07+2.953206233055251118e-07j), (9.507863029370001518e-04+8.915837866615327267e-05j)
 (7.774237001373546924e-03+3.451431003583854597e-03j), (7.481695503447252215e-07+7.642164233102907123e-07j), (3.204031382944382194e-07+8.189515897815361823e-08j), (7.481695503447252215e-07+7.642164233102907123e-07j), (1.081637957288871096e-03+1.127632063756094501e-04j), (1.761449889331909445e-07+3.248038656084013077e-07j), (3.204031382944382194e-07+8.189515897815361823e-08j), (1.761449889331909445e-07+3.248038656084013077e-07j), (9.471162657776666018e-04+9.513950205191491858e-05j)
 (7.518088751223579030e-03+3.520300501879253079e-03j), (6.987194422304148654e-07+8.146839482569712817e-07j), (3.167659457340386509e-07+8.661591582038213640e-08j), (6.987194422304148654e-07+8.146839482569712817e-07j), (1.077415351842359904e-03+1.204983766060821189e-04j), (1.771338221405236586e-07+3.573743855367459865e-07j), (3.167659457340386509e-07+8.661591582038213640e-08j), (1.771338221405236586e-07+3.573743855367459865e-07j), (9.430145836178321700e-04+1.013146235297272802e-04j)
 (7.255885379128318262e-03+3.571645112349192911e-03j), (6.423715171000517415e-07+8.638416286063861365e-07j), (3.128381761894426658e-07+9.144000626769322098e-08j), (6.423715171000517415e-07+8.638416286063861365e-07j), (1.072698328769994269e-03+1.285333116969149801e-04j), (1.772642095939225177e-07+3.932723752481098334e-07j), (3.128381761894426658e-07+9.144000626769322098e-08j), (1.772642095939225177e-07+3.932723752481098334e-07j), (9.384589785343837092e-04+1.076536799094919420e-04j)
 (6.990595696667337156e-03+3.604959671774554415e-03j), (5.791966615493861612e-07+9.105049623017023433e-07j), (3.086157660967387995e-07+9.635955360887501327e-08j), (5.791966615493861612e-07+9.105049623017023433e-07j), (1.067460608293745563e-03+1.368414559933343866e-04j), (1.762328196578213965e-07+4.327203516737219353e-07j), (3.086157660967387995e-07+9.635955360887501327e-08j), (1.762328196578213965e-07+4.327203516737219353e-07j), (9.334329037079289008e-04+1.141223257405859424e-04j)
 (6.725225689702686929e-03+3.620369944528326230e-03j), (5.095730481769314399e-07+9.534539935344587680e-07j), (3.040947527343480230e-07+1.013680684192957813e-07j), (5.095730481769314399e-07+9.534539935344587680e-07j), (1.061681967729241442e-03+1.453920553882071703e-04j), (1.736916655150175190e-07+4.759132610110008422e-07j), (3.040947527343480230e-07+1.013680684192957813e-07j), (1.736916655150175190e-07+4.759132610110008422e-07j), (9.279268888919816466e-04+1.206831409572518078e-04j)
 (6.462651696201735831e-03+3.618619899254471670e-03j), (4.342078165508476414e-07+9.915228615074557208e-07j), (2.992707158545743516e-07+1.064602905592609098e-07j), (4.342078165508476414e-07+9.915228615074557208e-07j), (1.055349706224082817e-03+1.541515053068545681e-04j), (1.692520350565984309e-07+5.230086098552121152e-07j), (2.992707158545743516e-07+1.064602905592609098e-07j), (1.692520350565984309e-07+5.230086098552121152e-07j), (9.219396145386757899e-04+1.272973148364756133e-04j)
 (6.205466020129030147e-03+3.601009169130470113e-03j), (3.541272370350970662e-07+1.023700507635950723e-06j), (2.941383718793164225e-07+1.116318482528322619e-07j), (3.541272370350970662e-07+1.023700507635950723e-06j), (1.048459823647863087e-03+1.630852433049122566e-04j), (1.624909687035086526e-07+5.741173287674063482e-07j), (2.941383718793164225e-07+1.116318482528322619e-07j), (1.624909687035086526e-07+5.741173287674063482e-07j), (9.154785299242604573e-04+1.339267478017134064e-04j)
 (5.955850980462072154e-03+3.569288697365599183e-03j), (2.706303847443304129e-07+1.049230782186991533e-06j), (2.886913781635623223e-07+1.168788243748970412e-07j), (2.706303847443304129e-07+1.049230782186991533e-06j), (1.041017698921994049e-03+1.721601367294640190e-04j), (1.529601025735949497e-07+6.292960604423885315e-07j), (2.886913781635623223e-07+1.168788243748970412e-07j), (1.529601025735949497e-07+6.292960604423885315e-07j), (9.085598397523105213e-04+1.405364344244650673e-04j)
 (5.715492693944538086e-03+3.525527688330401879e-03j), (1.852063341746999546e-07+1.067697959855828398e-06j), (2.829223478284290716e-07+1.221973385175738187e-07j), (1.852063341746999546e-07+1.067697959855828398e-06j), (1.033038053105126428e-03+1.813472245575465996e-04j), (1.401964986145521289e-07+6.885414792901584037e-07j), (2.829223478284290716e-07+1.221973385175738187e-07j), (1.401964986145521289e-07+6.885414792901584037e-07j), (9.012077292517606556e-04+1.470969112287097186e-04j)
 (5.485539788365556210e-03+3.471967460168826070e-03j), (9.942073988134668228e-08+1.079083683861760062e-06j), (2.768230146700362952e-07+1.275832405363946340e-07j), (9.942073988134668228e-08+1.079083683861760062e-06j), (1.024544025297799942e-03+1.906245735083200948e-04j), (1.237349330718457426e-07+7.517871137945912252e-07j), (2.768230146700362952e-07+1.275832405363946340e-07j), (1.237349330718457426e-07+7.517871137945912252e-07j), (8.934527827576604301e-04+1.535864903804849333e-04j)
 (5.266606154500931211e-03+3.410877497742328349e-03j), (1.478329797289285768e-08+1.083783934238757264e-06j), (2.703844402878683581e-07+1.330319686292021851e-07j), (1.478329797289285768e-08+1.083783934238757264e-06j), (1.015565281618604479e-03+1.999799240853823018e-04j), (1.031210199903268644e-07+8.189029865056366748e-07j), (2.703844402878683581e-07+1.330319686292021851e-07j), (1.031210199903268644e-07+8.189029865056366748e-07j), (8.853296673962296644e-04+1.599929762886270312e-04j)
 (5.058811930687567675e-03+3.344426499274119179e-03j), (-6.738817220498711785e-08+1.082579518322439657e-06j), (2.635971358823794084e-07+1.385385634529322573e-07j), (-6.738817220498711785e-08+1.082579518322439657e-06j), (1.006135212880990846e-03+2.094127591638478270e-04j), (7.792450252546468223e-08+8.896982370841258200e-07j), (2.635971358823794084e-07+1.385385634529322573e-07j), (7.792450252546468223e-08+8.896982370841258200e-07j), (8.768742816448423568e-04+1.663145933682786727e-04j)
 (4.861853801884465261e-03+3.274577448883450245e-03j), (-1.460893557349158508e-07+1.076560032371913807e-06j), (2.564509850909334568e-07+1.440977652685099924e-07j), (-1.460893557349158508e-07+1.076560032371913807e-06j), (9.962874332298220226e-04+2.189354490885828803e-04j), (4.775203406506019764e-08+9.639267713777066184e-07j), (2.564509850909334568e-07+1.440977652685099924e-07j), (4.775203406506019764e-08+9.639267713777066184e-07j), (8.681206788857466668e-04+1.725599444396540858e-04j)
 (4.675094437741169999e-03+3.203011709151923347e-03j), (-2.207199541643966268e-07+1.067008108978152049e-06j), (2.489348986121294550e-07+1.497040691653982315e-07j), (-2.207199541643966268e-07+1.067008108978152049e-06j), (9.860519354519677818e-04+2.285732224534963331e-04j), (1.225876713814930614e-08+1.041295889739992444e-06j), (2.489348986121294550e-07+1.497040691653982315e-07j), (1.225876713814930614e-08+1.041295889739992444e-06j), (8.590981382659471739e-04+1.787469581536938910e-04j)
 (4.497661122952322822e-03+3.131083543425817583e-03j), (-2.911297747865726497e-07+1.055256834583960598e-06j), (2.410361966504076537e-07+1.553515843753422954e-07j), (-2.911297747865726497e-07+1.055256834583960598e-06j), (9.754513514019262296e-04+2.383628700765289920e-04j), (-2.884195789005591188e-08+1.121477777025899452e-06j), (2.410361966504076537e-07+1.553515843753422954e-07j), (-2.884195789005591188e-08+1.121477777025899452e-06j), (8.498287482896759457e-04+1.849009421279882218e-04j)
 (4.328544796968603232e-03+3.059803713714731241e-03j), (-3.576126695534308711e-07+1.042537491366368982e-06j), (2.327397900876791969e-07+1.610335412129945745e-07j), (-3.576126695534308711e-07+1.042537491366368982e-06j), (9.644977798153873180e-04+2.483502805775471907e-04j), (-7.577160040705187700e-08+1.204123649343842398e-06j), (2.327397900876791969e-07+1.610335412129945745e-07j), (-7.577160040705187700e-08+1.204123649343842398e-06j), (8.403257894952346520e-04+1.910519993222887895e-04j)
 (4.166692303887558832e-03+2.989848894175789213e-03j), (-4.208473128564362338e-07+1.029836647009152749e-06j), (2.240273066564251197e-07+1.667413121363496638e-07j), (-4.208473128564362338e-07+1.029836647009152749e-06j), (9.531905703402294983e-04+2.585870871094849452e-04j), (-1.286829660284718452e-07+1.288880195715185391e-06j), (2.240273066564251197e-07+1.667413121363496638e-07j), (-1.286829660284718452e-07+1.288880195715185391e-06j), (8.305930683769629673e-04+1.972321547591428226e-04j)
 (4.011086311778560079e-03+2.921592424857901230e-03j), (-4.817906686221308927e-07+1.017780937485834603e-06j), (2.148763783984728784e-07+1.724628603106161359e-07j), (-4.817906686221308927e-07+1.017780937485834603e-06j), (9.415153068365228516e-04+2.691268352432221451e-04j), (-1.876612975049185574e-07+1.375407671679645024e-06j), (2.148763783984728784e-07+1.724628603106161359e-07j), (-1.876612975049185574e-07+1.375407671679645024e-06j), (8.206251977663308293e-04+2.034725579741809441e-04j)
 (3.860808951997276445e-03+2.855151181995123182e-03j), (-5.415361414010558545e-07+1.006564881894771306e-06j), (2.052603663501430160e-07+1.781806004455235583e-07j), (-5.415361414010558545e-07+1.006564881894771306e-06j), (9.294440482939634197e-04+2.800211346693128999e-04j), (-2.527309096924389813e-07+1.463398567767913113e-06j), (2.052603663501430160e-07+1.781806004455235583e-07j), (-2.527309096924389813e-07+1.463398567767913113e-06j), (8.104086767675568008e-04+2.098010732053476465e-04j)
 (3.715086766333881158e-03+2.790442899524880546e-03j), (-6.011531907789879161e-07+9.959321649397553808e-07j), (1.951488392320499112e-07+1.838687561011213395e-07j), (-6.011531907789879161e-07+9.959321649397553808e-07j), (9.169367031744743001e-04+2.913162260338655754e-04j), (-3.238681795241711585e-07+1.552595217089741533e-06j), (1.951488392320499112e-07+1.838687561011213395e-07j), (-3.238681795241711585e-07+1.552595217089741533e-06j), (7.999235276665672516e-04+2.162404628624132498e-04j)
 (3.573316105028473758e-03+2.727248104345860336e-03j), (-6.615281593789508017e-07+9.852145307672910293e-07j), (1.845091296625958039e-07+1.894904268565149201e-07j), (-6.615281593789508017e-07+9.852145307672910293e-07j), (9.039432694016018722e-04+3.030502931461136326e-04j), (-4.010212051500891600e-07+1.642804130173048956e-06j), (1.845091296625958039e-07+1.894904268565149201e-07j), (-4.010212051500891600e-07+1.642804130173048956e-06j), (7.891452151173702001e-04+2.228072413591756975e-04j)
 (3.435069719939507112e-03+2.665270999055747384e-03j), (-7.232268715813325588e-07+9.734253020896666497e-07j), (1.733092425835986445e-07+1.949947312133229816e-07j), (-7.232268715813325588e-07+9.734253020896666497e-07j), (8.904065911922184971e-04+3.152517085465637685e-04j), (-4.841355995046480582e-07+1.733904432842374496e-06j), (1.733092425835986445e-07+1.949947312133229816e-07j), (-4.841355995046480582e-07+1.733904432842374496e-06j), (7.780466032129209220e-04+2.295111602502062850e-04j)
 (3.300086860647984989e-03+2.604194253749609646e-03j), (-7.863979115002264706e-07+9.593972225621373952e-07j), (1.615222646309733582e-07+2.003145458814041889e-07j), (-7.863979115002264706e-07+9.593972225621373952e-07j), (8.762652719678774588e-04+3.279382510149331264e-04j), (-5.731847488395055966e-07+1.825847749457194128e-06j), (1.615222646309733582e-07+2.003145458814041889e-07j), (-5.731847488395055966e-07+1.825847749457194128e-06j), (7.665997806569018304e-04+2.363552097767136556e-04j)
 (3.168250507717132285e-03+2.543723805352564055e-03j), (-8.507312158118357723e-07+9.419476571905789307e-07j), (1.491322090790053888e-07+2.053654817351964450e-07j), (-8.507312158118357723e-07+9.419476571905789307e-07j), (8.614564297602137714e-04+3.411172079507058023e-04j), (-6.682016440064521105e-07+1.918647396581364579e-06j), (1.491322090790053888e-07+2.053654817351964450e-07j), (-6.682016440064521105e-07+1.918647396581364579e-06j), (7.547776737300216287e-04+2.433360004007599400e-04j)
 (3.039556219360030689e-03+2.483621320126085889e-03j), (-9.154798408520243978e-07+9.200492097797423992e-07j), (1.361409396942677676e-07+2.100467729606790351e-07j), (-9.154798408520243978e-07+9.200492097797423992e-07j), (8.459180653726859709e-04+3.547861946382376030e-04j), (-7.693083835519915810e-07+2.012355888443597998e-06j), (1.361409396942677676e-07+2.100467729606790351e-07j), (-7.693083835519915810e-07+2.012355888443597998e-06j), (7.425554390925229696e-04+2.504444167401400126e-04j)
 (2.914077241192842768e-03+2.423723706478889302e-03j), (-9.795440827868441950e-07+8.929816143174076749e-07j), (1.225754884214199289e-07+2.142446625894634250e-07j), (-9.795440827868441950e-07+8.929816143174076749e-07j), (8.295909053068203443e-04+3.689344926610142674e-04j), (-8.767389800132433140e-07+2.107031383078192499e-06j), (1.225754884214199289e-07+2.142446625894634250e-07j), (-8.767389800132433140e-07+2.107031383078192499e-06j), (7.299116591997271107e-04+2.576664944577054480e-04j)
 (2.791930013143564988e-03+2.363950634149225398e-03j), (-1.041607704661324683e-06+8.604421758530207779e-07j), (1.084947836259528217e-07+2.178386182573906148e-07j), (-1.041607704661324683e-06+8.604421758530207779e-07j), (8.124196540661609211e-04+3.835447214003574593e-04j), (-9.908514144428845728e-07+2.202695510568022533e-06j), (1.084947836259528217e-07+2.178386182573906148e-07j), (-9.908514144428845728e-07+2.202695510568022533e-06j), (7.168293439521315237e-04+2.649845263798698228e-04j)
 (2.673243180690564567e-03+2.304302117625915344e-03j), (-1.100307458176331111e-06+8.225973446180462401e-07j), (9.399461953594382830e-08+2.207103155440068576e-07j), (-1.100307458176331111e-06+8.225973446180462401e-07j), (7.943536274229697283e-04+3.985946863183858569e-04j), (-1.112126028123434390e-06+2.299286598767413159e-06j), (9.399461953594382830e-08+2.207103155440068576e-07j), (-1.112126028123434390e-06+2.299286598767413159e-06j), (7.032966852644829178e-04+2.723784258429686757e-04j)
 (2.558131998432139863e-03+2.244848705045236412e-03j), (-1.154411098139925328e-06+7.800666568956433368e-07j), (7.920969845755755871e-08+2.227548349500172695e-07j), (-1.154411098139925328e-06+7.800666568956433368e-07j), (7.753467406964320314e-04+4.140592664120984240e-04j), (-1.241149120430002579e-06+2.396613231019305878e-06j), (7.920969845755755871e-08+2.227548349500172695e-07j), (-1.241149120430002579e-06+2.396613231019305878e-06j), (6.893074462767691257e-04+2.798273437481089867e-04j)
 (2.446678938046132831e-03+2.185716736842246381e-03j), (-1.202977055107672341e-06+7.338408924751062512e-07j), (6.431180861523726473e-08+2.238930233708005138e-07j), (-1.202977055107672341e-06+7.338408924751062512e-07j), (7.553568145387173959e-04+4.299121877694739736e-04j), (-1.378582630623292276e-06+2.494313068365797066e-06j), (6.431180861523726473e-08+2.238930233708005138e-07j), (-1.378582630623292276e-06+2.494313068365797066e-06j), (6.748608315320968679e-04+2.873114533103498700e-04j)
 (2.338920600333482119e-03+2.127070730198851040e-03j), (-1.245471491572992170e-06+6.851469360271248737e-07j), (4.950365434015062407e-08+2.240835823455021211e-07j), (-1.245471491572992170e-06+6.851469360271248737e-07j), (7.343441687107660079e-04+4.461274757088963669e-04j), (-1.525122511122400328e-06+2.591820936707851072e-06j), (4.950365434015062407e-08+2.240835823455021211e-07j), (-1.525122511122400328e-06+2.591820936707851072e-06j), (6.599607097850024914e-04+2.948137087797575396e-04j)
 (2.234840713514240837e-03+2.069094493123550295e-03j), (-1.281825284420110531e-06+6.352804265019278141e-07j), (3.500846649207112610e-08+2.233332643180028336e-07j), (-1.281825284420110531e-06+6.352804265019278141e-07j), (7.122695345580761558e-04+4.626803046369575684e-04j), (-1.681449403266110081e-06+2.688348594128486471e-06j), (3.500846649207112610e-08+2.233332643180028336e-07j), (-1.681449403266110081e-06+2.688348594128486471e-06j), (6.446141582542731351e-04+3.023212937862401078e-04j)
 (2.134368935699907516e-03+2.011972292191331786e-03j), (-1.312423290145276651e-06+5.854321630200219860e-07j), (2.105617784652669312e-08+2.217036462559132943e-07j), (-1.312423290145276651e-06+5.854321630200219860e-07j), (6.890914443763401613e-04+4.795469140034997499e-04j), (-1.848175273334197407e-06+2.782876848684587218e-06j), (2.105617784652669312e-08+2.217036462559132943e-07j), (-1.848175273334197407e-06+2.782876848684587218e-06j), (6.288294494849062380e-04+3.098264457337853556e-04j)
 (2.037385145585192403e-03+1.955871352401152181e-03j), (-1.338029165303883618e-06+5.365345309406503858e-07j), (7.867520512352846325e-09+2.193133080135407270e-07j), (-1.338029165303883618e-06+5.365345309406503858e-07j), (6.647634355860672882e-04+4.967032790875437970e-04j), (-2.025788838968461582e-06+2.874159352070625483e-06j), (7.867520512352846325e-09+2.193133080135407270e-07j), (-2.025788838968461582e-06+2.874159352070625483e-06j), (6.126137675700869421e-04+3.173264039751503597e-04j)
 (1.943728714077009798e-03+1.900927059051791624e-03j), (-1.359658956798320570e-06+4.891500271525601642e-07j), (-4.362222731707963169e-09+2.163348081511787080e-07j), (-1.359658956798320570e-06+4.891500271525601642e-07j), (6.392315935596794675e-04+5.141223517581962419e-04j), (-2.214601305564231000e-06+2.960736888284743110e-06j), (-4.362222731707963169e-09+2.163348081511787080e-07j), (-2.214601305564231000e-06+2.960736888284743110e-06j), (5.959710645493345631e-04+3.248223819615630201e-04j)
 (1.853211834242762118e-03+1.847232270034424159e-03j), (-1.378423870246497374e-06+4.434163304095028537e-07j), (-1.547796896765082714e-08+2.129865157124274088e-07j), (-1.378423870246497374e-06+4.434163304095028537e-07j), (6.124330843764565690e-04+5.317699221505583574e-04j), (-2.414692729777698355e-06+3.040961463374911871e-06j), (-1.547796896765082714e-08+2.129865157124274088e-07j), (-2.414692729777698355e-06+3.040961463374911871e-06j), (5.789005014976087706e-04+3.323176756116498465e-04j)
 (1.765635425400802899e-03+1.794831947869629995e-03j), (-1.395365982636039439e-06+3.990529413880054025e-07j), (-2.537639676762835537e-08+2.095200033799191290e-07j), (-1.395365982636039439e-06+3.990529413880054025e-07j), (5.842963361276322289e-04+5.495994617295706011e-04j), (-2.625858836023968805e-06+3.113030771678887604e-06j), (-2.537639676762835537e-08+2.095200033799191290e-07j), (-2.625858836023968805e-06+3.113030771678887604e-06j), (5.613958370992513675e-04+3.398152360517428614e-04j)
 (1.680805602553066963e-03+1.743723789500561472e-03j), (-1.411309977956056277e-06+3.554250639021700655e-07j), (-3.401299711998691927e-08+2.062042368438273714e-07j), (-1.411309977956056277e-06+3.554250639021700655e-07j), (5.547433784467127810e-04+5.675466239066377693e-04j), (-2.847558737862876474e-06+3.175035123580221087e-06j), (-3.401299711998691927e-08+2.062042368438273714e-07j), (-2.847558737862876474e-06+3.175035123580221087e-06j), (5.434459382051646387e-04+3.473151917852033369e-04j)
 (1.598548427477707728e-03+1.693864705011682284e-03j), (-1.426749866642459751e-06+3.116527159633727803e-07j), (-4.140379728741304535e-08+2.033081498827473976e-07j), (-1.426749866642459751e-06+3.116527159633727803e-07j), (5.236945478615148393e-04+5.855243192183092566e-04j), (-3.078865806208708197e-06+3.225019942656023799e-06j), (-4.140379728741304535e-08+2.033081498827473976e-07j), (-3.078865806208708197e-06+3.225019942656023799e-06j), (5.250363334756783787e-04+3.548128528066566497e-04j)
 (1.518720795021747533e-03+1.645182033751240542e-03j), (-1.441783277417860106e-06+2.667480665649920477e-07j), (-4.762150362190233488e-08+2.010833599678951852e-07j), (-1.441783277417860106e-06+2.667480665649920477e-07j), (4.910753552173420826e-04+6.034193756897986106e-04j), (-3.318426504415333573e-06+3.261066782996301319e-06j), (-4.762150362190233488e-08+2.010833599678951852e-07j), (-3.318426504415333573e-06+3.261066782996301319e-06j), (5.061514754206445157e-04+3.622976443304697612e-04j)
 (1.441215909732307746e-03+1.597587522458972491e-03j), (-1.456098646786195951e-06+2.197620063661599301e-07j), (-5.278636753976241654e-08+1.997487673388305159e-07j), (-1.456098646786195951e-06+2.197620063661599301e-07j), (4.568248657357176952e-04+6.210916958595917841e-04j), (-3.564434638303541660e-06+3.281394050214373296e-06j), (-5.278636753976241654e-08+1.997487673388305159e-07j), (-3.564434638303541660e-06+3.281394050214373296e-06j), (4.867771850243304702e-04+3.697532120283333217e-04j)
 (1.365962790834441415e-03+1.550991564372499517e-03j), (-1.469013680053957169e-06+1.699216853956367283e-07j), (-5.705259302012622483e-08+1.994786144619308853e-07j), (-1.469013680053957169e-06+1.699216853956367283e-07j), (4.209045530142778652e-04+6.383765216198060118e-04j), (-3.814630220205356584e-06+3.284475240540900025e-06j), (-5.705259302012622483e-08+1.994786144619308853e-07j), (-3.814630220205356584e-06+3.284475240540900025e-06j), (4.669026810844090821e-04+3.771586571926668734e-04j)
 (1.292920403241642688e-03+1.505315181473816134e-03j), (-1.479557648382109996e-06+1.167435295685604253e-07j), (-6.059154623469010380e-08+2.003952809561278779e-07j), (-1.479557648382109996e-06+1.167435295685604253e-07j), (3.833063458613690912e-04+6.550899488146486776e-04j), (-4.066332153880659723e-06+3.269168058597711275e-06j), (-6.059154623469010380e-08+2.003952809561278779e-07j), (-4.066332153880659723e-06+3.269168058597711275e-06j), (4.465216716340649492e-04+3.844905647232799931e-04j)
 (1.222068074282742917e-03+1.460497768059105519e-03j), (-1.486585837554550842e-06+6.011032501262463032e-08j), (-6.357337020526173404e-08+2.025676706622131492e-07j), (-1.486585837554550842e-06+6.011032501262463032e-08j), (3.440585654300918044e-04+6.710372671970611137e-04j), (-4.316511675826700119e-06+3.234843195449168042e-06j), (-6.357337020526173404e-08+2.025676706622131492e-07j), (-4.316511675826700119e-06+3.234843195449168042e-06j), (4.256322012668719906e-04+3.917252530896718813e-04j)
 (1.153394552646477486e-03+1.416499596989157428e-03j), (-1.488911881115178750e-06+3.056788236965629232e-10j), (-6.614881673422328601e-08+2.060155347559094475e-07j), (-1.488911881115178750e-06+3.056788236965629232e-10j), (3.032286905762899502e-04+6.860231435121074859e-04j), (-4.561908950252305665e-06+3.181498037023484756e-06j), (-6.614881673422328601e-08+2.060155347559094475e-07j), (-4.561908950252305665e-06+3.181498037023484756e-06j), (4.042352639641165913e-04+3.988405686307703690e-04j)
 (1.086888217628784181e-03+1.373299287957764972e-03j), (-1.485442736652814027e-06-6.199595910280436721e-08j), (-6.843315239998085277e-08+2.107195107196761632e-07j), (-1.485442736652814027e-06-6.199595910280436721e-08j), (2.609223817643927966e-04+6.998622419193351388e-04j), (-4.799189058963577534e-06+3.109839236716658365e-06j), (-6.843315239998085277e-08+2.107195107196761632e-07j), (-4.799189058963577534e-06+3.109839236716658365e-06j), (3.823325350609871462e-04+4.058166059870442141e-04j)
 (1.022530516312406684e-03+1.330887555831554393e-03j), (-1.475301599709344419e-06-1.257808512749810360e-07j), (-7.049385737860059933e-08+2.166360976127736934e-07j), (-1.475301599709344419e-06-1.257808512749810360e-07j), (2.172788644359160797e-04+7.123887072006317113e-04j), (-5.025127040364315020e-06+3.021319601834915757e-06j), (-7.049385737860059933e-08+2.166360976127736934e-07j), (-5.025127040364315020e-06+3.021319601834915757e-06j), (3.599238632321023930e-04+4.126349625122876391e-04j)
 (9.602938104041457840e-04+1.289259326410899026e-03j), (-1.457925987585740628e-06-1.897820768639173672e-07j), (-7.234352266178698957e-08+2.237162975154793519e-07j), (-1.457925987585740628e-06-1.897820768639173672e-07j), (1.724634854630052770e-04+7.234631018434544954e-04j), (-5.236806043924010870e-06+2.918119103089649553e-06j), (-7.234352266178698957e-08+2.237162975154793519e-07j), (-5.236806043924010870e-06+2.918119103089649553e-06j), (3.370053162610347521e-04+4.192764846914908295e-04j)
 (9.001436846303237371e-04+1.248406555284540219e-03j), (-1.433131404297831058e-06-2.525898338229179097e-07j), (-7.393889745117734844e-08+2.319262889183599184e-07j), (-1.433131404297831058e-06-2.525898338229179097e-07j), (1.266588369865141468e-04+7.329758913223433743e-04j), (-5.431809341477490396e-06+2.803066275837888439e-06j), (-7.393889745117734844e-08+2.319262889183599184e-07j), (-5.431809341477490396e-06+2.803066275837888439e-06j), (3.135685443467539418e-04+4.257178619189406696e-04j)
 (8.420446816327174094e-04+1.208313779167726571e-03j), (-1.401135127658363628e-06-3.127734465185827078e-07j), (-7.518649718340176941e-08+2.412682907322032648e-07j), (-1.401135127658363628e-06-3.127734465185827078e-07j), (8.005612476380324569e-05+7.408473204462708538e-04j), (-5.608386587766177832e-06+2.679503563756872047e-06j), (-7.518649718340176941e-08+2.412682907322032648e-07j), (-5.608386587766177832e-06+2.679503563756872047e-06j), (2.896020063575641297e-04+4.319277752481035328e-04j)
 (7.859676323678423809e-04+1.168957668511776734e-03j), (-1.362539282532143856e-06-3.690018893804863053e-07j), (-7.595461130366209173e-08+2.517997373040123178e-07j), (-1.362539282532143856e-06-3.690018893804863053e-07j), (3.284834076033448132e-05+7.470243416633656720e-04j), (-5.765577314859470766e-06+2.551106841087594808e-06j), (-7.595461130366209173e-08+2.517997373040123178e-07j), (-5.765577314859470766e-06+2.551106841087594808e-06j), (2.650942367584771964e-04+4.378635320180884706e-04j)
 (7.318964100454031230e-04+1.130310832127838679e-03j), (-1.318276900891293172e-06-4.201504656077763214e-07j), (-7.609099912840057228e-08+2.636490037594527497e-07j), (-1.318276900891293172e-06-4.201504656077763214e-07j), (-1.477371477995857198e-05+7.514759289632343912e-04j), (-5.903279466968478552e-06+2.421674305521288538e-06j), (-7.609099912840057228e-08+2.636490037594527497e-07j), (-5.903279466968478552e-06+2.421674305521288538e-06j), (2.400388864378262804e-04+4.434691555680584816e-04j)
 (6.798321016830335267e-04+1.092349089483277179e-03j), (-1.269528534274262322e-06-4.653834790442457945e-07j), (-7.544507226834874100e-08+2.770261778563760271e-07j), (-1.269528534274262322e-06-4.653834790442457945e-07j), (-6.262231000790587261e-05+7.541884491220917676e-04j), (-6.022256749180314304e-06+2.294902598765005579e-06j), (-7.544507226834874100e-08+2.770261778563760271e-07j), (-6.022256749180314304e-06+2.294902598765005579e-06j), (2.144408377928978685e-04+4.486757345746554939e-04j)
 (6.297932028466613624e-04+1.055060603992318642e-03j), (-1.217619719621878944e-06-5.042059442815079496e-07j), (-7.389296750152937082e-08+2.922277531215754515e-07j), (-1.217619719621878944e-06-5.042059442815079496e-07j), (-1.105111734334566012e-04+7.551626614560501749e-04j), (-6.124084610778625955e-06+2.174168429575363658e-06j), (-7.389296750152937082e-08+2.922277531215754515e-07j), (-6.124084610778625955e-06+2.174168429575363658e-06j), (1.883223600727859225e-04+4.534044893664940213e-04j)
 (5.818113422256694645e-04+1.018454832974703336e-03j), (-1.163910958104831476e-06-5.364811203843168311e-07j), (-7.136364891053471277e-08+3.096345917495812027e-07j), (-1.163910958104831476e-06-5.364811203843168311e-07j), (-1.582527287552590485e-04+7.544133935088552772e-04j), (-6.211040060945952381e-06+2.062332594277829353e-06j), (-7.136364891053471277e-08+3.096345917495812027e-07j), (-6.211040060945952381e-06+2.062332594277829353e-06j), (1.617281068081371847e-04+4.575725366542422062e-04j)
 (5.359230193960496519e-04+9.825692758755988181e-04j), (-1.109691818550523039e-06-5.624144494702641263e-07j), (-6.786407689226190183e-08+3.297030458387443879e-07j), (-1.109691818550523039e-06-5.624144494702641263e-07j), (-2.056558601330436831e-04+7.519721256303229335e-04j), (-6.285944874199510322e-06+1.961580664017075065e-06j), (-6.786407689226190183e-08+3.297030458387443879e-07j), (-6.285944874199510322e-06+1.961580664017075065e-06j), (1.347278094951280059e-04+4.611008091296661410e-04j)
 (4.921586693075394314e-04+9.474724606104649016e-04j), (-1.056089459962746884e-06-5.825079213782290847e-07j), (-6.350157046257986997e-08+3.529496804882747344e-07j), (-1.056089459962746884e-06-5.825079213782290847e-07j), (-2.525258036755503432e-04+7.478918254400915896e-04j), (-6.351975016780092276e-06+1.873311150512229331e-06j), (-6.350157046257986997e-08+3.529496804882747344e-07j), (-6.351975016780092276e-06+1.873311150512229331e-06j), (1.074158023474842700e-04+4.639231088590791232e-04j)
 (4.505308751053226091e-04+9.132623665068125007e-04j), (-1.003999527438416334e-06-5.974916434399677225e-07j), (-5.850177158960514881e-08+3.799305462185727857e-07j), (-1.003999527438416334e-06-5.974916434399677225e-07j), (-2.986672374327805409e-04+7.422526390380571656e-04j), (-6.412451304990431790e-06+1.798077890382775499e-06j), (-5.850177158960514881e-08+3.799305462185727857e-07j), (-6.412451304990431790e-06+1.798077890382775499e-06j), (7.990699084034827687e-05+4.659949432923964617e-04j)
 (4.110236523835967409e-04+8.800603458918586667e-04j), (-9.540443328992728337e-07-6.082412222586498598e-07j), (-5.322106395123635736e-08+4.112163214559516358e-07j), (-9.540443328992728337e-07-6.082412222586498598e-07j), (-3.438908229060971215e-04+7.351666628996878210e-04j), (-6.470627282962026147e-06+1.735588842525749460e-06j), (-5.322106395123635736e-08+4.112163214559516358e-07j), (-6.470627282962026147e-06+1.735588842525749460e-06j), (5.232947487452722663e-05+4.673006929772689669e-04j)
 (3.735844471832415470e-04+8.480013734223550235e-04j), (-9.065598706112787346e-07-6.156902998435009809e-07j), (-4.815283177554783016e-08+4.473648333506654056e-07j), (-9.065598706112787346e-07-6.156902998435009809e-07j), (-3.880225502620967583e-04+7.267800864044188887e-04j), (-6.529489869783660807e-06+1.684758732785959290e-06j), (-4.815283177554783016e-08+4.473648333506654056e-07j), (-6.529489869783660807e-06+1.684758732785959290e-06j), (2.481464102771057788e-05+4.678578327191754236e-04j)
 (3.381199425577779277e-04+8.172219723196765158e-04j), (-8.616099680391344975e-07-6.207471858754178708e-07j), (-4.392746594847468458e-08+4.888924317386120514e-07j), (-8.616099680391344975e-07-6.207471858754178708e-07j), (-4.309144888395885064e-04+7.172714850607126357e-04j), (-6.591586323111412958e-06+1.643808503020430087e-06j), (-4.392746594847468458e-08+4.888924317386120514e-07j), (-6.591586323111412958e-06+1.643808503020430087e-06j), (-2.513980802102723511e-06+4.677173543215884890e-04j)
 (3.044961158585272193e-04+7.878473760817510758e-04j), (-8.190231618054310990e-07-6.242231075613146075e-07j), (-4.130642660726285068e-08+5.362454645311092563e-07j), (-8.190231618054310990e-07-6.242231075613146075e-07j), (-4.724551265953608106e-04+7.068458213676215946e-04j), (-6.658887619029994262e-06+1.610401009546641634e-06j), (-4.130642660726285068e-08+5.362454645311092563e-07j), (-6.658887619029994262e-06+1.610401009546641634e-06j), (-2.955155019849966397e-05+4.669601373492400964e-04j)
 (2.725423838418582212e-04+7.599794085978310619e-04j), (-7.784460538028484413e-07-6.267774459721218210e-07j), (-4.117087053071730435e-08+5.897727585912531562e-07j), (-7.784460538028484413e-07-6.267774459721218210e-07j), (-5.125774792605378941e-04+6.957245692353266221e-04j), (-6.732693967073898293e-06+1.581800510897196554e-06j), (-4.117087053071730435e-08+5.897727585912531562e-07j), (-6.732693967073898293e-06+1.581800510897196554e-06j), (-5.622092432807615676e-05+4.656896578922097105e-04j)
 (2.420592176770163667e-04+7.336862930556894112e-04j), (-7.394061065256258564e-07-6.288828529550895489e-07j), (-4.450531751434288908e-08+6.496996611674637494e-07j), (-7.394061065256258564e-07-6.288828529550895489e-07j), (-5.512635287177295070e-04+6.841331124622652667e-04j), (-6.813583697550183389e-06+1.555043511532127814e-06j), (-4.450531751434288908e-08+6.496996611674637494e-07j), (-6.813583697550183389e-06+1.555043511532127814e-06j), (-8.247862428372668836e-05+4.640219800719719376e-04j)
 (2.128283401659925717e-04+7.089952394021146933e-04j), (-7.013770237288828081e-07-6.308107778659815853e-07j), (-5.237660233406826439e-08+7.161039731511003273e-07j), (-7.013770237288828081e-07-6.308107778659815853e-07j), (-5.885441849906687065e-04+6.722870296302235500e-04j), (-6.901403085013189758e-06+1.527110310515684121e-06j), (-5.237660233406826439e-08+7.161039731511003273e-07j), (-6.901403085013189758e-06+1.527110310515684121e-06j), (-1.083170248616666803e-04+4.620743382426719162e-04j)
 (1.846245106977319195e-04+6.858883030585059739e-04j), (-6.638407862150604341e-07-6.326360172978891890e-07j), (-6.590804589279759617e-08+7.888941021775514160e-07j), (-6.638407862150604341e-07-6.326360172978891890e-07j), (-6.244946908999073412e-04+6.603790093987702827e-04j), (-6.995292484397387219e-06+1.495089478030118415e-06j), (-6.590804589279759617e-08+7.888941021775514160e-07j), (-6.995292484397387219e-06+1.495089478030118415e-06j), (-1.337625883404277519e-04+4.599537449141758946e-04j)
 (1.572279047859850842e-04+6.643017063706103953e-04j), (-6.263417250847749678e-07-6.342575975667441678e-07j), (-8.624853460591501054e-08+8.677900195441260044e-07j), (-6.263417250847749678e-07-6.342575975667441678e-07j), (-6.592260507288713600e-04+6.485679713836840603e-04j), (-7.093743667948172552e-06+1.456330496629788284e-06j), (-8.624853460591501054e-08+8.677900195441260044e-07j), (-7.093743667948172552e-06+1.456330496629788284e-06j), (-1.588704840584200580e-04+4.577469654313318071e-04j)
 (1.304361465559612104e-04+6.441285776067652569e-04j), (-5.885293835004852210e-07-6.354325818428930854e-07j), (-1.145361825653934194e-07+9.523080800076224021e-07j), (-5.885293835004852210e-07-6.354325818428930854e-07j), (-6.928735633214726849e-04+6.369715841045793308e-04j), (-7.194684142151206589e-06+1.408582025222892132e-06j), (-1.145361825653934194e-07+9.523080800076224021e-07j), (-7.194684142151206589e-06+1.408582025222892132e-06j), (-1.837163485512742153e-04+4.555129420796784671e-04j)
 (1.040751157749628814e-04+6.252248677364356192e-04j), (-5.501881213592531876e-07-6.358190933737466479e-07j), (-1.518565900014680168e-07+1.041751328019913077e-06j), (-5.501881213592531876e-07-6.358190933737466479e-07j), (-7.255838354354837271e-04+6.256628736438211600e-04j), (-7.295585755180723978e-06+1.350114041182304577e-06j), (-1.518565900014680168e-07+1.041751328019913077e-06j), (-7.295585755180723978e-06+1.350114041182304577e-06j), (-2.083862139050027262e-04+4.532783972859122769e-04j)
 (7.800771819988644440e-05+6.074180184851993508e-04j), (-5.112523892140895487e-07-6.350247475512628517e-07j), (-1.991964437024176338e-07+1.135207376546235900e-06j), (-5.112523892140895487e-07-6.350247475512628517e-07j), (-7.575017482074019020e-04+6.146710894060791221e-04j), (-7.393596148877326903e-06+1.279821348507673380e-06j), (-1.991964437024176338e-07+1.135207376546235900e-06j), (-7.393596148877326903e-06+1.279821348507673380e-06j), (-2.329657669302694165e-04+4.510369569669217039e-04j)
 (5.213990055754139097e-05+5.905177517699387651e-04j), (-4.718074106489009981e-07-6.326566207536857572e-07j), (-2.573942540315745594e-07+1.231556092884758269e-06j), (-4.718074106489009981e-07-6.326566207536857572e-07j), (-7.887587745864579891e-04+6.039864941292706364e-04j), (-7.485691729048832432e-06+1.197303998217493343e-06j), (-2.573942540315745594e-07+1.231556092884758269e-06j), (-7.485691729048832432e-06+1.197303998217493343e-06j), (-2.575301159054206330e-04+4.487517483832219843e-04j)
 (2.642334701538281982e-05+5.743281321823112467e-04j), (-4.320758104950350483e-07-6.283688030616359474e-07j), (-3.270911859988774301e-07+1.329488975975560949e-06j), (-4.320758104950350483e-07-6.283688030616359474e-07j), (-8.194638257325791934e-04+5.935683099014271583e-04j), (-7.568849333732302737e-06+1.102917886768180678e-06j), (-3.270911859988774301e-07+1.329488975975560949e-06j), (-7.568849333732302737e-06+1.102917886768180678e-06j), (-2.821351501289847460e-04+4.463610623231141082e-04j)
 (8.545459249387210576e-07+5.586598548901359823e-04j), (-3.923916371045409031e-07-6.219035680473018694e-07j), (-4.086859162700598295e-07+1.427541185985809019e-06j), (-3.923916371045409031e-07-6.219035680473018694e-07j), (-8.496974609473323392e-04+5.833547099309422789e-04j), (-7.640230707469727872e-06+9.977872509582116530e-07j), (-4.086859162700598295e-07+1.427541185985809019e-06j), (-7.640230707469727872e-06+9.977872509582116530e-07j), (-3.068113855751570217e-04+4.437863429215949248e-04j)
 (-2.452972870699635100e-05+5.433415909106764294e-04j), (-3.531642806275329170e-07-6.131224255803954813e-07j), (-5.022979030660867359e-07+1.524135775748089773e-06j), (-3.531642806275329170e-07-6.131224255803954813e-07j), (-8.795098514164686847e-04+5.732735317613337628e-04j), (-7.697369857883698901e-06+8.837709790192019024e-07j), (-5.022979030660867359e-07+1.524135775748089773e-06j), (-7.697369857883698901e-06+8.837709790192019024e-07j), (-3.315608978268181576e-04+4.409415052549921200e-04j)
 (-4.966005094964552613e-05+5.282292453548286448e-04j), (-3.148358779447474669e-07-6.020239917771955161e-07j), (-6.077431371635898142e-07+1.617638027218790901e-06j), (-3.148358779447474669e-07-6.020239917771955161e-07j), (-9.089223811964055461e-04+5.632523409175514391e-04j), (-7.738349468539272387e-06+7.633772416016427324e-07j), (-6.077431371635898142e-07+1.617638027218790901e-06j), (-7.738349468539272387e-06+7.633772416016427324e-07j), (-3.563575604634604353e-04+4.377424197843532449e-04j)
 (-7.444420119697044147e-05+5.132121946711245761e-04j), (-2.778366907135617459e-07-5.887468139772707821e-07j), (-7.245252849013438881e-07+1.706416313091037482e-06j), (-2.778366907135617459e-07-5.887468139772707821e-07j), (-9.379322634326461849e-04+5.532266251677021981e-04j), (-7.761950049784091554e-06+6.396258980311931663e-07j), (-7.245252849013438881e-07+1.706416313091037482e-06j), (-7.761950049784091554e-06+6.396258980311931663e-07j), (-3.811503664978422960e-04+4.341153893235281144e-04j)
 (-9.877804065906888031e-05+4.982159616547120109e-04j), (-2.425433735778402715e-07-5.735569638494503298e-07j), (-8.518433287957731457e-07+1.788904974217220304e-06j), (-2.425433735778402715e-07-5.735569638494503298e-07j), (-9.665191319781830416e-04+5.431452492090525688e-04j), (-7.767755499655427338e-06+5.158646962306679857e-07j), (-8.518433287957731457e-07+1.788904974217220304e-06j), (-7.767755499655427338e-06+5.158646962306679857e-07j), (-4.058691761044167477e-04+4.300036106502991349e-04j)
 (-1.225560681349935344e-04+4.832013009657494984e-04j), (-2.092448053309468362e-07-5.568221139714404558e-07j), (-9.886147856348385973e-07+1.863664627571577571e-06j), (-2.092448053309468362e-07-5.568221139714404558e-07j), (-9.946523272117255461e-04+5.329728023683501931e-04j), (-7.756201700007183880e-06+3.955521140590655766e-07j), (-9.886147856348385973e-07+1.863664627571577571e-06j), (-7.756201700007183880e-06+3.955521140590655766e-07j), (-4.304318909349044101e-04+4.253709562472386208e-04j)
 (-1.456804377745618551e-04+4.681601973191791880e-04j), (-1.781191823131622222e-07-5.389755828832556634e-07j), (-1.133511872599118796e-06+1.929436084782083023e-06j), (-1.781191823131622222e-07-5.389755828832556634e-07j), (-1.022297592278037948e-03+5.226890365918209456e-04j), (-7.728560368849580206e-06+2.820252455301433645e-07j), (-1.133511872599118796e-06+1.929436084782083023e-06j), (-7.728560368849580206e-06+2.820252455301433645e-07j), (-4.547518866174174879e-04+4.202028816190468089e-04j)
 (-1.680675512613534484e-04+4.531097051156467398e-04j), (-1.492245076254633685e-07-5.204751033462311063e-07j), (-1.285007056279063427e-06+1.985185424030677973e-06j), (-1.492245076254633685e-07-5.204751033462311063e-07j), (-1.049422142248989439e-03+5.122861002730911889e-04j), (-7.686857589831536732e-06+1.782741615989568498e-07j), (-1.285007056279063427e-06+1.985185424030677973e-06j), (-7.686857589831536732e-06+1.782741615989568498e-07j), (-4.787445909079026014e-04+4.145047663571363341e-04j)
 (-1.896518183897907134e-04+4.380847875335770227e-04j), (-1.225027425459568719e-07-5.017615850481460874e-07j), (-1.441424450700680101e-06+2.030139223425603066e-06j), (-1.225027425459568719e-07-5.017615850481460874e-07j), (-1.075997512064197446e-03+5.017646133616277936e-04j), (-7.633733836675736406e-06+8.674408203491064033e-08j), (-1.441424450700680101e-06+2.030139223425603066e-06j), (-7.633733836675736406e-06+8.674408203491064033e-08j), (-5.023323708382486461e-04+4.082984196394896879e-04j)
 (-2.103866939700271832e-04+4.231313045676656686e-04j), (-9.779607034474926538e-08-4.832228335770271282e-07j), (-1.600994372922762267e-06+2.063810032496838199e-06j), (-9.779607034474926538e-08-4.832228335770271282e-07j), (-1.102000127546403675e-03+4.911297281426445747e-04j), (-7.572258591862828989e-06+9.183658765002266357e-09j), (-1.600994372922762267e-06+2.063810032496838199e-06j), (-7.572258591862828989e-06+9.183658765002266357e-09j), (-5.254473243419435606e-04+4.016177256571599043e-04j)
 (-2.302435324379008275e-04+4.083000729797482253e-04j), (-7.487226916055086668e-08-4.651661628151255633e-07j), (-1.761909563643258507e-06+2.086012496887456778e-06j), (-7.487226916055086668e-08-4.651661628151255633e-07j), (-1.127410053162631112e-03+4.803881643914788865e-04j), (-7.505716969041277632e-06-5.344754884698034327e-08j), (-1.761909563643258507e-06+2.086012496887456778e-06j), (-7.505716969041277632e-06-5.344754884698034327e-08j), (-5.480320544175791130e-04+3.945044189325199162e-04j)
 (-2.492090699563933448e-04+3.936425484283125661e-04j), (-5.345530024126468336e-08-4.478023339050614991e-07j), (-1.922382559667234486e-06+2.096870149991122800e-06j), (-5.345530024126468336e-08-4.478023339050614991e-07j), (-1.152208737477955491e-03+4.695468453788243911e-04j), (-7.437387800058612075e-06-1.010057435945257739e-07j), (-1.922382559667234486e-06+2.096870149991122800e-06j), (-7.437387800058612075e-06-1.010057435945257739e-07j), (-5.700389200695480350e-04+3.870047724810017826e-04j)
 (-2.672824102713782651e-04+3.792082574369815820e-04j), (-3.325695968748857560e-08-4.312415559980575105e-07j), (-2.080703993667759505e-06+2.096812042789780127e-06j), (-3.325695968748857560e-08-4.312415559980575105e-07j), (-1.176376727781096917e-03+4.586132858403083132e-04j), (-7.370332584562617930e-06-1.341237553625928631e-07j), (-2.080703993667759505e-06+2.096812042789780127e-06j), (-7.370332584562617930e-06-1.341237553625928631e-07j), (-5.914285134094338526e-04+3.791676180351966118e-04j)
 (-2.844722682161376914e-04+3.650437315071196971e-04j), (-1.400577389739082638e-08-4.155006593226833852e-07j), (-2.235301019390137025e-06+2.086557628438979155e-06j), (-1.400577389739082638e-08-4.155006593226833852e-07j), (-1.199892237917190869e-03+4.475974084009053697e-04j), (-7.307212844416699238e-06-1.541124932883572383e-07j), (-2.235301019390137025e-06+2.086557628438979155e-06j), (-7.307212844416699238e-06-1.541124932883572383e-07j), (-6.121681579949907453e-04+3.710436968941856878e-04j)
 (-3.007949667594139037e-04+3.511924399833589450e-04j), (4.529876099077524948e-09-4.005192200870585413e-07j), (-2.384793809767780636e-06+2.067088163210239106e-06j), (4.529876099077524948e-09-4.005192200870585413e-07j), (-1.222731161787422773e-03+4.365141005592861469e-04j), (-7.250150082072903736e-06-1.628148523711801722e-07j), (-2.384793809767780636e-06+2.067088163210239106e-06j), (-7.250150082072903736e-06-1.628148523711801722e-07j), (-6.322310669710843028e-04+3.626859703460003428e-04j)
 (-3.162733658303596568e-04+3.376951203665224657e-04j), (2.252630016043619524e-08-3.861815311328356535e-07j), (-2.528046643780707390e-06+2.039603625797443238e-06j), (2.252630016043619524e-08-3.861815311328356535e-07j), (-1.244868708102463487e-03+4.253856468658788080e-04j), (-7.200637967971130381e-06-1.624281104269400276e-07j), (-2.528046643780707390e-06+2.039603625797443238e-06j), (-7.200637967971130381e-06-1.624281104269400276e-07j), (-6.515964977031616159e-04+3.541502852665824532e-04j)
 (-3.309366027404985616e-04+3.245899612514738372e-04j), (4.009737203020058034e-08-3.723409588978111880e-07j), (-2.664209084841051801e-06+2.005465760901270580e-06j), (4.009737203020058034e-08-3.723409588978111880e-07j), (-1.266282394165099082e-03+4.142432123656695489e-04j), (-7.159510899720185167e-06-1.553132549529896261e-07j), (-2.664209084841051801e-06+2.005465760901270580e-06j), (-7.159510899720185167e-06-1.553132549529896261e-07j), (-6.702508808346843271e-04+3.454957396971508870e-04j)
 (-3.448203083087474780e-04+3.119122669344737836e-04j), (5.729521310519785537e-08-3.588434078427102998e-07j), (-2.792742638442189996e-06+1.966129953310030820e-06j), (5.729521310519785537e-08-3.588434078427102998e-07j), (-1.286955781930406491e-03+4.031267910198752143e-04j), (-7.126967208689430783e-06-1.438099302275973819e-07j), (-2.792742638442189996e-06+1.966129953310030820e-06j), (-7.126967208689430783e-06-1.438099302275973819e-07j), (-6.881895810639181935e-04+3.367842198382758586e-04j)
 (-3.579668648192625702e-04+2.996934660336905525e-04j), (7.411723581961523854e-08-3.455472504647711578e-07j), (-2.913429233877066598e-06+1.923070623139197700e-06j), (7.411723581961523854e-08-3.455472504647711578e-07j), (-1.306882146305244925e-03+3.920833979064781050e-04j), (-7.102639788197558892e-06-1.300736580909122124e-07j), (-2.913429233877066598e-06+1.923070623139197700e-06j), (-7.102639788197558892e-06-1.300736580909122124e-07j), (-7.054187406057353497e-04+3.280788346938074925e-04j)
 (-3.704252938262504041e-04+2.879595559845367424e-04j), (9.051752356791489883e-08-3.323380169669432984e-07j), (-3.026359725141217185e-06+1.877706189279085858e-06j), (9.051752356791489883e-08-3.323380169669432984e-07j), (-1.326067266350640979e-03+3.811636827666642336e-04j), (-7.085702613198108972e-06-1.159479531305290497e-07j), (-3.026359725141217185e-06+1.877706189279085858e-06j), (-7.085702613198108972e-06-1.159479531305290497e-07j), (-7.219566030898700876e-04+3.194412827313141160e-04j)
 (-3.822504778485235483e-04+2.767292517515346304e-04j), (1.064203601212341366e-07-3.191371709559359092e-07j), (-3.131902903301678912e-06+1.831330027392986991e-06j), (1.064203601212341366e-07-3.191371709559359092e-07j), (-1.344530707337753504e-03+3.704174810518528127e-04j), (-7.074999173271438790e-06-1.028786552915922404e-07j), (-3.131902903301678912e-06+1.831330027392986991e-06j), (-7.074999173271438790e-06-1.028786552915922404e-07j), (-7.378338110575594598e-04+3.109284656632375454e-04j)
 (-3.935015886880367797e-04+2.660122024189898681e-04j), (1.217339253539394562e-07-3.059052334824360690e-07j), (-3.230657726967399726e-06+1.785053173944770526e-06j), (1.217339253539394562e-07-3.059052334824360690e-07j), (-1.362305258662331424e-03+3.598890312351522239e-04j), (-7.069178503619617794e-06-9.187224111613029936e-08j), (-3.230657726967399726e-06+1.785053173944770526e-06j), (-7.069178503619617794e-06-9.187224111613029936e-08j), (-7.530923743282705481e-04+3.025888582694348083e-04j)
 (-4.042397734228542205e-04+2.558076488999396804e-04j), (1.363626365711000711e-07-2.926402055747705194e-07j), (-3.323393184094382411e-06+1.739763132945378067e-06j), (1.363626365711000711e-07-2.926402055747705194e-07j), (-1.379434534595431420e-03+3.496126442777965993e-04j), (-7.066826039957351315e-06-8.349502293443555858e-08j), (-3.323393184094382411e-06+1.739763132945378067e-06j), (-7.066826039957351315e-06-8.349502293443555858e-08j), (-7.677832614310532017e-04+2.944592202180821672e-04j)
 (-4.145253031528767229e-04+2.461038347292469983e-04j), (1.502171935518263609e-07-2.793726138150922831e-07j), (-3.410981186016607115e-06+1.696101278113667300e-06j), (1.502171935518263609e-07-2.793726138150922831e-07j), (-1.395969061428756989e-03+3.396095235551432434e-04j), (-7.066579328609311248e-06-7.790667263202406143e-08j), (-3.410981186016607115e-06+1.696101278113667300e-06j), (-7.066579328609311248e-06-7.790667263202406143e-08j), (-7.819628153112050291e-04+2.865621979936300344e-04j)
 (-4.244144989787243527e-04+2.368783702644347176e-04j), (1.632219458896479852e-07-2.661585794476822998e-07j), (-3.494328174439785088e-06+1.654459488311695421e-06j), (1.632219458896479852e-07-2.661585794476822998e-07j), (-1.411961415177582189e-03+3.298862354585491347e-04j), (-7.067221927368236025e-06-7.491963650579460876e-08j), (-3.494328174439785088e-06+1.654459488311695421e-06j), (-7.067221927368236025e-06-7.491963650579460876e-08j), (-7.956883954437997918e-04+2.789052359026969268e-04j)
 (-4.339568059992752330e-04+2.280996128295660640e-04j), (1.753196468978975377e-07-2.530721542809192784e-07j), (-3.574310842547873582e-06+1.614994941059873120e-06j), (1.753196468978975377e-07-2.530721542809192784e-07j), (-1.427461111944226986e-03+3.204350682078447449e-04j), (-7.067751972162543256e-06-7.407554724891857035e-08j), (-3.574310842547873582e-06+1.614994941059873120e-06j), (-7.067751972162543256e-06-7.407554724891857035e-08j), (-8.090137777895045970e-04+2.714810268957758743e-04j)
 (-4.431923881507062596e-04+2.197289791328282092e-04j), (1.864739441916919880e-07-2.401978805569878816e-07j), (-3.651720709752322557e-06+1.577660590574641263e-06j), (1.864739441916919880e-07-2.401978805569878816e-07j), (-1.442509981116697239e-03+3.112362308181964242e-04j), (-7.067424459818828636e-06-7.473024747860474776e-08j), (-3.651720709752322557e-06+1.577660590574641263e-06j), (-7.067424459818828636e-06-7.473024747860474776e-08j), (-8.219848933421639112e-04+2.642695185586309043e-04j)
 (-4.521505665724106365e-04+2.117239699707724088e-04j), (1.966700850465463307e-07-2.276242010507622761e-07j), (-3.727221366303703953e-06+1.542247753775445889e-06j), (1.966700850465463307e-07-2.276242010507622761e-07j), (-1.457138674877806600e-03+3.022615750649036942e-04j), (-7.065768210092051152e-06-7.614003708516256600e-08j), (-3.727221366303703953e-06+1.542247753775445889e-06j), (-7.065768210092051152e-06-7.614003708516256600e-08j), (-8.346364557272839633e-04+2.572412731606729132e-04j)
 (-4.608493263898189723e-04+2.040415746927022199e-04j), (2.059143192493006090e-07-2.154380458760839052e-07j), (-3.801321057903147157e-06+1.508436310992572512e-06j), (2.059143192493006090e-07-2.154380458760839052e-07j), (-1.471364798879954989e-03+2.934793019096139269e-04j), (-7.062579845680549882e-06-7.754289237781780228e-08j), (-3.801321057903147157e-06+1.508436310992572512e-06j), (-7.062579845680549882e-06-7.754289237781780228e-08j), (-8.469899231820137223e-04+2.503617887617207573e-04j)
 (-4.692959802653860063e-04+1.966416528104658710e-04j), (2.142324118814996088e-07-2.037206834804457861e-07j), (-3.874361907471244776e-06+1.475847571840139582e-06j), (2.142324118814996088e-07-2.037206834804457861e-07j), (-1.485192909079451670e-03+2.848589697223550708e-04j), (-7.057898173615217658e-06-7.822953221200287325e-08j), (-3.874361907471244776e-06+1.475847571840139582e-06j), (-7.057898173615217658e-06-7.822953221200287325e-08j), (-8.590530695721319398e-04+2.435962427037274532e-04j)
 (-4.774889180963540203e-04+1.894898763139029403e-04j), (2.216675803405257292e-07-1.925447669164023842e-07j), (-3.946525493957942884e-06+1.444094610974391554e-06j), (2.216675803405257292e-07-1.925447669164023842e-07j), (-1.498616339769940839e-03+2.763760798068138247e-04j), (-7.051963218782876737e-06-7.760035544799840988e-08j), (-3.946525493957942884e-06+1.444094610974391554e-06j), (-7.051963218782876737e-06-7.760035544799840988e-08j), (-8.708212202626077706e-04+2.369140448610125983e-04j)
 (-4.854202152929469605e-04+1.825598674269435587e-04j), (2.282780786340307295e-07-1.819724116623014855e-07j), (-4.017852840279081396e-06+1.412825311213406209e-06j), (2.282780786340307295e-07-1.819724116623014855e-07j), (-1.511620550107747527e-03+2.680155854452830467e-04j), (-7.045164869611831641e-06-7.520555542509127232e-08j), (-4.017852840279081396e-06+1.412825311213406209e-06j), (-7.045164869611831641e-06-7.520555542509127232e-08j), (-8.822799704522564512e-04+2.302926035158384837e-04j)
 (-4.930787461938472560e-04+1.758342807306551773e-04j), (2.341345856585271431e-07-1.720541068742229967e-07j), (-4.088275322433502511e-06+1.381754305226895345e-06j), (2.341345856585271431e-07-1.720541068742229967e-07j), (-1.524187449238539362e-03+2.597738496809441286e-04j), (-7.037986535942206591e-06-7.076720149408465678e-08j), (-4.088275322433502511e-06+1.381754305226895345e-06j), (-7.037986535942206591e-06-7.076720149408465678e-08j), (-8.934089850786220213e-04+2.237198187048039738e-04j)
 (-5.004533804720059931e-04+1.693047349654759615e-04j), (2.393175149170111928e-07-1.628282552521645465e-07j), (-4.157651878471627256e-06+1.350681506363510203e-06j), (2.393175149170111928e-07-1.628282552521645465e-07j), (-1.536300026757066173e-03+2.516588322236974350e-04j), (-7.030949219074630190e-06-6.418371353373439129e-08j), (-4.157651878471627256e-06+1.350681506363510203e-06j), (-7.030949219074630190e-06-6.418371353373439129e-08j), (-9.041863224506358192e-04+2.171950114489386362e-04j)
 (-5.075358434543271458e-04+1.629706705464241791e-04j), (2.439143422627118671e-07-1.543211536177578524e-07j), (-4.225807412807265222e-06+1.319496764192755626e-06j), (2.439143422627118671e-07-1.543211536177578524e-07j), (-1.547946600575240712e-03+2.436885694683855487e-04j), (-7.024560834881995567e-06-5.551875521075615749e-08j), (-4.225807412807265222e-06+1.319496764192755626e-06j), (-7.024560834881995567e-06-5.551875521075615749e-08j), (-9.145926609869924496e-04+2.107282402919408919e-04j)
 (-5.143228937423346969e-04+1.568373596358347329e-04j), (2.480170331883263977e-07-1.465472550568039291e-07j), (-4.292567573364275195e-06+1.288171983937486028e-06j), (2.480170331883263977e-07-1.465472550568039291e-07j), (-1.559124096094603468e-03+2.358882655037243547e-04j), (-7.019274525274822054e-06-4.497787526046914682e-08j), (-4.292567573364275195e-06+1.288171983937486028e-06j), (-7.019274525274822054e-06-4.497787526046914682e-08j), (-9.246148520202280598e-04+2.043381989051388950e-04j)
 (-5.208175946682606222e-04+1.509133970917737389e-04j), (2.517196318101616212e-07-1.395095830459790454e-07j), (-4.357786062920375481e-06+1.256743625570621463e-06j), (2.517196318101616212e-07-1.395095830459790454e-07j), (-1.569839959903702054e-03+2.282864938132625140e-04j), (-7.015458212053014556e-06-3.287700139135084166e-08j), (-4.357786062920375481e-06+1.256743625570621463e-06j), (-7.015458212053014556e-06-3.287700139135084166e-08j), (-9.342483585500196887e-04+1.980490862951362122e-04j)
 (-5.270296013793612788e-04+1.452080413652513354e-04j), (2.551160464027480473e-07-1.332002088759161504e-07j), (-4.421362107307651267e-06+1.225289364028952120e-06j), (2.551160464027480473e-07-1.332002088759161504e-07j), (-1.580112542338784395e-03+2.209110906403027310e-04j), (-7.013376067648332735e-06-1.960702793154369102e-08j), (-4.421362107307651267e-06+1.225289364028952120e-06j), (-7.013376067648332735e-06-1.960702793154369102e-08j), (-9.434983362314995365e-04+1.918869568419388240e-04j)
 (-5.329745237249248341e-04+1.397287552582215377e-04j), (2.582980346284175474e-07-1.276007422474135025e-07j), (-4.483247335610625193e-06+1.193903015493432421e-06j), (2.582980346284175474e-07-1.276007422474135025e-07j), (-1.589970008706788774e-03+2.137853039821716288e-04j), (-7.013181191252681042e-06-5.598285357724113998e-09j), (-4.483247335610625193e-06+1.193903015493432421e-06j), (-7.013181191252681042e-06-5.598285357724113998e-09j), (-9.523793256778262297e-04+1.858760838416331199e-04j)
 (-5.386725352056077193e-04+1.344792318434208833e-04j), (2.613533636196620579e-07-1.226828309971485528e-07j), (-4.543442837801924049e-06+1.162671496533025176e-06j), (2.613533636196620579e-07-1.226828309971485528e-07j), (-1.599448022852615042e-03+2.069246713603542043e-04j), (-7.014917800020199769e-06+8.712178846498657421e-09j), (-4.543442837801924049e-06+1.162671496533025176e-06j), (-7.014917800020199769e-06+8.712178846498657421e-09j), (-9.609137153359129883e-04+1.800358129460712391e-04j)
 (-5.441464698639798814e-04+1.294580998237787118e-04j), (2.643641050974164994e-07-1.184087039359472329e-07j), (-4.601988345741488105e-06+1.131656743549541424e-06j), (2.643641050974164994e-07-1.184087039359472329e-07j), (-1.608586571204320779e-03+2.003349614042957566e-04j), (-7.018530756956251902e-06+2.290859575220766519e-08j), (-4.601988345741488105e-06+1.131656743549541424e-06j), (-7.018530756956251902e-06+2.290859575220766519e-08j), (-9.691292762306618225e-04+1.743782710147631382e-04j)
 (-5.494196820706558071e-04+1.246584039158143812e-04j), (2.674050304791317116e-07-1.147318281988858335e-07j), (-4.658946236079735437e-06+1.100884524679420262e-06j), (2.674050304791317116e-07-1.147318281988858335e-07j), (-1.617426359262722803e-03+1.940113595203733071e-04j), (-7.023880211190984858e-06+3.661878045348352775e-08j), (-4.658946236079735437e-06+1.100884524679420262e-06j), (-7.023880211190984858e-06+3.661878045348352775e-08j), (-9.770561541935444527e-04+1.689071517600866624e-04j)
 (-5.545139444884782803e-04+1.200678607330064494e-04j), (2.705420967535575864e-07-1.115977683810418708e-07j), (-4.714383376175152825e-06+1.070340978762375116e-06j), (2.705420967535575864e-07-1.115977683810418708e-07j), (-1.626005224413314566e-03+1.879389268614784793e-04j), (-7.030759383240062086e-06+4.953050186200807787e-08j), (-4.714383376175152825e-06+1.070340978762375116e-06j), (-7.030759383240062086e-06+4.953050186200807787e-08j), (-9.847237344973920094e-04+1.636176520056738866e-04j)
 (-5.594476339144012489e-04+1.156698056426308616e-04j), (2.738310559119593194e-07-1.089453321381724617e-07j), (-4.768353771290108857e-06+1.039976515770958625e-06j), (2.738310559119593194e-07-1.089453321381724617e-07j), (-1.634354979564092356e-03+1.820942246478390902e-04j), (-7.038913916697030758e-06+6.140211377130701970e-08j), (-4.768353771290108857e-06+1.039976515770958625e-06j), (-7.038913916697030758e-06+6.140211377130701970e-08j), (-9.921577764535199906e-04+1.584974925524171036e-04j)
 (-5.642344082844585884e-04+1.114446752140985130e-04j), (2.773162679134485977e-07-1.067080629774515415e-07j), (-4.820884584866273154e-06+1.009716037733631424e-06j), (2.773162679134485977e-07-1.067080629774515415e-07j), (-1.642499038751737452e-03+1.764478731797245836e-04j), (-7.048061589768882104e-06+7.206784500792472189e-08j), (-4.820884584866273154e-06+1.009716037733631424e-06j), (-7.048061589768882104e-06+7.206784500792472189e-08j), (-9.993781598999235821e-04+1.535288359491247259e-04j)
 (-5.688825138650318441e-04+1.073718155991696890e-04j), (2.810298348095276544e-07-1.048160798974715878e-07j), (-4.871967451008514257e-06+9.794733130398994564e-07j), (2.810298348095276544e-07-1.048160798974715878e-07j), (-1.650451081684444193e-03+1.709677181658503340e-04j), (-7.057911443184736947e-06+8.143819801735217929e-08j), (-4.871967451008514257e-06+9.794733130398994564e-07j), (-7.057911443184736947e-06+8.143819801735217929e-08j), (-1.006397497826402084e-03+1.486908152602982227e-04j)
 (-5.733947825372932849e-04+1.034313733927321588e-04j), (2.849911867849955400e-07-1.031982000577904966e-07j), (-4.921556140610396671e-06+9.491673146497434817e-07j), (2.849911867849955400e-07-1.031982000577904966e-07j), (-1.658214891593057065e-03+1.656222098989377567e-04j), (-7.068181515099979014e-06+8.949591649358098349e-08j), (-4.921556140610396671e-06+9.491673146497434817e-07j), (-7.068181515099979014e-06+8.949591649358098349e-08j), (-1.013220755162561829e-03+1.439623240548372192e-04j)
 (-5.777692909645446712e-04+9.960602325139186828e-05j), (2.892072291113422564e-07-1.017842061827571253e-07j), (-4.969570666831843877e-06+9.187377307925066350e-07j), (2.892072291113422564e-07-1.017842061827571253e-07j), (-1.665785356568928819e-03+1.603835713181334262e-04j), (-7.078614417658084854e-06+9.628803860410956307e-08j), (-4.969570666831843877e-06+9.187377307925066350e-07j), (-7.078614417658084854e-06+9.628803860410956307e-08j), (-1.019845881472027441e-03+1.393246897295359057e-04j)
 (-5.820005665249216448e-04+9.588230980438764350e-05j), (2.936731010586454720e-07-1.005070596207825096e-07j), (-5.015906942736172956e-06+8.881574738882361489e-07j), (2.936731010586454720e-07-1.005070596207825096e-07j), (-1.673150473804090130e-03+1.552303645388417833e-04j), (-7.088990019455121518e-06+1.019146902197488646e-07j), (-5.015906942736172956e-06+8.881574738882361489e-07j), (-7.088990019455121518e-06+1.019146902197488646e-07j), (-1.026265329313090415e-03+1.347638796762516656e-04j)
 (-5.860811529544551063e-04+9.225144537661187391e-05j), (2.983735132767178577e-07-9.930484567141286331e-08j), (-5.060450286613746050e-06+8.574402768715209103e-07j), (2.983735132767178577e-07-9.930484567141286331e-08j), (-1.680294061774712227e-03+1.501491461368331323e-04j), (-7.099134588952375082e-06+1.065154726659810207e-07j), (-5.060450286613746050e-06+8.574402768715209103e-07j), (-7.099134588952375082e-06+1.065154726659810207e-07j), (-1.032468210405241768e-03+1.302719634799874972e-04j)
 (-5.900033054472945959e-04+8.870948569437114948e-05j), (3.032845386562661429e-07-9.812224768522213180e-08j), (-5.103090553807802866e-06+8.266424533123594932e-07j), (3.032845386562661429e-07-9.812224768522213180e-08j), (-1.687198793047009569e-03+1.451350369628392144e-04j), (-7.108925952699234953e-06+1.102545007484132616e-07j), (-5.103090553807802866e-06+8.266424533123594932e-07j), (-7.108925952699234953e-06+1.102545007484132616e-07j), (-1.038442760043876457e-03+1.258476710918990144e-04j)
 (-5.937605793861697179e-04+8.525690159168910847e-05j), (3.083756566127504939e-07-9.691142770977503059e-08j), (-5.143736555781974171e-06+7.958589295192434392e-07j), (3.083756566127504939e-07-9.691142770977503059e-08j), (-1.693849129914001741e-03+1.401911972928889894e-04j), (-7.118294524825276201e-06+1.133052719447825990e-07j), (-5.143736555781974171e-06+7.958589295192434392e-07j), (-7.118294524825276201e-06+1.133052719447825990e-07j), (-1.044178752684158263e-03+1.214960270617893636e-04j)
 (-5.973491094886668878e-04+8.189764944160778353e-05j), (3.136118125355512144e-07-9.563226588621652008e-08j), (-5.182327714148643982e-06+7.652143706207252564e-07j), (3.136118125355512144e-07-9.563226588621652008e-08j), (-1.700233783061118331e-03+1.353273482162462027e-04j), (-7.127220424209044873e-06+1.158365402885897161e-07j), (-5.182327714148643982e-06+7.652143706207252564e-07j), (-7.127220424209044873e-06+1.158365402885897161e-07j), (-1.049669543014832788e-03+1.172271761386986863e-04j)
 (-6.007684384761804997e-04+7.863790605012063132e-05j), (3.189552630495485297e-07-9.425202940787777232e-08j), (-5.218841506596614765e-06+7.348510198095767629e-07j), (3.189552630495485297e-07-9.425202940787777232e-08j), (-1.706347410016333371e-03+1.305576160278347042e-04j), (-7.135727237287697012e-06+1.180002119210946583e-07j), (-5.218841506596614765e-06+7.348510198095767629e-07j), (-7.135727237287697012e-06+1.180002119210946583e-07j), (-1.054913488096199080e-03+1.130546229864940356e-04j)
 (-6.040218316477087568e-04+7.548466143463633483e-05j), (3.243670314865607806e-07-9.274462491885062116e-08j), (-5.253296037707620729e-06+7.049151479716794702e-07j), (3.243670314865607806e-07-9.274462491885062116e-08j), (-1.712191402166205346e-03+1.258980298853479870e-04j), (-7.143873240323834915e-06+1.199220043912713534e-07j), (-5.253296037707620729e-06+7.049151479716794702e-07j), (-7.143873240323834915e-06+1.199220043912713534e-07j), (-1.059914617173269430e-03+1.089931678776894837e-04j)
 (-6.071160899788190929e-04+7.244436137126929317e-05j), (3.298078830754649281e-07-9.108964046900253477e-08j), (-5.285747842969701708e-06+6.755440027247859607e-07j), (3.298078830754649281e-07-9.108964046900253477e-08j), (-1.717773748152936434e-03+1.213640323626035897e-04j), (-7.151741023848154326e-06+1.216952798799013842e-07j), (-5.285747842969701708e-06+6.755440027247859607e-07j), (-7.151741023848154326e-06+1.216952798799013842e-07j), (-1.064682532313221235e-03+1.050568283661689584e-04j)
 (-6.100609368509361807e-04+6.952175937111385561e-05j), (3.352388265273229082e-07-8.927139549822167861e-08j), (-5.316285669183223212e-06+6.468547555786802990e-07j), (3.352388265273229082e-07-8.927139549822167861e-08j), (-1.723108082494744647e-03+1.169683043018933036e-04j), (-7.159426465046684414e-06+1.233781411436349404e-07j), (-5.316285669183223212e-06+6.468547555786802990e-07j), (-7.159426465046684414e-06+1.233781411436349404e-07j), (-1.069231624027228676e-03+1.012570080501266830e-04j)
 (-6.128680955358404431e-04+6.671909340406521286e-05j), (3.406212380273040339e-07-8.727819952009661584e-08j), (-5.345021394241058762e-06+6.189367240372604865e-07j), (3.406212380273040339e-07-8.727819952009661584e-08j), (-1.728212115823345944e-03+1.127191385216463996e-04j), (-7.167027902418454546e-06+1.249936185597603250e-07j), (-5.345021394241058762e-06+6.189367240372604865e-07j), (-7.167027902418454546e-06+1.249936185597603250e-07j), (-1.073579758794479793e-03+9.760110674887730509e-05j)
 (-6.155501954233852380e-04+6.403564956882531588e-05j), (3.459167696679371436e-07-8.510194900294619592e-08j), (-5.372079441342289458e-06+5.918471110737824970e-07j), (3.459167696679371436e-07-8.510194900294619592e-08j), (-1.733105692546687508e-03+1.086195036208969773e-04j), (-7.174636228958491905e-06+1.265325958824270383e-07j), (-5.372079441342289458e-06+5.918471110737824970e-07j), (-7.174636228958491905e-06+1.265325958824270383e-07j), (-1.077746636590243279e-03+9.409169311187367212e-05j)
 (-6.181196478557329094e-04+6.146772822502471513e-05j), (3.510872369035146741e-07-8.273812178671084573e-08j), (-5.397586041737183229e-06+5.656108199118813663e-07j), (3.510872369035146741e-07-8.273812178671084573e-08j), (-1.737808736542358328e-03+1.046668448777502303e-04j), (-7.182326476374945640e-06+1.279590119556192638e-07j), (-5.397586041737183229e-06+5.656108199118813663e-07j), (-7.182326476374945640e-06+1.279590119556192638e-07j), (-1.081752029773850980e-03+9.072628998951698983e-05j)
 (-6.205876217088169416e-04+5.900898184622718008e-05j), (3.560946748027950852e-07-8.018613489860561749e-08j), (-5.421659556151179653e-06+5.402234830506290498e-07j), (3.560946748027950852e-07-8.018613489860561749e-08j), (-1.742339332695147340e-03+1.008535867243313695e-04j), (-7.190151336334418635e-06+1.292168081405046109e-07j), (-5.421659556151179653e-06+5.402234830506290498e-07j), (-7.190151336334418635e-06+1.292168081405046109e-07j), (-1.085614106566291752e-03+8.749775101768732222e-05j)
 (-6.229632282160422335e-04+5.665105888304537517e-05j), (3.609017119805135559e-07-7.744995850613486477e-08j), (-5.444402826207266211e-06+5.156574834687351437e-07j), (3.609017119805135559e-07-7.744995850613486477e-08j), (-1.746712158261201544e-03+9.716822742247107540e-05j), (-7.198136952753000387e-06+1.302380375585916066e-07j), (-5.444402826207266211e-06+5.156574834687351437e-07j), (-7.198136952753000387e-06+1.302380375585916066e-07j), (-1.089348018655513731e-03+8.439515240468639927e-05j)
 (-6.252529959131537807e-04+5.438446089456117690e-05j), (3.654723403355539759e-07-7.453880922947333396e-08j), (-5.465898225283740223e-06+4.918697442728346536e-07j), (3.654723403355539759e-07-7.453880922947333396e-08j), (-1.750937427431478385e-03+9.359686214941418704e-05j), (-7.206281202964353931e-06+1.309514983147612804e-07j), (-5.465898225283740223e-06+4.918697442728346536e-07j), (-7.206281202964353931e-06+1.309514983147612804e-07j), (-1.092964896453822721e-03+8.140507423065712731e-05j)
 (-6.274606813280996648e-04+5.219949695418590457e-05j), (3.697730696854092909e-07-7.146772536929378869e-08j), (-5.486205735219159859e-06+4.688104481566666426e-07j), (3.697730696854092909e-07-7.146772536929378869e-08j), (-1.755020447722647082e-03+9.012492257728664025e-05j), (-7.214554540319672965e-06+1.312912036878753268e-07j), (-5.486205735219159859e-06+4.688104481566666426e-07j), (-7.214554540319672965e-06+1.312912036878753268e-07j), (-1.096471348307998233e-03+7.851311133052127074e-05j)
 (-6.295874206611196816e-04+5.008721848239147700e-05j), (3.737743648555411741e-07-6.825782900647604656e-08j), (-5.505364010834753028e-06+4.464314896841437563e-07j), (3.737743648555411741e-07-6.825782900647604656e-08j), (-1.758961811424785294e-03+8.673891592065914992e-05j), (-7.222903282468818084e-06+1.312039827593664424e-07j), (-5.505364010834753028e-06+4.464314896841437563e-07j), (-7.222903282468818084e-06+1.312039827593664424e-07j), (-1.099869502549520508e-03+7.570542842298924493e-05j)
 (-6.316321859423674329e-04+4.804021636450655288e-05j), (3.774521878122188085e-07-6.493611716718210309e-08j), (-5.523394039986350812e-06+4.246936746983486083e-07j), (3.774521878122188085e-07-6.493611716718210309e-08j), (-1.762758165780062541e-03+8.342793743317526061e-05j), (-7.231255006258120755e-06+1.306555487341403467e-07j), (-5.523394039986350812e-06+4.246936746983486083e-07j), (-7.231255006258120755e-06+1.306555487341403467e-07j), (-1.103157567043041871e-03+7.297017491510590572e-05j)
 (-6.335924713359499666e-04+4.605318951440574962e-05j), (3.807894257086497758e-07-6.153472510681184376e-08j), (-5.540304705143339727e-06+4.035719890737739446e-07j), (3.807894257086497758e-07-6.153472510681184376e-08j), (-1.766403432252902032e-03+8.018477982045886163e-05j), (-7.239525484271403338e-06+1.296345025414454323e-07j), (-5.540304705143339727e-06+4.035719890737739446e-07j), (-7.239525484271403338e-06+1.296345025414454323e-07j), (-1.106330816952417161e-03+7.029858829359788793e-05j)
 (-6.354651081106350158e-04+4.412322797551297671e-05j), (3.837769884178418745e-07-5.808967143853187007e-08j), (-5.556099351978833732e-06+3.830583629385852752e-07j), (3.837769884178418745e-07-5.808967143853187007e-08j), (-1.769890290562001200e-03+7.700651885836197019e-05j), (-7.247626419267824283e-06+1.281539598057850177e-07j), (-5.556099351978833732e-06+3.830583629385852752e-07j), (-7.247626419267824283e-06+1.281539598057850177e-07j), (-1.109382867979603893e-03+6.768567324247077828e-05j)
 (-6.372470956090107996e-04+4.224979095229459481e-05j), (3.864144057841336257e-07-5.463920133260056114e-08j), (-5.570782409912192779e-06+3.631618641927843971e-07j), (3.864144057841336257e-07-5.463920133260056114e-08j), (-1.773211717798742985e-03+7.389453801783301085e-05j), (-7.255473148299288751e-06+1.262507707254344288e-07j), (-5.570782409912192779e-06+3.631618641927843971e-07j), (-7.255473148299288751e-06+1.262507707254344288e-07j), (-1.112307059791321079e-03+6.513038535134830565e-05j)
 (-6.389363424702289296e-04+4.043441280445647006e-05j), (3.887098341325720627e-07-5.122190235303615468e-08j), (-5.584365198158573482e-06+3.439064907381776594e-07j), (3.887098341325720627e-07-5.122190235303615468e-08j), (-1.776362381840790837e-03+7.085403324026914884e-05j), (-7.262991527327042845e-06+1.239825930577199602e-07j), (-5.584365198158573482e-06+3.439064907381776594e-07j), (-7.262991527327042845e-06+1.239825930577199602e-07j), (-1.115097769720361023e-03+6.263534101507023941e-05j)
 (-6.405322354054963918e-04+3.868019373808640095e-05j), (3.906794737769186262e-07-4.787480355645284552e-08j), (-5.596870267861880136e-06+3.253273897029311696e-07j), (3.906794737769186262e-07-4.787480355645284552e-08j), (-1.779339728226924083e-03+6.789310425430158447e-05j), (-7.270123365170571277e-06+1.214233197840174089e-07j), (-5.596870267861880136e-06+3.253273897029311696e-07j), (-7.270123365170571277e-06+1.214233197840174089e-07j), (-1.117751500735888245e-03+6.020611816416834324e-05j)
 (-6.420359857934130471e-04+3.699116398922061875e-05j), (3.923464823305274890e-07-4.463162619897540994e-08j), (-5.608333921727514762e-06+3.074656911435381231e-07j), (3.923464823305274890e-07-4.463162619897540994e-08j), (-1.782144660240752090e-03+6.502159466813355580e-05j), (-7.276830015559718181e-06+1.186575074421488041e-07j), (-5.608333921727514762e-06+3.074656911435381231e-07j), (-7.276830015559718181e-06+1.186575074421488041e-07j), (-1.120267633699929648e-03+5.785027792185751472e-05j)
 (-6.434507399162032321e-04+3.537160073968295812e-05j), (3.937395260500928453e-07-4.152136668608090722e-08j), (-5.618806853301293509e-06+2.903634163272329326e-07j), (3.937395260500928453e-07-4.152136668608090722e-08j), (-1.784781778751305670e-03+6.224982609181021218e-05j), (-7.283094004291475521e-06+1.157744788403416137e-07j), (-5.618806853301293509e-06+2.903634163272329326e-07j), (-7.283094004291475521e-06+1.157744788403416137e-07j), (-1.122648790851445925e-03+5.557624182756514561e-05j)
 (-6.447814694235821237e-04+3.382538502248995334e-05j), (3.948911349619526023e-07-3.856725661090802702e-08j), (-5.628353099119616711e-06+2.740583939026924360e-07j), (3.948911349619526023e-07-3.856725661090802702e-08j), (-1.787259207888080258e-03+5.958739910833243280e-05j), (-7.288918807155530426e-06+1.128626978486749030e-07j), (-5.628353099119616711e-06+2.740583939026924360e-07j), (-7.288918807155530426e-06+1.128626978486749030e-07j), (-1.124900812842154121e-03+5.339217462970271329e-05j)
 (-6.460346804545661487e-04+3.235545779673880867e-05j), (3.958360196116571963e-07-3.578616275466683562e-08j), (-5.637047664421897462e-06+2.585799750277618145e-07j), (3.958360196116571963e-07-3.578616275466683562e-08j), (-1.789588075739257256e-03+5.704215957701047374e-05j), (-7.294327065384083713e-06+1.100048673058525249e-07j), (-5.637047664421897462e-06+2.585799750277618145e-07j), (-7.294327065384083713e-06+1.100048673058525249e-07j), (-1.127032395837630069e-03+5.130497411266534286e-05j)
 (-6.472179912212754765e-04+3.096340338256431841e-05j), (3.966094767939076836e-07-3.318839087459118838e-08j), (-5.644973256158147538e-06+2.439462950419259248e-07j), (3.966094767939076836e-07-3.318839087459118838e-08j), (-1.791781742950034062e-03+5.461942642624824840e-05j), (-7.299357613918293220e-06+1.072740294700305179e-07j), (-5.644973256158147538e-06+2.439462950419259248e-07j), (-7.299357613918293220e-06+1.072740294700305179e-07j), (-1.129054463303361382e-03+4.931947706085489721e-05j)
 (-6.483396305895661876e-04+2.964920414060083351e-05j), (3.972459710888578687e-07-3.077782191647631997e-08j), (-5.652216553785808640e-06+2.301619403082890370e-07j), (3.972459710888578687e-07-3.077782191647631997e-08j), (-1.793854878648366413e-03+5.232149719870033848e-05j), (-7.304061711907658270e-06+1.047307889395689394e-07j), (-5.652216553785808640e-06+2.301619403082890370e-07j), (-7.304061711907658270e-06+1.047307889395689394e-07j), (-1.130979359417147792e-03+4.743790836372201619e-05j)
 (-6.494079069577600449e-04+2.841114407417591876e-05j), (3.977779393783846992e-07-2.855232949589947445e-08j), (-5.658864393263864366e-06+2.172176622859595122e-07j), (3.977779393783846992e-07-2.855232949589947445e-08j), (-1.795822477931938686e-03+5.014747132368575446e-05j), (-7.308498830006161088e-06+1.024216577979253539e-07j), (-5.658864393263864366e-06+2.172176622859595122e-07j), (-7.308498830006161088e-06+1.024216577979253539e-07j), (-1.132819951319329922e-03+4.565961142291123382e-05j)
 (-6.504306910377274931e-04+2.724587348110387773e-05j), (3.982348346832393264e-07-2.650443974724727595e-08j), (-5.665000164697224302e-06+2.050907021850365949e-07j), (3.982348346832393264e-07-2.650443974724727595e-08j), (-1.797698904156866048e-03+4.809335203543713247e-05j), (-7.312732292671189886e-06+1.003784467280480095e-07j), (-5.665000164697224302e-06+2.050907021850365949e-07j), (-7.312732292671189886e-06+1.003784467280480095e-07j), (-1.134588720852127298e-03+4.398105351441751134e-05j)
 (-6.514149500279568100e-04+2.614861082910267568e-05j), (3.986424068841692746e-07-2.462212290914846026e-08j), (-5.670700650079368050e-06+1.937459367936079052e-07j), (3.986424068841692746e-07-2.462212290914846026e-08j), (-1.799497027013022190e-03+4.615239620488513148e-05j), (-7.316825020369113771e-06+9.861859037992842238e-08j), (-5.670700650079368050e-06+1.937459367936079052e-07j), (-7.316825020369113771e-06+9.861859037992842238e-08j), (-1.136296917358353958e-03+4.239608364661511859e-05j)
 (-6.523663652628509252e-04+2.511346030796620741e-05j), (3.990222103654087482e-07-2.288973223722474469e-08j), (-5.676033466965013213e-06+1.831384476122432646e-07j), (3.990222103654087482e-07-2.288973223722474469e-08j), (-1.801227515833269625e-03+4.431570745080021028e-05j), (-7.320835580615852418e-06+9.714628413839430420e-08j), (-5.676033466965013213e-06+1.831384476122432646e-07j), (-7.320835580615852418e-06+9.714628413839430420e-08j), (-1.137953834028136626e-03+4.089642029978526682e-05j)
 (-6.532890600499368511e-04+2.413382553993829362e-05j), (3.993913290135901490e-07-2.128900561097617856e-08j), (-5.681055236375142793e-06+1.732156607139541896e-07j), (3.993913290135901490e-07-2.128900561097617856e-08j), (-1.802898336360484431e-03+4.257296055598995093e-05j), (-7.324814739026261351e-06+9.595430606927188810e-08j), (-5.681055236375142793e-06+1.732156607139541896e-07j), (-7.324814739026261351e-06+9.595430606927188810e-08j), (-1.139566261140828422e-03+3.947231380025631209e-05j)
 (-6.541854580948969211e-04+2.320286831017847137e-05j), (3.997623121729263787e-07-1.980014230094311757e-08j), (-5.685810553568074827e-06+1.639211947289667104e-07j), (3.997623121729263787e-07-1.980014230094311757e-08j), (-1.804514486214609924e-03+4.091324721283170042e-05j), (-7.328802693388370915e-06+9.502638945890680880e-08j), (-5.685810553568074827e-06+1.639211947289667104e-07j), (-7.328802693388370915e-06+9.502638945890680880e-08j), (-1.141138158708339314e-03+3.811333535523128176e-05j)
 (-6.550562839813204447e-04+2.231399854975777417e-05j), (4.001433163986870725e-07-1.840286498814840043e-08j), (-5.690331796635714430e-06+1.551970852207567449e-07j), (4.001433163986870725e-07-1.840286498814840043e-08j), (-1.806077987306763805e-03+3.932594284370019507e-05j), (-7.332827159308896255e-06+9.433999023762791988e-08j), (-5.690331796635714430e-06+1.551970852207567449e-07j), (-7.332827159308896255e-06+9.433999023762791988e-08j), (-1.142670576046520524e-03+3.680921879717894861e-05j)
 (-6.559007051784651599e-04+2.146132714675107834e-05j), (4.005384436596027956e-07-1.707743364160372445e-08j), (-5.694639754635185426e-06+1.469877550125700256e-07j), (4.005384436596027956e-07-1.707743364160372445e-08j), (-1.807588131435093441e-03+3.780151775418701674e-05j), (-7.336902440141333764e-06+9.386926534124996044e-08j), (-5.694639754635185426e-06+1.469877550125700256e-07j), (-7.336902440141333764e-06+9.386926534124996044e-08j), (-1.144161825299011732e-03+3.555068685096654117e-05j)
 (-6.567166005711517346e-04+2.064005234105405656e-05j), (4.009482561168500747e-07-1.580554443991025331e-08j), (-5.698744991819003363e-06+1.392422781081958326e-07j), (4.009482561168500747e-07-1.580554443991025331e-08j), (-1.809041949676755152e-03+3.633222702200548709e-05j), (-7.341029546365300666e-06+9.358804897612695514e-08j), (-5.698744991819003363e-06+1.392422781081958326e-07j), (-7.341029546365300666e-06+9.358804897612695514e-08j), (-1.145607890482169215e-03+3.433017232209813782e-05j)
 (-6.575009257723512385e-04+1.984674408642990830e-05j), (4.013704325135654782e-07-1.457107942351567022e-08j), (-5.702649795393451613e-06+1.319167343863921484e-07j), (4.013704325135654782e-07-1.457107942351567022e-08j), (-1.810434850606466427e-03+3.491260300188614923e-05j), (-7.345197333686338894e-06+9.347260188742333068e-08j), (-5.702649795393451613e-06+1.319167343863921484e-07j), (-7.345197333686338894e-06+9.347260188742333068e-08j), (-1.147003026502310934e-03+3.314236381526073646e-05j)
 (-6.582501336190298841e-04+1.907948617449125800e-05j), (4.018005157882642927e-07-1.336059497146758890e-08j), (-5.706350494588355331e-06+1.249754065896687984e-07j), (4.018005157882642927e-07-1.336059497146758890e-08j), (-1.811761352474276603e-03+3.353973024995184906e-05j), (-7.349384518408850364e-06+9.350392292554207168e-08j), (-5.706350494588355331e-06+1.249754065896687984e-07j), (-7.349384518408850364e-06+9.350392292554207168e-08j), (-1.148340479090426049e-03+3.198454422769104734e-05j)
 (-6.589606021093503269e-04+1.833789750721221030e-05j), (4.022326903284538995e-07-1.216359685313023868e-08j), (-5.709839903270221681e-06+1.183916916855466284e-07j), (4.022326903284538995e-07-1.216359685313023868e-08j), (-1.813015824961830037e-03+3.221325677360687133e-05j), (-7.353562327430676889e-06+9.366946043083620571e-08j), (-5.709839903270221681e-06+1.183916916855466284e-07j), (-7.353562327430676889e-06+9.366946043083620571e-08j), (-1.149613242275805605e-03+3.085667399003428577e-05j)
 (-6.596290236045888877e-04+1.762300998349478496e-05j), (4.026605245530555801e-07-1.097253231737476484e-08j), (-5.713109638535888106e-06+1.121482769534093283e-07j), (4.026605245530555801e-07-1.097253231737476484e-08j), (-1.814193160101737392e-03+3.093519278699216163e-05j), (-7.357697471925507710e-06+9.396413342628552978e-08j), (-5.713109638535888106e-06+1.121482769534093283e-07j), (-7.357697471925507710e-06+9.396413342628552978e-08j), (-1.150814768848372558e-03+2.976123711219199073e-05j)
 (-6.602527180576515942e-04+1.693705544096385927e-05j), (4.030776216186671798e-07-9.782580334725203451e-09j), (-5.716152104873588606e-06+1.062351766537067309e-07j), (4.030776216186671798e-07-9.782580334725203451e-09j), (-1.815289308547498627e-03+2.970955771944691889e-05j), (-7.361755116128188905e-06+9.439066215205679317e-08j), (-5.716152104873588606e-06+1.062351766537067309e-07j), (-7.361755116128188905e-06+9.439066215205679317e-08j), (-1.151939561846825402e-03+2.870290933628067968e-05j)
 (-6.608298472432234255e-04+1.628318637081713492e-05j), (4.034781366301721031e-07-8.591251722844145861e-09j), (-5.718962000182419571e-06+1.006495793808175687e-07j), (4.034781366301721031e-07-8.591251722844145861e-09j), (-1.816301642708944425e-03+2.854188430274798120e-05j), (-7.365701547409593211e-06+9.495929016882077680e-08j), (-5.718962000182419571e-06+1.006495793808175687e-07j), (-7.365701547409593211e-06+9.495929016882077680e-08j), (-1.152983598446617134e-03+2.768807670043493685e-05j)
 (-6.613595230314517348e-04+1.566517803139843074e-05j), (4.038571391920760655e-07-7.397910148644808281e-09j), (-5.721537280122145439e-06+9.539413064294657455e-08j), (4.038571391920760655e-07-7.397910148644808281e-09j), (-1.817229136448509242e-03+2.743871191752198099e-05j), (-7.369506331375605442e-06+9.568703891931654926e-08j), (-5.721537280122145439e-06+9.539413064294657455e-08j), (-7.369506331375605442e-06+9.568703891931654926e-08j), (-1.153944566142407757e-03+2.672431704882366764e-05j)
 (-6.618418174353258437e-04+1.508712276607568466e-05j), (4.042108209289627925e-07-6.203208286748007828e-09j), (-5.723879595045583230e-06+9.047494456771630542e-08j), (4.042108209289627925e-07-6.203208286748007828e-09j), (-1.818072376107773402e-03+2.640706692335222886e-05j), (-7.373143834683541351e-06+9.659667118911754809e-08j), (-5.723879595045583230e-06+9.047494456771630542e-08j), (-7.373143834683541351e-06+9.659667118911754809e-08j), (-1.154821918450433214e-03+2.581984239134482863e-05j)
 (-6.622776927291702115e-04+1.455319260209910615e-05j), (4.045365647618404625e-07-5.008555297038591738e-09j), (-5.725994273817328963e-06+8.589992616362693076e-08j), (4.045365647618404625e-07-5.008555297038591738e-09j), (-1.818833435499483866e-03+2.545409223587797998e-05j), (-7.376594096579716544e-06+9.771553674745080144e-08j), (-5.725994273817328963e-06+8.589992616362693076e-08j), (-7.376594096579716544e-06+9.771553674745080144e-08j), (-1.155616778532166187e-03+2.498307292519894821e-05j)
 (-6.626688754180539570e-04+1.406742996943940762e-05j), (4.048329038469931912e-07-3.815669351841384815e-09j), (-5.727889964916050306e-06+8.167891627455432077e-08j), (4.048329038469931912e-07-3.815669351841384815e-09j), (-1.819515656456092024e-03+2.458664100026948339e-05j), (-7.379843110325873002e-06+9.907444838957094153e-08j), (-5.727889964916050306e-06+8.167891627455432077e-08j), (-7.379843110325873002e-06+9.907444838957094153e-08j), (-1.156331731454583126e-03+2.422221778643385523e-05j)
