 (-1.564001407512316797e-14+2.155556272205674187e-10j), (1.497807401407437214e-21+1.278612254196848550e-17j), (-7.596844982863122582e-21-5.758331032170047291e-18j), (1.497807401407437214e-21+1.278612254196848550e-17j), (-2.174466288404667391e-14+2.899139236390202941e-10j), (-1.288838933496391839e-20-1.129725875040110744e-19j), (-7.596844982863122582e-21-5.758331032170047291e-18j), (-1.288838933496391839e-20-1.129725875040110744e-19j), (-9.822083481331836837e-16+4.078448083892922834e-11j)
 (-7.259261108782194070e-13+1.468562995853364753e-09j), (4.131329487766829278e-20+8.701999314140386529e-17j), (2.667260665193413690e-20-4.627377165119186266e-17j), (4.131329487766829278e-20+8.701999314140386529e-17j), (-1.009276398464747592e-12+1.975160020666737060e-09j), (-1.126361712034464707e-19-1.089731017241181811e-17j), (2.667260665193413690e-20-4.627377165119186266e-17j), (-1.126361712034464707e-19-1.089731017241181811e-17j), (-4.466386255011348504e-14+2.777650097978514460e-10j)
 (-3.369392538161931631e-11+1.000508264134078380e-08j), (1.723962693363241274e-18+5.927639445467252291e-16j), (3.706742441627431259e-18-3.161450458473100004e-16j), (1.723962693363241274e-18+5.927639445467252291e-16j), (-4.684567757486249595e-11+1.345643882402368322e-08j), (-2.076793638465875131e-18-7.571967030819841393e-17j), (3.706742441627431259e-18-3.161450458473100004e-16j), (-2.076793638465875131e-18-7.571967030819841393e-17j), (-2.068407968363642341e-12+1.892374337938498460e-09j)
 (-1.562960065968499796e-09+6.812573319747319321e-08j), (7.875084212388468523e-17+4.040575028632642922e-15j), (1.886727633521249246e-16-2.145592478150797004e-15j), (7.875084212388468523e-17+4.040575028632642922e-15j), (-2.173007020446109761e-09+9.162400974174592470e-08j), (-7.505787625920429953e-17-5.047287741288473369e-16j), (1.886727633521249246e-16-2.145592478150797004e-15j), (-7.505787625920429953e-17-5.047287741288473369e-16j), (-9.596951761335104267e-11+1.289181610267831471e-08j)
 (-7.051348577718716952e-08+4.524425917499789813e-07j), (3.646363961511698520e-15+2.822753603062486331e-14j), (8.759491872424469655e-15-1.205264871719825889e-14j), (3.646363961511698520e-15+2.822753603062486331e-14j), (-9.798684999257066182e-08+6.077690218903130397e-07j), (-3.231317069072046697e-15+1.994854941581025817e-16j), (8.759491872424469655e-15-1.205264871719825889e-14j), (-3.231317069072046697e-15+1.994854941581025817e-16j), (-4.439182535745334182e-09+8.758589688067145209e-08j)
 (-1.462634762299532110e-06+1.534248258106249481e-06j), (2.361685091015336454e-13+4.892643462763579831e-13j), (2.441637304558486778e-13+4.454920253732473898e-13j), (2.361685091015336454e-13+4.892643462763579831e-13j), (-1.995502496046679506e-06+1.978395863609310512e-06j), (-7.954867788674635492e-14+5.201189312490361994e-13j), (2.441637304558486778e-13+4.454920253732473898e-13j), (-7.954867788674635492e-14+5.201189312490361994e-13j), (-1.793391882377648307e-07+5.312162135352283026e-07j)
 (-3.373316023340985560e-06+9.459507562411208585e-07j), (-1.111512428720743297e-11+1.060346283438968473e-11j), (-9.572424682854884874e-12+2.494183901962700079e-11j), (-1.111512428720743297e-11+1.060346283438968473e-11j), (-4.277215411505986563e-06+1.103708884628647898e-06j), (-9.956423738998662888e-13+2.810961531003223352e-12j), (-9.572424682854884874e-12+2.494183901962700079e-11j), (-9.956423738998662888e-13+2.810961531003223352e-12j), (-1.456726439761008753e-06+7.738136557970447576e-07j)
 (-4.016889769834550303e-06+3.710588952518975438e-07j), (1.040339012802761125e-10-1.003001459377458174e-10j), (5.692378934336980545e-11-6.610917270288913090e-11j), (1.040339012802761125e-10-1.003001459377458174e-10j), (-5.013905976582867137e-06+4.320339790194027910e-07j), (1.346453996830808724e-10-1.745507512275078152e-10j), (5.692378934336980545e-11-6.610917270288913090e-11j), (1.346453996830808724e-10-1.745507512275078152e-10j), (-2.060993220406109326e-06+3.141242115049688414e-07j)
 (-4.296295666989130353e-06+1.177381092323596698e-07j), (1.387866249070340012e-10+3.959396445452576523e-11j), (2.265135952261913906e-10-2.528958388397406346e-11j), (1.387866249070340012e-10+3.959396445452576523e-11j), (-5.333619170648397724e-06+1.384005161696216970e-07j), (7.638070851079142809e-11-9.545915053912039223e-11j), (2.265135952261913906e-10-2.528958388397406346e-11j), (7.638070851079142809e-11-9.545915053912039223e-11j), (-2.334911698388243223e-06+9.455531635652385380e-08j)
 (-4.425770664173501502e-06+2.920296229236487784e-08j), (2.618500571777750850e-11+2.835123724645055456e-11j), (2.344213553186376656e-11+3.952052506779190756e-12j), (2.618500571777750850e-11+2.835123724645055456e-11j), (-5.488689791393970679e-06+3.562088481944282221e-08j), (1.812258620781158801e-11-2.319246900112814496e-11j), (2.344213553186376656e-11+3.952052506779190756e-12j), (1.812258620781158801e-11-2.319246900112814496e-11j), (-2.424566852384297658e-06+1.961537006339375509e-08j)
 (-4.442228118664330631e-06+4.999152031214281075e-09j), (-4.050899126839529013e-11+1.154139869534256697e-11j), (-2.775022884721580288e-11+5.022005803074203341e-12j), (-4.050899126839529013e-11+1.154139869534256697e-11j), (-5.509720299677778823e-06+6.178276770261142754e-09j), (2.967619250573509887e-11-4.505637217279142397e-12j), (-2.775022884721580288e-11+5.022005803074203341e-12j), (2.967619250573509887e-11-4.505637217279142397e-12j), (-2.433161826606132612e-06+3.176841754024029472e-09j)
 (-4.442734172836889429e-06+7.376082205298580178e-10j), (-4.445050166681077484e-11+1.754547960819995637e-12j), (-3.024953595794921624e-11+7.688981992596810826e-13j), (-4.445050166681077484e-11+1.754547960819995637e-12j), (-5.510375012510281650e-06+9.119570073158448626e-10j), (3.024303695419167374e-11-6.683047300374828675e-13j), (-3.024953595794921624e-11+7.688981992596810826e-13j), (3.024303695419167374e-11-6.683047300374828675e-13j), (-2.433416649320690494e-06+4.679038144849877796e-10j)
 (-4.442745197781598159e-06+1.082945091679901269e-10j), (-4.453814714305875305e-11+2.577099344207965759e-13j), (-3.030472188362673205e-11+1.129797900411063192e-13j), (-4.453814714305875305e-11+2.577099344207965759e-13j), (-5.510389280781290353e-06+1.338854722231437181e-10j), (3.025574909245056093e-11-9.851557342217975335e-14j), (-3.030472188362673205e-11+1.129797900411063192e-13j), (3.025574909245056093e-11-9.851557342217975335e-14j), (-2.433422196398496722e-06+6.871000109099856088e-11j)
