 (-1.355133830817961223e-09+9.435762187543865232e-08j), (1.679796432099700671e-16+5.378755499311626021e-18j), (-6.602195040604637263e-17-3.560816284377345412e-18j), (1.679796432099700671e-16+5.378755499311626021e-18j), (-1.969734179962770244e-09+1.258053986438106006e-07j), (-8.331552755336482073e-15+2.830425482675989303e-13j), (-6.602195040604637263e-17-3.560816284377345412e-18j), (-8.331552755336482073e-15+2.830425482675989303e-13j), (-1.969728273727383298e-09+1.258051886195717529e-07j)
 (-1.876539716667580695e-09+1.110319084816550102e-07j), (2.325978350604290806e-16+8.419592785996305059e-18j), (-9.141975345597177912e-17-5.071581053138926352e-18j), (2.325978350604290806e-16+8.419592785996305059e-18j), (-2.727569139880226539e-09+1.480345919618623059e-07j), (-1.153810719987814679e-14+3.330038959480370633e-13j), (-9.141975345597177912e-17-5.071581053138926352e-18j), (-1.153810719987814679e-14+3.330038959480370633e-13j), (-2.727560962037558615e-09+1.480343448662237669e-07j)
 (-2.598474714688593420e-09+1.306485745040513974e-07j), (3.220326809782245884e-16+1.334728316015258621e-17j), (-1.265685917371769386e-16-7.421904685953507229e-18j), (3.220326809782245884e-16+1.334728316015258621e-17j), (-3.776819423462834980e-09+1.741849181138453984e-07j), (-1.597658133899089734e-14+3.917442578146995099e-13j), (-1.265685917371769386e-16-7.421904685953507229e-18j), (-1.597658133899089734e-14+3.917442578146995099e-13j), (-3.776808101190070252e-09+1.741846274320170758e-07j)
 (-3.597979506210884661e-09+1.537241980573895105e-07j), (4.457836256538925789e-16+2.135557066829279713e-17j), (-1.751978645476892765e-16-1.112636731405718547e-17j), (4.457836256538925789e-16+2.135557066829279713e-17j), (-5.229403785215183552e-09+2.049438601115182208e-07j), (-2.211886987002858325e-14+4.607807858656719864e-13j), (-1.751978645476892765e-16-1.112636731405718547e-17j), (-2.211886987002858325e-14+4.607807858656719864e-13j), (-5.229388111115675081e-09+2.049435182018868459e-07j)
 (-4.981618141000333084e-09+1.808643885417459697e-07j), (6.169590229877066965e-16+3.439252876765414968e-17j), (-2.424509884765515186e-16-1.702209962009399710e-17j), (6.169590229877066965e-16+3.439252876765414968e-17j), (-7.240094292453170628e-09+2.411168006368956835e-07j), (-3.061650252499339325e-14+5.418766794942034420e-13j), (-2.424509884765515186e-16-1.702209962009399710e-17j), (-3.061650252499339325e-14+5.418766794942034420e-13j), (-7.240072597032407457e-09+2.411163985474871448e-07j)
 (-6.896723503540486072e-09+2.127780827170497933e-07j), (8.536224821359174222e-16+5.563373314164109190e-17j), (-3.354104267462907201e-16-2.647070331780740887e-17j), (8.536224821359174222e-16+5.563373314164109190e-17j), (-1.002280621783748742e-08+2.836455781892278772e-07j), (-4.236804769431442215e-14+6.370707951379826978e-13j), (-3.354104267462907201e-16-2.647070331780740887e-17j), (-4.236804769431442215e-14+6.370707951379826978e-13j), (-1.002277619403683969e-08+2.836451054515605237e-07j)
 (-9.546863505773688139e-09+2.502934660951214026e-07j), (1.180619410271376780e-15+9.024935923302514481e-17j), (-4.638077667185254407e-16-4.168520390107001876e-17j), (1.180619410271376780e-15+9.024935923302514481e-17j), (-1.387297171993668277e-08+3.336288973196387612e-07j), (-5.861094037898176371e-14+7.487039166687720490e-13j), (-4.638077667185254407e-16-4.168520390107001876e-17j), (-5.861094037898176371e-14+7.487039166687720490e-13j), (-1.387293018231284410e-08+3.336283417220073051e-07j)
 (-1.321305468109447260e-08+2.943752487924743245e-07j), (1.632034046266179219e-15+1.466437852820318364e-16j), (-6.409746408609165383e-16-6.625829670336434225e-17j), (1.632034046266179219e-15+1.466437852820318364e-16j), (-1.919816993361241188e-08+3.923440412131494610e-07j), (-8.104580465789366605e-14+8.794359195550516163e-13j), (-6.409746408609165383e-16-6.625829670336434225e-17j), (-8.104580465789366605e-14+8.794359195550516163e-13j), (-1.919811248898440804e-08+3.923433885594522776e-07j)
 (-1.828274905428862632e-08+3.461426380654250780e-07j), (2.254456035386619427e-15+2.384525784389621917e-16j), (-8.850988471104599287e-16-1.060119213415608248e-16j), (2.254456035386619427e-15+2.384525784389621917e-16j), (-2.655987011543336800e-08+4.612687070262475611e-07j), (-1.120032883645325396e-13+1.032244043661888870e-12j), (-8.850988471104599287e-16-1.060119213415608248e-16j), (-1.120032883645325396e-13+1.032244043661888870e-12j), (-2.655979071467685624e-08+4.612679408935029141e-07j)
 (-2.528923264732519689e-08+4.068866963859433542e-07j), (3.111247446365998531e-15+3.877439691566065610e-16j), (-1.220849422553175352e-15-1.703576205752532291e-16j), (3.111247446365998531e-15+3.877439691566065610e-16j), (-3.672995680625674598e-08+5.421007406665921668e-07j), (-1.546651338013756449e-13+1.210386167698048066e-12j), (-1.220849422553175352e-15-1.703576205752532291e-16j), (-1.546651338013756449e-13+1.210386167698048066e-12j), (-3.672984713860072862e-08+5.420998421856693305e-07j)
 (-3.496477470030157854e-08+4.780847012063891165e-07j), (4.287972598826052368e-15+6.301204744051923545e-16j), (-1.681413880752895290e-15-2.744597572690711966e-16j), (4.287972598826052368e-15+6.301204744051923545e-16j), (-5.076657970955805934e-08+6.367718579553761540e-07j), (-2.133517663807608611e-13+1.417303277860671369e-12j), (-1.681413880752895290e-15-2.744597572690711966e-16j), (-2.133517663807608611e-13+1.417303277860671369e-12j), (-5.076642839212414572e-08+6.367708056580646205e-07j)
 (-4.831156391699159445e-08+5.614074065893808866e-07j), (5.899025580265377481e-15+1.022777663775682208e-15j), (-2.310923550313797667e-15-4.426433234359589833e-16j), (5.899025580265377481e-15+1.022777663775682208e-15j), (-7.011461903587900257e-08+7.474487757930262748e-07j), (-2.938862219480063761e-13+1.656420916523396044e-12j), (-2.310923550313797667e-15-4.426433234359589833e-16j), (-2.938862219480063761e-13+1.656420916523396044e-12j), (-7.011441054458551994e-08+7.474475455975825130e-07j)
 (-6.669493482389885103e-08+6.587124386401599232e-07j), (8.095170430310462597e-15+1.657087147225547199e-15j), (-3.167087474714284458e-15-7.136947515839452322e-16j), (8.095170430310462597e-15+1.657087147225547199e-15j), (-9.673625817192300157e-08+8.765111097618525128e-07j), (-4.040351714645979063e-13+1.930789014097620523e-12j), (-3.167087474714284458e-15-7.136947515839452322e-16j), (-4.040351714645979063e-13+1.930789014097620523e-12j), (-9.673597146026587236e-08+8.765096752129658319e-07j)
 (-9.196314155130222941e-08+7.720130527843894568e-07j), (1.107100757843798643e-14+2.677916030236885327e-15j), (-4.323527616440944279e-15-1.148957857317100852e-15j), (1.107100757843798643e-14+2.677916030236885327e-15j), (-1.332759630847566908e-07+1.026489441257762250e-06j), (-5.540057249571209393e-13+2.242472845221191673e-12j), (-4.323527616440944279e-15-1.148957857317100852e-15j), (-5.540057249571209393e-13+2.242472845221191673e-12j), (-1.332755698541181727e-07+1.026487774199976591e-06j)
 (-1.265960476728796539e-07+9.034057671035503717e-07j), (1.507002743040749293e-14+4.312599143080139021e-15j), (-5.870692183939777598e-15-1.844381384971053885e-15j), (1.507002743040749293e-14+4.312599143080139021e-15j), (-1.832600211849367115e-07+1.199938778882655763e-06j), (-7.569309737099703790e-13+2.591577834515601935e-12j), (-5.870692183939777598e-15-1.844381384971053885e-15j), (-7.569309737099703790e-13+2.591577834515601935e-12j), (-1.832594838215290683e-07+1.199936850830757625e-06j)
 (-1.738799193648668700e-07+1.054932853689209438e-06j), (2.038246279851004584e-14+6.912892273181740879e-15j), (-7.913130365683970798e-15-2.947764019782929998e-15j), (2.038246279851004584e-14+6.912892273181740879e-15j), (-2.513210602633801670e-07+1.399212552372630638e-06j), (-1.029192107669751300e-12+2.974768476184334607e-12j), (-7.913130365683970798e-15-2.947764019782929998e-15j), (-1.029192107669751300e-12+2.974768476184334607e-12j), (-2.513203295711708125e-07+1.399210336941160643e-06j)
 (-2.380943855047679053e-07+1.228347088818259538e-06j), (2.732713935725194572e-14+1.101258297299848774e-14j), (-1.055915663581598431e-14-4.681993066751639233e-15j), (2.732713935725194572e-14+1.101258297299848774e-14j), (-3.434187194878779538e-07+1.626092366136330407e-06j), (-1.390281503667688005e-12+3.383154404799478714e-12j), (-1.055915663581598431e-14-4.681993066751639233e-15j), (-1.390281503667688005e-12+3.383154404799478714e-12j), (-3.434177325641467257e-07+1.626089842975240046e-06j)
 (-3.246769036163083276e-07+1.424739411392562097e-06j), (3.620270236145397707e-14+1.740000791303815942e-14j), (-1.389646036508460546e-14-7.373309120856122399e-15j), (3.620270236145397707e-14+1.740000791303815942e-14j), (-4.669941461924938286e-07+1.881224881007703795e-06j), (-1.861697947435361308e-12+3.799522363843372113e-12j), (-1.389646036508460546e-14-7.373309120856122399e-15j), (-1.861697947435361308e-12+3.799522363843372113e-12j), (-4.669928251553651707e-07+1.881222041689682918e-06j)
 (-4.402960809811111819e-07+1.643992251185640617e-06j), (4.718688577373339097e-14+2.719561109410980436e-14j), (-1.794453930850566910e-14-1.147923162306765432e-14j), (4.718688577373339097e-14+2.719561109410980436e-14j), (-6.309453014117074276e-07+2.163331952773777696e-06j), (-2.464108467737486717e-12+4.195191756457029033e-12j), (-1.794453930850566910e-14-1.147923162306765432e-14j), (-2.464108467737486717e-12+4.195191756457029033e-12j), (-6.309435542060014685e-07+2.163328808847689821e-06j)
 (-5.927177835596303083e-07+1.884045867033480382e-06j), (6.015892605150929468e-14+4.190583625238445363e-14j), (-2.257394316999319723e-14-1.760201617961858763e-14j), (6.015892605150929468e-14+4.190583625238445363e-14j), (-8.452479772473167283e-07+2.468214943368063802e-06j), (-3.211839488155143081e-12+4.527396950254293547e-12j), (-2.257394316999319723e-14-1.760201617961858763e-14j), (-3.211839488155143081e-12+4.527396950254293547e-12j), (-8.452457023195112582e-07+2.468211536112524367e-06j)
 (-7.902984507759912004e-07+2.140032563525607144e-06j), (7.442986449096846448e-14+6.339350362318071763e-14j), (-2.738795423431395970e-14-2.645946654684003604e-14j), (7.442986449096846448e-14+6.339350362318071763e-14j), (-1.120001604492894790e-06+2.787695207666778075e-06j), (-4.103999890209304704e-12+4.739133195529835243e-12j), (-2.738795423431395970e-14-2.645946654684003604e-14j), (-4.103999890209304704e-12+4.739133195529835243e-12j), (-1.119998701377932042e-06+2.787691617727716484e-06j)
 (-1.040923780324255786e-06+2.403463228065264272e-06j), (8.840671320977467826e-14+9.366752044429544692e-14j), (-3.158293991306329088e-14-3.876896896852673869e-14j), (8.840671320977467826e-14+9.366752044429544692e-14j), (-1.463713734021365680e-06+3.108830413656178096e-06j), (-5.112770748412389042e-12+4.764633056133601402e-12j), (-3.158293991306329088e-14-3.876896896852673869e-14j), (-5.112770748412389042e-12+4.764633056133601402e-12j), (-1.463710121112776333e-06+3.108826766789683834e-06j)
 (-1.350295715026516613e-06+2.661833209082081040e-06j), (9.930943374353556049e-14+1.343806227652749542e-13j), (-3.384793096927887461e-14-5.499704656676498160e-14j), (9.930943374353556049e-14+1.343806227652749542e-13j), (-1.880848825459790484e-06+3.413967586558279199e-06j), (-6.172240112290953552e-12+4.544143749692862957e-12j), (-3.384793096927887461e-14-5.499704656676498160e-14j), (-6.172240112290953552e-12+4.544143749692862957e-12j), (-1.880844463582235508e-06+3.413964049952587416e-06j)
 (-1.719734332310318619e-06+2.899166511698908361e-06j), (1.031993797289291445e-13+1.859977525855969873e-13j), (-3.242814992815863200e-14-7.496619575893179241e-14j), (1.031993797289291445e-13+1.859977525855969873e-13j), (-2.369116929604837222e-06+3.682268019499028632e-06j), (-7.175428178389461829e-12+4.049538848140026506e-12j), (-3.242814992815863200e-14-7.496619575893179241e-14j), (-7.175428178389461829e-12+4.049538848140026506e-12j), (-2.369111845377552217e-06+3.682264783551900972e-06j)
 (-2.144103643676765900e-06+3.097952722265926891e-06j), (9.567929658335802263e-14+2.468408682390305660e-13j), (-2.551911245156585595e-14-9.743031086282181736e-14j), (9.567929658335802263e-14+2.468408682390305660e-13j), (-2.917542691987382474e-06+3.893005016040980536e-06j), (-7.990372635110962156e-12+3.315398388413705873e-12j), (-2.551911245156585595e-14-9.743031086282181736e-14j), (-7.990372635110962156e-12+3.315398388413705873e-12j), (-2.917536990455591227e-06+3.893002261203289901e-06j)
 (-2.610879894342539253e-06+3.242449988312674308e-06j), (7.348099675445766214e-14+3.126258847923837542e-13j), (-1.207826673795204168e-14-1.199250473693218701e-13j), (7.348099675445766214e-14+3.126258847923837542e-13j), (-3.506611259206944012e-06+4.030069304375380648e-06j), (-8.502898939070791589e-12+2.459025799644103394e-12j), (-1.207826673795204168e-14-1.199250473693218701e-13j), (-8.502898939070791589e-12+2.459025799644103394e-12j), (-3.506605115320499102e-06+4.030067161424831446e-06j)
 (-3.101326524083284443e-06+3.322479267926080839e-06j), (3.652598896680026452e-14+3.774228281410185345e-13j), (7.173184082314491462e-15-1.393411026272430523e-13j), (3.652598896680026452e-14+3.774228281410185345e-13j), (-4.111216130498372568e-06+4.086088622128650918e-06j), (-8.678574657856631438e-12+1.664253689116742895e-12j), (7.173184082314491462e-15-1.393411026272430523e-13j), (-8.678574657856631438e-12+1.664253689116742895e-12j), (-4.111209757132557530e-06+4.086087141694087154e-06j)
 (-3.593912720243764216e-06+3.336144978807625606e-06j), (-1.102405762746623551e-14+4.365937595932684066e-13j), (2.930542690893567672e-14-1.534674516234976731e-13j), (-1.102405762746623551e-14+4.365937595932684066e-13j), (-4.705734967939396811e-06+4.064239165849126460e-06j), (-8.611435411220003520e-12+1.110632290786973408e-12j), (2.930542690893567672e-14-1.534674516234976731e-13j), (-8.611435411220003520e-12+1.110632290786973408e-12j), (-4.705728571023733958e-06+4.064238311634662031e-06j)
 (-4.068850550242719513e-06+3.290106549721886364e-06j), (-6.292233798641338588e-14+4.905938322967285270e-13j), (5.037396526596483610e-14-1.629191472525749450e-13j), (-6.292233798641338588e-14+4.905938322967285270e-13j), (-5.269238176900621208e-06+3.976788800830342810e-06j), (-8.508362178720989945e-12+8.617084147856756903e-13j), (5.037396526596483610e-14-1.629191472525749450e-13j), (-8.508362178720989945e-12+8.617084147856756903e-13j), (-5.269231916088600953e-06+3.976788469329656093e-06j)
 (-4.511884206706117625e-06+3.197217405952654563e-06j), (-1.171270521802515890e-13+5.458896529149937776e-13j), (6.868771430341227786e-14-1.715668755028974472e-13j), (-1.171270521802515890e-13+5.458896529149937776e-13j), (-5.788722517406008721e-06+3.841130631074210460e-06j), (-8.571907093928610542e-12+7.766954874300548036e-13j), (6.868771430341227786e-14-1.715668755028974472e-13j), (-8.571907093928610542e-12+7.766954874300548036e-13j), (-5.788716486790001406e-06+3.841130687067339532e-06j)
 (-4.915910315374550408e-06+3.072706037805549947e-06j), (-1.825554713672829296e-13+6.081070161962290142e-13j), (8.829105647424043898e-14-1.830345385676047649e-13j), (-1.825554713672829296e-13+6.081070161962290142e-13j), (-6.259481590718573077e-06+3.675218439119212323e-06j), (-8.810585105854385247e-12+5.446726647414851409e-13j), (8.829105647424043898e-14-1.830345385676047649e-13j), (-8.810585105854385247e-12+5.446726647414851409e-13j), (-6.259475822394043667e-06+3.675218750953198385e-06j)
 (-5.280254794384477780e-06+2.930581521822215874e-06j), (-2.765437014335922190e-13+6.673303980599386224e-13j), (1.177765649875456258e-13-1.932368337352638030e-13j), (-2.765437014335922190e-13+6.673303980599386224e-13j), (-6.683227698459818735e-06+3.494146602066343425e-06j), (-8.906680203451675542e-12-9.690009479619023520e-14j), (1.177765649875456258e-13-1.932368337352638030e-13j), (-8.906680203451675542e-12-9.690009479619023520e-14j), (-6.683222181893213729e-06+3.494147064659601260e-06j)
 (-5.608484813329193036e-06+2.781425265030604804e-06j), (-4.038439631539152429e-13+6.881332795235863080e-13j), (1.598584166490219633e-13-1.852219657504799932e-13j), (-4.038439631539152429e-13+6.881332795235863080e-13j), (-7.065303359015804727e-06+3.308584544197801903e-06j), (-8.323528475729190916e-12-1.042582664903765563e-12j), (1.598584166490219633e-13-1.852219657504799932e-13j), (-8.323528475729190916e-12-1.042582664903765563e-12j), (-7.065298064773192534e-06+3.308585084576296300e-06j)
 (-5.905919615501768944e-06+2.631819636045143912e-06j), (-5.255081187759729602e-13+6.273544961529181959e-13j), (1.958762493664263014e-13-1.377490706632809104e-13j), (-5.255081187759729602e-13+6.273544961529181959e-13j), (-7.412126524589313660e-06+3.124822502705853541e-06j), (-6.716913980479868978e-12-1.664033812771279202e-12j), (1.958762493664263014e-13-1.377490706632809104e-13j), (-6.716913980479868978e-12-1.664033812771279202e-12j), (-7.412121418838310331e-06+3.124823071001423513e-06j)
 (-6.177688959638366831e-06+2.485005999153314426e-06j), (-5.543255786902864598e-13+4.877023566091610536e-13j), (1.834753944094158568e-13-5.158100085896528511e-14j), (-5.543255786902864598e-13+4.877023566091610536e-13j), (-7.729447604383858763e-06+2.945786527241718815e-06j), (-4.416999184372928711e-12-1.099982111172127055e-12j), (1.834753944094158568e-13-5.158100085896528511e-14j), (-4.416999184372928711e-12-1.099982111172127055e-12j), (-7.729442645495009084e-06+2.945787090114533037e-06j)
 (-6.427705865410115445e-06+2.342125599252232216e-06j), (-4.151113793641672195e-13+3.667451431814743333e-13j), (8.643505308447262327e-14+2.659210273427362738e-14j), (-4.151113793641672195e-13+3.667451431814743333e-13j), (-8.021541045445529914e-06+2.772398312002782650e-06j), (-2.510238758410304453e-12+1.047643944253299035e-12j), (8.643505308447262327e-14+2.659210273427362738e-14j), (-2.510238758410304453e-12+1.047643944253299035e-12j), (-8.021536181373612725e-06+2.772398871373805120e-06j)
 (-6.658514569468771415e-06+2.203439001593495517e-06j), (-1.472379167890816684e-13+4.253490307973651898e-13j), (-7.475407173323371830e-14+2.016912334816966209e-14j), (-1.472379167890816684e-13+4.253490307973651898e-13j), (-8.291194625504779762e-06+2.604797513279640949e-06j), (-2.232142636863660341e-12+4.124855320799466164e-12j), (-7.475407173323371830e-14+2.016912334816966209e-14j), (-2.232142636863660341e-12+4.124855320799466164e-12j), (-8.291189837751601770e-06+2.604798130683539307e-06j)
 (-6.871696427225583144e-06+2.069122216718162317e-06j), (5.555287879692195919e-14+7.521047663367987325e-13j), (-2.038145384953970707e-13-1.099575691625451507e-13j), (5.555287879692195919e-14+7.521047663367987325e-13j), (-8.540192802936796341e-06+2.443112715954105131e-06j), (-3.993052360113068950e-12+6.571371994857355166e-12j), (-2.038145384953970707e-13-1.099575691625451507e-13j), (-3.993052360113068950e-12+6.571371994857355166e-12j), (-8.540188184544386706e-06+2.443113457171320842e-06j)
 (-7.068410659206884169e-06+1.939537105435670598e-06j), (-3.969087644966963533e-14+1.228219774191756353e-12j), (-1.867333823839588100e-13-2.983582682525730032e-13j), (-3.969087644966963533e-14+1.228219774191756353e-12j), (-8.769904242886035026e-06+2.287697130444465394e-06j), (-6.839514710064178166e-12+6.885213795764443963e-12j), (-1.867333823839588100e-13-2.983582682525730032e-13j), (-6.839514710064178166e-12+6.885213795764443963e-12j), (-8.769899967373827906e-06+2.287697911456050873e-06j)
 (-7.249755126620483487e-06+1.815146078201360337e-06j), (-4.923795217615147931e-13+1.554928173515377283e-12j), (2.004241221929167411e-15-3.881338549800362675e-13j), (-4.923795217615147931e-13+1.554928173515377283e-12j), (-8.981656074433125663e-06+2.138996077734880530e-06j), (-8.911174268059694479e-12+4.724136061522329315e-12j), (2.004241221929167411e-15-3.881338549800362675e-13j), (-8.911174268059694479e-12+4.724136061522329315e-12j), (-8.981652161055508099e-06+2.138996619498142505e-06j)
 (-7.416868462888532725e-06+1.696337039954260291e-06j), (-1.077148655443191276e-12+1.477946127072463627e-12j), (2.440112322075144101e-13-2.404742730918713126e-13j), (-1.077148655443191276e-12+1.477946127072463627e-12j), (-9.176805254312769204e-06+1.997341687663344160e-06j), (-8.631423354804663548e-12+1.258535276695288799e-12j), (2.440112322075144101e-13-2.404742730918713126e-13j), (-8.631423354804663548e-12+1.258535276695288799e-12j), (-9.176801380587875899e-06+1.997341808649098246e-06j)
 (-7.570876976701396779e-06+1.583331177000791617e-06j), (-1.420759826310350820e-12+1.033340029266263912e-12j), (3.443938060924234420e-13+1.462047718156333334e-13j), (-1.420759826310350820e-12+1.033340029266263912e-12j), (-9.356647778463215859e-06+1.862884177745088589e-06j), (-5.753215592730783912e-12-1.522930936641619967e-12j), (3.443938060924234420e-13+1.462047718156333334e-13j), (-5.753215592730783912e-12-1.522930936641619967e-12j), (-9.356643560453270156e-06+1.862884192359047130e-06j)
 (-7.712822182534821131e-06+1.476198018121810068e-06j), (-1.306353926928428039e-12+5.791327729308337123e-13j), (1.799831366541654652e-13+6.227010629496809776e-13j), (-1.306353926928428039e-12+5.791327729308337123e-13j), (-9.522362525369183536e-06+1.735656541462805638e-06j), (-1.517582153077233968e-12-2.041517821434716583e-12j), (1.799831366541654652e-13+6.227010629496809776e-13j), (-1.517582153077233968e-12-2.041517821434716583e-12j), (-9.522358162491264015e-06+1.735657122685688690e-06j)
 (-7.843640358486355974e-06+1.374918194896805972e-06j), (-8.913192746861153187e-13+5.536912161680882296e-13j), (-1.994720940919799157e-13+1.007657499449287282e-12j), (-8.913192746861153187e-13+5.536912161680882296e-13j), (-9.675052272342880207e-06+1.615635458499674392e-06j), (2.124888400085845567e-12-3.560682439865699569e-14j), (-1.994720940919799157e-13+1.007657499449287282e-12j), (2.124888400085845567e-12-3.560682439865699569e-14j), (-9.675048724965844399e-06+1.615636792035864530e-06j)
 (-7.964191728348516341e-06+1.279427829540668358e-06j), (-6.483237523791534497e-13+1.145817901768412042e-12j), (-6.117760021507232681e-13+1.244386670569804423e-12j), (-6.483237523791534497e-13+1.145817901768412042e-12j), (-9.815792151013905857e-06+1.502716935141581290e-06j), (3.646559350435504324e-12+3.392710250581670471e-12j), (-6.117760021507232681e-13+1.244386670569804423e-12j), (3.646559350435504324e-12+3.392710250581670471e-12j), (-9.815790248298288890e-06+1.502718061236185403e-06j)
 (-8.075293455232165037e-06+1.189617058038336555e-06j), (-1.074225521000625157e-12+2.135402229584161083e-12j), (-8.985184618301726400e-13+1.466228720728487759e-12j), (-1.074225521000625157e-12+2.135402229584161083e-12j), (-9.945594627689762862e-06+1.396667490765156757e-06j), (2.710062406344695056e-12+6.510406721781935466e-12j), (-8.985184618301726400e-13+1.466228720728487759e-12j), (2.710062406344695056e-12+6.510406721781935466e-12j), (-9.945593825116057126e-06+1.396666966229746812e-06j)
 (-8.177714120916583715e-06+1.105308874364605366e-06j), (-2.392038691549949004e-12+3.011947946914369870e-12j), (-1.077271400641401535e-12+1.917167199592903948e-12j), (-2.392038691549949004e-12+3.011947946914369870e-12j), (-1.006532479160986610e-05+1.297154612662322530e-06j), (1.906597814477288491e-13+7.935831977617319871e-12j), (-1.077271400641401535e-12+1.917167199592903948e-12j), (1.906597814477288491e-13+7.935831977617319871e-12j), (-1.006532319848926877e-05+1.297152287519447484e-06j)
 (-8.272137148565560127e-06+1.026268762169419083e-06j), (-4.449595447171819142e-12+3.258323341428118062e-12j), (-1.378678501234651358e-12+2.785723182967752812e-12j), (-4.449595447171819142e-12+3.258323341428118062e-12j), (-1.017567916478626771e-05+1.203859025534416742e-06j), (-2.436501017978700073e-12+7.298182397128443392e-12j), (-1.378678501234651358e-12+2.785723182967752812e-12j), (-2.436501017978700073e-12+7.298182397128443392e-12j), (-1.017567548996306901e-05+1.203857097214346703e-06j)
 (-8.359146334309675968e-06+9.522575830912715577e-07j), (-6.846465562555896761e-12+2.586200657138401875e-12j), (-2.146041069959164403e-12+4.064201898572337028e-12j), (-6.846465562555896761e-12+2.586200657138401875e-12j), (-1.027727538978868956e-05+1.116560453987515522e-06j), (-3.914321908471439090e-12+5.287540439409639497e-12j), (-2.146041069959164403e-12+4.064201898572337028e-12j), (-3.914321908471439090e-12+5.287540439409639497e-12j), (-1.027727126727147820e-05+1.116562124535512933e-06j)
 (-8.439267134813125613e-06+8.830789040904574923e-07j), (-9.157666501421801590e-12+9.806035393291670505e-13j), (-3.664766088745115745e-12+5.514990491825223610e-12j), (-9.157666501421801590e-12+9.806035393291670505e-13j), (-1.037077118365032400e-05+1.035105418585830020e-06j), (-3.780757371620570406e-12+3.185303739708401695e-12j), (-3.664766088745115745e-12+5.514990491825223610e-12j), (-3.780757371620570406e-12+3.185303739708401695e-12j), (-1.037077135380834179e-05+1.035111756830494761e-06j)
 (-8.513028467325222206e-06+8.185669871643351710e-07j), (-1.108301111555793797e-11-1.432824106452675704e-12j), (-6.020140065414570352e-12+6.750608871384671632e-12j), (-1.108301111555793797e-11-1.432824106452675704e-12j), (-1.045689140369251300e-05+9.592899567397611562e-07j), (-2.481496322138782844e-12+2.205728834910100196e-12j), (-6.020140065414570352e-12+6.750608871384671632e-12j), (-2.481496322138782844e-12+2.205728834910100196e-12j), (-1.045690091406074955e-05+9.592977424397173904e-07j)
 (-8.580977127123807650e-06+7.585270592884266057e-07j), (-1.243430905135867204e-11-4.567620117464855109e-12j), (-9.049863795312651150e-12+7.372709712784387997e-12j), (-1.243430905135867204e-11-4.567620117464855109e-12j), (-1.053633478084750282e-05+8.887808232373935461e-07j), (-1.074484055073731196e-12+2.988685404654503737e-12j), (-9.049863795312651150e-12+7.372709712784387997e-12j), (-1.074484055073731196e-12+2.988685404654503737e-12j), (-1.053635535026776285e-05+8.887837313945369651e-07j)
 (-8.643625808816666971e-06+7.026978160627705191e-07j), (-1.299715238478401059e-11-8.463696490560501185e-12j), (-1.239880486618868110e-11+7.098191471429836487e-12j), (-1.299715238478401059e-11-8.463696490560501185e-12j), (-1.060965374733874231e-05+8.231605309053337856e-07j), (-7.545229101390502965e-13+5.422483458221232297e-12j), (-1.239880486618868110e-11+7.098191471429836487e-12j), (-7.545229101390502965e-13+5.422483458221232297e-12j), (-1.060968269683231676e-05+8.231530104626304656e-07j)
 (-8.701391063368238795e-06+6.507856803845369890e-07j), (-1.238292251925117850e-11-1.322223601293322305e-11j), (-1.563622213815976157e-11+5.821500911732525738e-12j), (-1.238292251925117850e-11-1.322223601293322305e-11j), (-1.067722715587145752e-05+7.620593794625579227e-07j), (-2.438914558751852757e-12+8.777064169279207726e-12j), (-1.563622213815976157e-11+5.821500911732525738e-12j), (-2.438914558751852757e-12+8.777064169279207726e-12j), (-1.067726025460454886e-05+7.620397340219705533e-07j)
 (-8.754592480389136082e-06+6.025426906264649439e-07j), (-9.984356214067266047e-12-1.883105054200918823e-11j), (-1.837658347765394924e-11+3.597742580769850787e-12j), (-9.984356214067266047e-12-1.883105054200918823e-11j), (-1.073935624253734449e-05+7.052548068788918769e-07j), (-6.552702512378792165e-12+1.199526134804701072e-11j), (-1.837658347765394924e-11+3.597742580769850787e-12j), (-6.552702512378792165e-12+1.199526134804701072e-11j), (-1.073939205533163851e-05+7.052242456927746994e-07j)
 (-8.803522039812350844e-06+5.578109506483707879e-07j), (-5.083538289629016067e-12-2.498674064627292751e-11j), (-2.035194569624992325e-11+5.640421533655851770e-13j), (-5.083538289629016067e-12-2.498674064627292751e-11j), (-1.079640044367237867e-05+6.526506445609364696e-07j), (-1.301200338780767305e-11+1.396550292723505402e-11j), (-2.035194569624992325e-11+5.640421533655851770e-13j), (-1.301200338780767305e-11+1.396550292723505402e-11j), (-1.079644185455108904e-05+6.526086148418363142e-07j)
 (-8.848520543891415512e-06+5.164880749734634038e-07j), (2.920164454615827855e-12-3.101933930809313812e-11j), (-2.140842394510986335e-11-3.161934956288391471e-12j), (2.920164454615827855e-12-3.101933930809313812e-11j), (-1.084883792440351139e-05+6.041579879092923389e-07j), (-2.130150494632540653e-11+1.367244096156838582e-11j), (-2.140842394510986335e-11-3.161934956288391471e-12j), (-2.130150494632540653e-11+1.367244096156838582e-11j), (-1.084888854893609759e-05+6.040978435690235787e-07j)
 (-8.889990453675161917e-06+4.784447696859651089e-07j), (1.425279689141638863e-11-3.597342593167647098e-11j), (-2.143009344370151521e-11-7.561411391119524440e-12j), (1.425279689141638863e-11-3.597342593167647098e-11j), (-1.089720637842663576e-05+5.595810865918935019e-07j), (-3.052598327952451540e-11+1.023605558580414382e-11j), (-2.143009344370151521e-11-7.561411391119524440e-12j), (-3.052598327952451540e-11+1.023605558580414382e-11j), (-1.089726404236079331e-05+5.594905926828840693e-07j)
 (-8.928334834708901007e-06+4.434697016188796604e-07j), (2.858769411033759447e-11-3.882960252546091318e-11j), (-2.021915083827772790e-11-1.273509199687960650e-11j), (2.858769411033759447e-11-3.882960252546091318e-11j), (-1.094198070191643014e-05+5.185995193287143762e-07j), (-3.938096551049348622e-11+2.931267789950517137e-12j), (-2.021915083827772790e-11-1.273509199687960650e-11j), (-3.938096551049348622e-11+2.931267789950517137e-12j), (-1.094203327716775395e-05+5.184671395183999474e-07j)
 (-8.963878650779249249e-06+4.112896515633713311e-07j), (4.503245291261670405e-11-3.878937894765479540e-11j), (-1.737620879030349931e-11-1.884546554999640323e-11j), (4.503245291261670405e-11-3.878937894765479540e-11j), (-1.098348961341595530e-05+4.808537594434020527e-07j), (-4.608185782487453962e-11-8.713998242017388038e-12j), (-1.737620879030349931e-11-1.884546554999640323e-11j), (-4.608185782487453962e-11-8.713998242017388038e-12j), (-1.098351744434571409e-05+4.806767861469794613e-07j)
 (-8.996841439144547084e-06+3.816452181328830554e-07j), (6.230630281574507356e-11-3.551304438080656799e-11j), (-1.223062227311050536e-11-2.598429156711648756e-11j), (6.230630281574507356e-11-3.551304438080656799e-11j), (-1.102193442892792654e-05+4.460596486107847700e-07j), (-4.835367739730950753e-11-2.470432869318631020e-11j), (-1.223062227311050536e-11-2.598429156711648756e-11j), (-4.835367739730950753e-11-2.470432869318631020e-11j), (-1.102191875309634749e-05+4.458480132646555806e-07j)
 (-9.027383129428807315e-06+3.543559590705164031e-07j), (7.904728796632273660e-11-2.921118329141353872e-11j), (-3.866992924095546195e-12-3.399471152636459146e-11j), (7.904728796632273660e-11-2.921118329141353872e-11j), (-1.105748885506562931e-05+4.140608192367821804e-07j), (-4.358571127258165509e-11-4.428874898896465909e-11j), (-3.866992924095546195e-12-3.399471152636459146e-11j), (-4.358571127258165509e-11-4.428874898896465909e-11j), (-1.105742068196854168e-05+4.138330919157554664e-07j)
 (-9.055682375489205237e-06+3.293213861022517911e-07j), (9.411950376034581279e-11-2.055122208824657831e-11j), (8.722788655389208375e-12-4.229994149603714616e-11j), (9.411950376034581279e-11-2.055122208824657831e-11j), (-1.109039832668606514e-05+3.847832636733296902e-07j), (-2.920919190010301362e-11-6.570024654403096625e-11j), (8.722788655389208375e-12-4.229994149603714616e-11j), (-2.920919190010301362e-11-6.570024654403096625e-11j), (-1.109028137186224716e-05+3.845571206861499236e-07j)
 (-9.081982893109933149e-06+3.064601651011980659e-07j), (1.067871549240592293e-10-1.042196839048332114e-11j), (2.636337622655935474e-11-4.980245864753908704e-11j), (1.067871549240592293e-10-1.042196839048332114e-11j), (-1.112100525806173275e-05+3.581329431189161994e-07j), (-3.289892317358742143e-12-8.604728608704699456e-11j), (2.636337622655935474e-11-4.980245864753908704e-11j), (-3.289892317358742143e-12-8.604728608704699456e-11j), (-1.112085064191718221e-05+3.579166491514923045e-07j)
 (-9.106573695315151479e-06+2.856386869981632724e-07j), (1.166894464672693034e-10+3.460997794724748274e-13j), (4.934092232544356538e-11-5.491604729739929134e-11j), (1.166894464672693034e-10+3.460997794724748274e-13j), (-1.114968788529108133e-05+3.339146625036415295e-07j), (3.475088893107277691e-11-1.014790189892859986e-10j), (4.934092232544356538e-11-5.491604729739929134e-11j), (3.475088893107277691e-11-1.014790189892859986e-10j), (-1.114950420107229091e-05+3.337055769791073878e-07j)
 (-9.129722864425899974e-06+2.666439109247137628e-07j), (1.236435038433554171e-10+1.120089903633954468e-11j), (7.706695082200444798e-11-5.577246760351516336e-11j), (1.236435038433554171e-10+1.120089903633954468e-11j), (-1.117676255158254148e-05+3.118274050289180393e-07j), (8.347133655738785506e-11-1.077087786319855700e-10j), (7.706695082200444798e-11-5.577246760351516336e-11j), (8.347133655738785506e-11-1.077087786319855700e-10j), (-1.117654828522264788e-05+3.116186870528930076e-07j)
 (-9.151617565521930533e-06+2.492173477303262221e-07j), (1.273727341432348890e-10+2.195333736992192927e-11j), (1.078984561722898155e-10-5.059419041893546189e-11j), (1.273727341432348890e-10+2.195333736992192927e-11j), (-1.120241967181128518e-05+2.915332580431750463e-07j), (1.390677902411424531e-10-1.008769765394370516e-10j), (1.078984561722898155e-10-5.059419041893546189e-11j), (1.390677902411424531e-10-1.008769765394370516e-10j), (-1.120216351095061074e-05+2.913241682014244043e-07j)
 (-9.172353905854250964e-06+2.331203619139837796e-07j), (1.272854861451945727e-10+3.269362159330626940e-11j), (1.392345386926056320e-10-3.814905344505688505e-11j), (1.272854861451945727e-10+3.269362159330626940e-11j), (-1.122673441316238195e-05+2.727468103922104794e-07j), (1.956013890299392553e-10-7.857175905104388808e-11j), (1.392345386926056320e-10-3.814905344505688505e-11j), (1.956013890299392553e-10-7.857175905104388808e-11j), (-1.122642352523737960e-05+2.725492602103555546e-07j)
 (-9.191979736959247463e-06+2.181801665347046412e-07j), (1.224124929184764442e-10+4.355933032154176761e-11j), (1.679124837756970047e-10-1.814356964738085760e-11j), (1.224124929184764442e-10+4.355933032154176761e-11j), (-1.124973805907224105e-05+2.552820118329635540e-07j), (2.458529136160462291e-10-4.069865067912966977e-11j), (1.679124837756970047e-10-1.814356964738085760e-11j), (2.458529136160462291e-10-4.069865067912966977e-11j), (-1.124936864534163962e-05+2.551185339380627804e-07j)
 (-9.210553670543870781e-06+2.042844754598610764e-07j), (1.115581958713614653e-10+5.443093355340589418e-11j), (1.907954058872892749e-10+8.579820473194831753e-12j), (1.115581958713614653e-10+5.443093355340589418e-11j), (-1.127149465929154598e-05+2.390286099704831027e-07j), (2.826149900012892308e-10+1.009278511946348817e-11j), (1.907954058872892749e-10+8.579820473194831753e-12j), (2.826149900012892308e-10+1.009278511946348817e-11j), (-1.127107744012631874e-05+2.389231261938762945e-07j)
 (-9.228174654802670201e-06+1.913341012242371831e-07j), (9.364827978754692833e-11+6.466826351466298214e-11j), (2.053710235444721090e-10+4.010057819382862531e-11j), (9.364827978754692833e-11+6.466826351466298214e-11j), (-1.129212910371343559e-05+2.238824723602682430e-07j), (3.000884882732019888e-10+6.856936667546813815e-11j), (2.053710235444721090e-10+4.010057819382862531e-11j), (3.000884882732019888e-10+6.856936667546813815e-11j), (-1.129168626420490825e-05+2.238503370378089179e-07j)
 (-9.244962720154345365e-06+1.791931666297322052e-07j), (6.818544958569618221e-11+7.300357657641512575e-11j), (2.102050114458315958e-10+7.370805911614046908e-11j), (6.818544958569618221e-11+7.300357657641512575e-11j), (-1.131179235870854843e-05+2.096836353345631774e-07j), (2.950723644343002105e-10+1.276515094994728037e-10j), (2.102050114458315958e-10+7.370805911614046908e-11j), (2.950723644343002105e-10+1.276515094994728037e-10j), (-1.131134874875987901e-05+2.097275063477871142e-07j)
 (-9.261009051275382952e-06+1.676742435845775431e-07j), (3.567083261601793298e-11+7.766989599527950621e-11j), (2.051618819863503371e-10+1.063480461555934450e-10j), (3.567083261601793298e-11+7.766989599527950621e-11j), (-1.133059416286913139e-05+1.962044074856945370e-07j), (2.677111641888359492e-10+1.796238597428028722e-10j), (2.051618819863503371e-10+1.063480461555934450e-10j), (2.677111641888359492e-10+1.796238597428028722e-10j), (-1.133016936953959780e-05+1.963177641373050356e-07j)
 (-9.276333188724349675e-06+1.565668253110099333e-07j), (-2.174843930092608016e-12+7.677015315442465674e-11j), (1.913619095525019089e-10+1.351334888440031398e-10j), (-2.174843930092608016e-12+7.677015315442465674e-11j), (-1.134855144995076359e-05+1.831912254351071778e-07j), (2.216020574736500109e-10+2.176209704648971125e-10j), (1.913619095525019089e-10+1.351334888440031398e-10j), (2.216020574736500109e-10+2.176209704648971125e-10j), (-1.134815803491411463e-05+1.833655476213864143e-07j)
 (-9.290875245777190151e-06+1.456866754256317913e-07j), (-4.251520113928627541e-11+6.879530774843457839e-11j), (1.708883714440683323e-10+1.578023828785287335e-10j), (-4.251520113928627541e-11+6.879530774843457839e-11j), (-1.136558378004489963e-05+1.704282324488213351e-07j), (1.631366668407658840e-10+2.370436498123126318e-10j), (1.708883714440683323e-10+1.578023828785287335e-10j), (1.631366668407658840e-10+2.370436498123126318e-10j), (-1.136523159323389098e-05+1.706574094455149438e-07j)
 (-9.304522791257634182e-06+1.349135437287530774e-07j), (-8.183296311295870001e-11+5.311892211146054983e-11j), (1.463246789766261102e-10+1.730047588520480824e-10j), (-8.183296311295870001e-11+5.311892211146054983e-11j), (-1.138155123726708012e-05+1.577820080477220270e-07j), (1.001675637145997643e-10+2.364710452138319925e-10j), (1.463246789766261102e-10+1.730047588520480824e-10j), (1.001675637145997643e-10+2.364710452138319925e-10j), (-1.138125258338810397e-05+1.580605009694781916e-07j)
 (-9.317149463286069792e-06+1.242002439481919168e-07j), (-1.165599528889233969e-10+3.028934222796188531e-11j), (1.202624445955231718e-10+1.803606512459538372e-10j), (-1.165599528889233969e-10+3.028934222796188531e-11j), (-1.139630402696440677e-05+1.452084520268945244e-07j), (4.037157172721124158e-11+2.177553529638870833e-10j), (1.202624445955231718e-10+1.803606512459538372e-10j), (4.037157172721124158e-11+2.177553529638870833e-10j), (-1.139607405849726907e-05+1.455256405100807461e-07j)
 (-9.328642679396620057e-06+1.135603942025744200e-07j), (-1.437000255353325649e-10+2.020638296470504730e-12j), (9.492057331168856450e-11+1.803276146903843957e-10j), (-1.437000255353325649e-10+2.020638296470504730e-12j), (-1.140971539937537182e-05+1.327332477012105054e-07j), (-1.018330260524640346e-11+1.853022260492847665e-10j), (9.492057331168856450e-11+1.803276146903843957e-10j), (-1.018330260524640346e-11+1.853022260492847665e-10j), (-1.140956680489227071e-05+1.330698534772148776e-07j)
 (-9.338915646836184009e-06+1.030526898329176989e-07j), (-1.612847581626484248e-10-2.910074662553143329e-11j), (7.194109897562812523e-11+1.739754148548682141e-10j), (-1.612847581626484248e-10-2.910074662553143329e-11j), (-1.142169283342590765e-05+1.204297389672351310e-07j), (-4.788045073220497702e-11+1.448459557170179333e-10j), (7.194109897562812523e-11+1.739754148548682141e-10j), (-4.788045073220497702e-11+1.448459557170179333e-10j), (-1.142162911597313402e-05+1.207601366187161901e-07j)
 (-9.347913422352429748e-06+9.277080845959284666e-08j), (-1.685943483404834493e-10-6.008974936120303223e-11j), (5.234128177115703955e-11+1.627486347502341847e-10j), (-1.685943483404834493e-10-6.008974936120303223e-11j), (-1.143218101218989520e-05+1.084064010166238920e-07j), (-7.168924140589644874e-11+1.021510074209167197e-10j), (5.234128177115703955e-11+1.627486347502341847e-10j), (-7.168924140589644874e-11+1.021510074209167197e-10j), (-1.143219358266468900e-05+1.087054296812723986e-07j)
 (-9.355621263938793293e-06+8.283459750703710605e-08j), (-1.661487829383684702e-10-8.808098351486656513e-11j), (3.656318594528192972e-11+1.482471727503039984e-10j), (-1.661487829383684702e-10-8.808098351486656513e-11j), (-1.144116853252788324e-05+9.679845401674872335e-08j), (-8.272223050629846792e-11+6.199990149433457905e-11j), (3.656318594528192972e-11+1.482471727503039984e-10j), (-8.272223050629846792e-11+6.199990149433457905e-11j), (-1.144123930861218513e-05+9.704810806059809153e-08j)
 (-9.362073000076061023e-06+7.337539568238292139e-08j), (-1.555084237721817246e-10-1.107734368259977591e-10j), (2.457297734818614504e-11+1.320281113108307545e-10j), (-1.555084237721817246e-10-1.107734368259977591e-10j), (-1.144869685694852337e-05+8.575358507204767440e-08j), (-8.347909874040994958e-11+2.764793349911424679e-11j), (2.457297734818614504e-11+1.320281113108307545e-10j), (-8.347909874040994958e-11+2.764793349911424679e-11j), (-1.144880401513757364e-05+8.594600283757556112e-08j)
 (-9.367351895079331384e-06+6.451584898260607418e-08j), (-1.389352633299527041e-10-1.267278083217862471e-10j), (1.598601377303326320e-11+1.154399200288054888e-10j), (-1.389352633299527041e-10-1.267278083217862471e-10j), (-1.145486233054554824e-05+7.541050497374140006e-08j), (-7.704759981635095558e-11+7.347521001351051654e-13j), (1.598601377303326320e-11+1.154399200288054888e-10j), (-7.704759981635095558e-11+7.347521001351051654e-13j), (-1.145498569199099159e-05+7.554693373043694625e-08j)
 (-9.371580793716530029e-06+5.635134850758494155e-08j), (-1.189746074536148692e-10-1.354839434420334174e-10j), (1.020483492916349998e-11+9.951139245124721543e-11j), (-1.189746074536148692e-10-1.354839434420334174e-10j), (-1.145980627406467907e-05+6.587800157151212788e-08j), (-6.644810352163264181e-11-1.848041780147487199e-11j), (1.020483492916349998e-11+9.951139245124721543e-11j), (-6.644810352163264181e-11-1.848041780147487199e-11j), (-1.145993034936128077e-05+6.596564319625421050e-08j)
 (-9.374905302982979811e-06+4.893960787735239626e-08j), (-9.803256873270453335e-11-1.374922581529940656e-10j), (6.554662112840852807e-12+8.491180021157855701e-11j), (-9.803256873270453335e-11-1.374922581529940656e-10j), (-1.146369655260965220e-05+5.722247191695844434e-08j), (-5.420215450330887492e-11-3.072132354666727783e-11j), (6.554662112840852807e-12+8.491180021157855701e-11j), (-5.420215450330887492e-11-3.072132354666727783e-11j), (-1.146381125770435693e-05+5.727120703038781678e-08j)
 (-9.377476480578830786e-06+4.229971299438382026e-08j), (-7.803904525278439905e-11-1.338831399802177016e-10j), (4.396290470907339654e-12+7.197917729836571721e-11j), (-7.803904525278439905e-11-1.338831399802177016e-10j), (-1.146670790142034732e-05+4.946617837608501569e-08j), (-4.212916167463402019e-11-3.726463472292668635e-11j), (4.396290470907339654e-12+7.197917729836571721e-11j), (-4.212916167463402019e-11-3.726463472292668635e-11j), (-1.146680787892285938e-05+4.948616380778535757e-08j)
 (-9.379437545527664753e-06+3.641780874601865068e-08j), (-6.027031277209437894e-11-1.261424969212244920e-10j), (3.199365348521251551e-12+6.079441858047228418e-11j), (-6.027031277209437894e-11-1.261424969212244920e-10j), (-1.146900648628651549e-05+4.259336345610953005e-08j), (-3.133385881692918308e-11-3.956459043492093263e-11j), (3.199365348521251551e-12+6.079441858047228418e-11j), (-3.133385881692918308e-11-3.956459043492093263e-11j), (-1.146908990353053435e-05+4.259363348276510769e-08j)
 (-9.380915891987894089e-06+3.125563232030169793e-08j), (-4.534945686484781961e-11-1.157915901288074746e-10j), (2.570975600305307094e-12+5.127101568776074739e-11j), (-4.534945686484781961e-11-1.157915901288074746e-10j), (-1.147074047159515932e-05+3.655989957593877735e-08j), (-2.232343418012895552e-11-3.898326175818004869e-11j), (2.570975600305307094e-12+5.127101568776074739e-11j), (-2.232343418012895552e-11-3.898326175818004869e-11j), (-1.147080779722367403e-05+3.654774799324103757e-08j)
 (-9.382019629041145548e-06+2.675915264742111699e-08j), (-3.337775565859233261e-11-1.041541908152762287e-10j), (2.248450946162696537e-12+4.323520294366077443e-11j), (-3.337775565859233261e-11-1.041541908152762287e-10j), (-1.147203584305909084e-05+3.130322031101202541e-08j), (-1.518354296282902627e-11-3.664156068913069976e-11j), (2.248450946162696537e-12+4.323520294366077443e-11j), (-1.518354296282902627e-11-3.664156068913069976e-11j), (-1.147208882422467288e-05+3.128409840237610842e-08j)
 (-9.382837249465340521e-06+2.286594138085472829e-08j), (-2.411869747606221135e-11-9.224275536753647332e-11j), (2.072550487452371651e-12+3.648372226883779894e-11j), (-2.411869747606221135e-11-9.224275536753647332e-11j), (-1.147299590238345674e-05+2.675085795456788590e-08j), (-9.752347340983786077e-12-3.337358344179780874e-11j), (2.072550487452371651e-12+3.648372226883779894e-11j), (-9.752347340983786077e-12-3.337358344179780874e-11j), (-1.147303681578172112e-05+2.672856875162405134e-08j)
 (-9.383439158435631351e-06+1.951082258607270858e-08j), (-1.716828228193793390e-11-8.074557320695215200e-11j), (1.955999951589797231e-12+3.081811261444509959e-11j), (-1.716828228193793390e-11-8.074557320695215200e-11j), (-1.147370295941381475e-05+2.282701925995864267e-08j), (-5.756719542480926893e-12-2.974850804976805068e-11j), (1.955999951589797231e-12+3.081811261444509959e-11j), (-5.756719542480926893e-12-2.974850804976805068e-11j), (-1.147373412985745184e-05+2.280404220846423196e-08j)
 (-9.383880116621510776e-06+1.662983010794152064e-08j), (-1.207847225310128310e-11-7.007402125685011191e-11j), (1.856402406038648913e-12+2.606093384964357190e-11j), (-1.207847225310128310e-11-7.007402125685011191e-11j), (-1.147422111685528826e-05+1.945721261017776432e-08j), (-2.900776247705669917e-12-2.612373870771244702e-11j), (1.856402406038648913e-12+2.606093384964357190e-11j), (-2.900776247705669917e-12-2.612373870771244702e-11j), (-1.147424465359773025e-05+1.943504684934108864e-08j)
 (-9.384201959063388440e-06+1.416272045063262795e-08j), (-8.429931335851438503e-12-6.043173952660041361e-11j), (1.756661153479442115e-12+2.206074481089542220e-11j), (-8.429931335851438503e-12-6.043173952660041361e-11j), (-1.147459939985805988e-05+1.657120222135510835e-08j), (-9.135571003594797886e-13-2.270348663398381668e-11j), (1.756661153479442115e-12+2.206074481089542220e-11j), (-9.135571003594797886e-13-2.270348663398381668e-11j), (-1.147461708568510422e-05+1.655066699747848234e-08j)
 (-9.384436200309056398e-06+1.205436493773162241e-08j), (-5.865301902768511659e-12-5.188145427304256076e-11j), (1.652476879525021925e-12+1.869129769556031972e-11j), (-5.865301902768511659e-12-5.188145427304256076e-11j), (-1.147487477209208137e-05+1.410465772071812776e-08j), (4.314464791664422833e-13-1.958937433675862468e-11j), (1.652476879525021925e-12+1.869129769556031972e-11j), (4.314464791664422833e-13-1.958937433675862468e-11j), (-1.147488804532255075e-05+1.408612712008469505e-08j)
 (-9.384606324794620636e-06+1.025533988259904383e-08j), (-4.097501965746957929e-12-4.439873600154542906e-11j), (1.545133493873202552e-12+1.584838867980567715e-11j), (-4.097501965746957929e-12-4.439873600154542906e-11j), (-1.147507479798587901e-05+1.199986568619527718e-08j), (1.313093793197157372e-12-1.681875389233953955e-11j), (1.545133493873202552e-12+1.584838867980567715e-11j), (1.313093793197157372e-12-1.681875389233953955e-11j), (-1.147508478255180099e-05+1.198343822258887272e-08j)
 (-9.384729689537895281e-06+8.721986801679549910e-09j), (-2.904900122076802627e-12-3.791066810051722313e-11j), (1.437707208743176835e-12+1.344619914706369231e-11j), (-2.904900122076802627e-12-3.791066810051722313e-11j), (-1.147521986109509024e-05+1.020581736094460970e-08j), (1.867297581409304512e-12-1.439133372044225094e-11j), (1.437707208743176835e-12+1.344619914706369231e-11j), (1.867297581409304512e-12-1.439133372044225094e-11j), (-1.147522741578394241e-05+1.019143153898364118e-08j)
 (-9.384819043787755107e-06+7.416150287528312495e-09j), (-2.121106719156085056e-12-3.232150581524199960e-11j), (1.333298321787105319e-12+1.141391130094048510e-11j), (-2.121106719156085056e-12-3.232150581524199960e-11j), (-1.147532494000311317e-05+8.677915486343990447e-09j), (2.194552304244148097e-12-1.228655473130700770e-11j), (1.333298321787105319e-12+1.141391130094048510e-11j), (2.194552304244148097e-12-1.228655473130700770e-11j), (-1.147533071064119533e-05+8.665424896762087474e-09j)
 (-9.384883709384302038e-06+6.304742001839284588e-09j), (-1.623728588053284654e-12-2.752857721145699131e-11j), (1.234345122195864690e-12+9.692862467477015052e-12j), (-1.623728588053284654e-12-2.752857721145699131e-11j), (-1.147540098993012302e-05+7.377473585853993163e-09j), (2.367654343473488826e-12-1.047436040249818606e-11j), (1.234345122195864690e-12+9.692862467477015052e-12j), (2.367654343473488826e-12-1.047436040249818606e-11j), (-1.147540545669557134e-05+7.366693675961517491e-09j)
 (-9.384930479041652686e-06+5.359228544403899262e-09j), (-1.324124646933352557e-12-2.343146251258614860e-11j), (1.142472591302917586e-12+8.234248162240914478e-12j), (-1.324124646933352557e-12-2.343146251258614860e-11j), (-1.147545599568770966e-05+6.271123261158366149e-09j), (2.438474716268379712e-12-8.921551953688575260e-12j), (1.142472591302917586e-12+8.234248162240914478e-12j), (2.438474716268379712e-12-8.921551953688575260e-12j), (-1.147545951268862609e-05+6.261859199991744612e-09j)
 (-9.384964290257884887e-06+4.555104350537622170e-09j), (-1.158898946111974087e-12-1.993682398597316529e-11j), (1.058572500518480717e-12+6.997297110969652890e-12j), (-1.158898946111974087e-12-1.993682398597316529e-11j), (-1.147549576225756001e-05+5.330201765893952247e-09j), (2.443445966235097448e-12-7.595331127896121239e-12j), (1.058572500518480717e-12+6.997297110969652890e-12j), (2.443445966235097448e-12-7.595331127896121239e-12j), (-1.147549858910169259e-05+5.322264149160125745e-09j)
