 (-4.779517178484789338e-13+5.684944488700233484e-10j), (1.576310605552882887e-15-7.056038989515727792e-13j), (-5.734297580349597827e-14+3.388864120478196623e-11j), (1.576310605552882887e-15-7.056038989515727792e-13j), (-4.159556423419953516e-13+4.788662750522245373e-10j), (3.832254404405089282e-14-1.115002848091500965e-11j), (-5.734297580349597827e-14+3.388864120478196623e-11j), (3.832254404405089282e-14-1.115002848091500965e-11j), (-2.684820582305024843e-11+7.045808195624662826e-09j)
 (-6.318234147032120998e-13+6.536303097850262863e-10j), (2.083785826542878856e-15-8.112720206873128228e-13j), (-7.580356273263491868e-14+3.896364659395228093e-11j), (2.083785826542878856e-15-8.112720206873128228e-13j), (-5.498684880433369921e-13+5.505797057669144089e-10j), (5.065980623647472477e-14-1.281977217144863500e-11j), (-7.580356273263491868e-14+3.896364659395228093e-11j), (5.065980623647472477e-14-1.281977217144863500e-11j), (-3.549153165670503767e-11+8.100925319957340539e-09j)
 (-8.352325458663007235e-13+7.515157784306719338e-10j), (2.754636531002215400e-15-9.327641609538790088e-13j), (-1.002071595306162660e-13+4.479864058946398747e-11j), (2.754636531002215400e-15-9.327641609538790088e-13j), (-7.268932351508854127e-13+6.330326496253393485e-10j), (6.696875116010553855e-14-1.473954512346893771e-11j), (-1.002071595306162660e-13+4.479864058946398747e-11j), (6.696875116010553855e-14-1.473954512346893771e-11j), (-4.691734099843752798e-11+9.314031810047817595e-09j)
 (-1.104127143830568754e-12+8.640601545998180640e-10j), (3.641458860599939781e-15-1.072449805891013337e-12j), (-1.324669337522687963e-13+5.150742174920202724e-11j), (3.641458860599939781e-15-1.072449805891013337e-12j), (-9.609092844220960643e-13+7.278333849744486409e-10j), (8.852789572746977704e-14-1.694677717211697365e-11j), (-1.324669337522687963e-13+5.150742174920202724e-11j), (8.852789572746977704e-14-1.694677717211697365e-11j), (-6.202131158157054895e-11+1.070877634311118277e-08j)
 (-1.459589495869450950e-12+9.934586466500367893e-10j), (4.813780974897193792e-15-1.233053147700749385e-12j), (-1.751118857716693221e-13+5.922082293624486708e-11j), (4.813780974897193792e-15-1.233053147700749385e-12j), (-1.270264319458219429e-12+8.368310208836310247e-10j), (1.170272676060398542e-13-1.948449636058247977e-11j), (-1.751118857716693221e-13+5.922082293624486708e-11j), (1.170272676060398542e-13-1.948449636058247977e-11j), (-8.198738837451296021e-11+1.231234325870269185e-08j)
 (-1.929489018180260097e-12+1.142235176646786411e-09j), (6.363513536152404388e-15-1.417706131026766059e-12j), (-2.314850406358891793e-13+6.808925825783814781e-11j), (6.363513536152404388e-15-1.417706131026766059e-12j), (-1.679212780916820556e-12+9.621515527225385408e-10j), (1.547008156443010191e-13-2.240216358330066776e-11j), (-2.314850406358891793e-13+6.808925825783814781e-11j), (1.547008156443010191e-13-2.240216358330066776e-11j), (-1.083805226938961303e-10+1.415597898626446187e-08j)
 (-2.550667218191486565e-12+1.313291589812004151e-09j), (8.412154460397572503e-15-1.630009405275874971e-12j), (-3.060053937162762264e-13+7.828564931257361155e-11j), (8.412154460397572503e-15-1.630009405275874971e-12j), (-2.219817407531636836e-12+1.106239311851178848e-09j), (2.045013949886570330e-13-2.575663028575998564e-11j), (-3.060053937162762264e-13+7.828564931257361155e-11j), (2.045013949886570330e-13-2.575663028575998564e-11j), (-1.432692185563633482e-10+1.627559571755097741e-08j)
 (-3.371826016211016473e-12+1.509964224214951550e-09j), (1.112031235465222339e-14-1.874102347036136745e-12j), (-4.045140961458777032e-13+9.000878645175402052e-11j), (1.112031235465222339e-14-1.874102347036136745e-12j), (-2.934462896384873833e-12+1.271904614388121995e-09j), (2.703319933777633324e-13-2.961323664341888080e-11j), (-4.045140961458777032e-13+9.000878645175402052e-11j), (2.703319933777633324e-13-2.961323664341888080e-11j), (-1.893874456155570219e-10+1.871246306551916422e-08j)
 (-4.457345814466334929e-12+1.736088938161332576e-09j), (1.470029450840628213e-14-2.154743480786679857e-12j), (-5.347319319324423711e-13+1.034871885333982171e-10j), (1.470029450840628213e-14-2.154743480786679857e-12j), (-3.879178700190033127e-12+1.462378533095892329e-09j), (3.573512349855561694e-13-3.404706972926992782e-11j), (-5.347319319324423711e-13+1.034871885333982171e-10j), (3.573512349855561694e-13-3.404706972926992782e-11j), (-2.503485280739065685e-10+2.151399963123163652e-08j)
 (-5.892332546178974924e-12+1.996075854597519391e-09j), (1.943274497623334083e-14-2.477402809352704930e-12j), (-7.068637970207141957e-13+1.189835332883544665e-10j), (1.943274497623334083e-14-2.477402809352704930e-12j), (-5.128031371138831868e-12+1.681375852559841265e-09j), (4.723769524728798763e-13-3.914440330879776272e-11j), (-7.068637970207141957e-13+1.189835332883544665e-10j), (4.723769524728798763e-13-3.914440330879776272e-11j), (-3.309276304131164384e-10+2.473467753511756999e-08j)
 (-7.789289204348557714e-12+2.294995266653143962e-09j), (2.568863477239038443e-14-2.848367768132359053e-12j), (-9.343972980940011766e-13+1.367997399051455582e-10j), (2.568863477239038443e-14-2.848367768132359053e-12j), (-6.778930633919118204e-12+1.933167423195763430e-09j), (6.244191859330501314e-13-4.500434293910386740e-11j), (-9.343972980940011766e-13+1.367997399051455582e-10j), (6.244191859330501314e-13-4.500434293910386740e-11j), (-4.374347278755678902e-10+2.843705393743732179e-08j)
 (-1.029693455830752073e-11+2.638676358958920148e-09j), (3.395832397913377081e-14-3.274864737693149451e-12j), (-1.235157602736203594e-12+1.572827956689197291e-10j), (3.395832397913377081e-14-3.274864737693149451e-12j), (-8.961304066109982716e-12+2.222663306473896465e-09j), (8.253839037186623299e-13-5.174070177110570725e-11j), (-1.235157602736203594e-12+1.572827956689197291e-10j), (8.253839037186623299e-13-5.174070177110570725e-11j), (-5.782068499270792115e-10+3.269294417727691752e-08j)
 (-1.361185983893634908e-11+3.033820638428072835e-09j), (4.488996680306044406e-14-3.765198284187458678e-12j), (-1.632700404418934066e-12+1.808314292227017088e-10j), (4.488996680306044406e-14-3.765198284187458678e-12j), (-1.184624151429931764e-11+2.555508304391654357e-09j), (1.091001756800809897e-12-5.948413349377046010e-11j), (-1.632700404418934066e-12+1.808314292227017088e-10j), (1.091001756800809897e-12-5.948413349377046010e-11j), (-7.642573977823149266e-10+3.758475108470472286e-08j)
 (-1.799393620012372953e-11+3.488132238497462069e-09j), (5.934025749891986368e-14-4.328910538610405443e-12j), (-2.158150748313824306e-12+2.079037438038127309e-10j), (5.934025749891986368e-14-4.328910538610405443e-12j), (-1.565990356348310697e-11+2.938191692827675198e-09j), (1.442053178722085479e-12-6.838454863469971885e-11j), (-2.158150748313824306e-12+2.079037438038127309e-10j), (1.442053178722085479e-12-6.838454863469971885e-11j), (-1.010132061746024397e-09+4.320696377296286987e-08j)
 (-2.378667899816048119e-11+4.010467564710604159e-09j), (7.844147279456706257e-14-4.976963360494622331e-12j), (-2.852629327879179581e-12+2.390259338606004142e-10j), (7.844147279456706257e-14-4.976963360494622331e-12j), (-2.070124350892302744e-11+3.378173232730334444e-09j), (1.905983257048792308e-12-7.861383803061564058e-11j), (-2.852629327879179581e-12+2.390259338606004142e-10j), (1.905983257048792308e-12-7.861383803061564058e-11j), (-1.335036033139540512e-09+4.966783603312625332e-08j)
 (-3.144416209363411371e-11+4.611007088437933774e-09j), (1.036900269531729636e-13-5.721946135847451525e-12j), (-3.770452018259332160e-12+2.748022164741064877e-10j), (1.036900269531729636e-13-5.721946135847451525e-12j), (-2.736542910642371292e-11+3.884027816054285287e-09j), (2.519028408980651752e-12-9.036892129734167553e-11j), (-3.770452018259332160e-12+2.748022164741064877e-10j), (2.519028408980651752e-12-9.036892129734167553e-11j), (-1.764316684002940666e-09+5.709124816489233841e-08j)
 (-4.156658635650876800e-11+5.301452469272410869e-09j), (1.370634122422286547e-13-6.578312194691484131e-12j), (-4.983345722390496514e-12+3.159261129146300882e-10j), (1.370634122422286547e-13-6.578312194691484131e-12j), (-3.617479486961566730e-11+4.465611414358889577e-09j), (3.329013624120630108e-12-1.038751264153110988e-10j), (-4.983345722390496514e-12+3.159261129146300882e-10j), (3.329013624120630108e-12-1.038751264153110988e-10j), (-2.331410640930071824e-09+6.561874491748419592e-08j)
 (-5.494728058490084103e-11+6.095252592174318456e-09j), (1.811745706980660414e-13-7.562646839119025995e-12j), (-6.585997528300044115e-12+3.631932121977232382e-10j), (1.811745706980660414e-13-7.562646839119025995e-12j), (-4.781974192660817630e-11+5.134251333775697399e-09j), (4.399025708856166849e-12-1.193898858630092613e-10j), (-6.585997528300044115e-12+3.631932121977232382e-10j), (4.399025708856166849e-12-1.193898858630092613e-10j), (-3.080395177208270257e-09+7.541172354001230459e-08j)
 (-7.263480154246532806e-11+7.007862535006121193e-09j), (2.394755864166991805e-13-8.693969751903365428e-12j), (-8.703348718926300073e-12+4.175155326728256105e-10j), (2.394755864166991805e-13-8.693969751903365428e-12j), (-6.321277507158127622e-11+5.902964133087589410e-09j), (5.812226411270809724e-12-1.372067002439592070e-10j), (-8.703348718926300073e-12+4.175155326728256105e-10j), (5.812226411270809724e-12-1.372067002439592070e-10j), (-4.069321848903820186e-09+8.665371584256666301e-08j)
 (-9.601496993318601070e-11+8.057039920302870298e-09j), (3.165262952541088413e-13-9.994073958552125340e-12j), (-1.150016467894715040e-11+4.799375619577551370e-10j), (3.165262952541088413e-13-9.994073958552125340e-12j), (-8.355988389464266885e-11+6.786704917417639467e-09j), (7.678140964729672194e-12-1.576592649476152565e-10j), (-1.150016467894715040e-11+4.799375619577551370e-10j), (7.678140964729672194e-12-1.576592649476152565e-10j), (-5.374555422086038214e-09+9.955266095791178578e-08j)
 (-1.269192182318115899e-10+9.263183524494813652e-09j), (4.183482212308711279e-13-1.148790231204805492e-11j), (-1.519356033555516139e-11+5.516539887980194500e-10j), (4.183482212308711279e-13-1.148790231204805492e-11j), (-1.104548124325541225e-10+7.802652053021827643e-09j), (1.014084272634161041e-11-1.811255687622973663e-10j), (-1.519356033555516139e-11+5.516539887980194500e-10j), (1.014084272634161041e-11-1.811255687622973663e-10j), (-7.096392046006661070e-09+1.143429930511307150e-07j)
 (-1.677676474112116432e-10+1.064971937199136101e-08j), (5.528904566030705543e-13-1.320396030875344373e-11j), (-2.006934120226545956e-11+6.340290265883651689e-10j), (5.528904566030705543e-13-1.320396030875344373e-11j), (-1.460035174244204214e-10+8.970531616341049918e-09j), (1.338955081605398362e-11-2.080316409406809025e-10j), (-2.006934120226545956e-11+6.340290265883651689e-10j), (1.338955081605398362e-11-2.080316409406809025e-10j), (-9.366283097107402543e-09+1.312872592922187860e-07j)
 (-2.217578379074498093e-10+1.224353975498228586e-08j), (7.306420419590988148e-13-1.517476039669399424e-11j), (-2.650323160263945585e-11+7.286170446894582844e-10j), (7.306420419590988148e-13-1.517476039669399424e-11j), (-1.929884142520668251e-10+1.031298602382628732e-08j), (1.767225735600826975e-11-2.388544250127942833e-10j), (-2.650323160263945585e-11+7.286170446894582844e-10j), (1.767225735600826975e-11-2.388544250127942833e-10j), (-1.235603558257850894e-08+1.506768230105019509e-07j)
 (-2.931139200809915519e-10+1.407550057222737064e-08j), (9.654354378680474760e-13-1.743728701203678108e-11j), (-3.498829612887522288e-11+8.371839395983922039e-10j), (9.654354378680474760e-13-1.743728701203678108e-11j), (-2.550850106801225786e-10+1.185599117879286184e-08j), (2.331308687298650404e-11-2.741229674935007544e-10j), (-3.498829612887522288e-11+8.371839395983922039e-10j), (2.331308687298650404e-11-2.741229674935007544e-10j), (-1.628937753320745756e-08+1.728309764786824191e-07j)
 (-3.874149118587807805e-10+1.618098188308158588e-08j), (1.275498154537325484e-12-2.003346220423492825e-11j), (-4.617009617254663597e-11+9.617282541474964204e-10j), (1.275498154537325484e-12-2.003346220423492825e-11j), (-3.371474293460168388e-10+1.362932594706350683e-08j), (3.073412900032656737e-11-3.144166958863633143e-10j), (-4.617009617254663597e-11+9.617282541474964204e-10j), (3.073412900032656737e-11-3.144166958863633143e-10j), (-2.145623300009036635e-08+1.980934668037556207e-07j)
 (-5.120271589722948872e-10+1.860051533536207536e-08j), (1.684824744800287941e-12-2.301057717293164888e-11j), (-6.089131569170641841e-11+1.104500443295904001e-09j), (1.684824744800287941e-12-2.301057717293164888e-11j), (-4.455843611838947658e-10+1.566709657142499110e-08j), (4.048241649270605170e-11-3.603589899962499592e-10j), (-6.089131569170641841e-11+1.104500443295904001e-09j), (4.048241649270605170e-11-3.603589899962499592e-10j), (-2.822988738618910381e-08+2.268250104143562137e-07j)
 (-6.766732012729836972e-10+2.138047970228876500e-08j), (2.224959082551520951e-12-2.642163287919765163e-11j), (-8.024765830161561582e-11+1.268017845240312870e-09j), (2.224959082551520951e-12-2.642163287919765163e-11j), (-5.888534556426169450e-10+1.800831635490442891e-08j), (5.326244324608176705e-11-4.126035004186812732e-10j), (-8.024765830161561582e-11+1.268017845240312870e-09j), (5.326244324608176705e-11-4.126035004186812732e-10j), (-3.708684609517748946e-08+2.593898374274084705e-07j)
 (-8.941789129752511123e-10+2.457386148120925507e-08j), (2.937296405828027786e-12-3.032549964740760806e-11j), (-1.056566292041145961e-10+1.455071822750395247e-09j), (2.937296405828027786e-12-3.032549964740760806e-11j), (-7.781103504557414887e-10+2.069753697925276417e-08j), (6.997397628207436581e-11-4.718097497080226871e-10j), (-1.056566292041145961e-10+1.455071822750395247e-09j), (6.997397628207436581e-11-4.718097497080226871e-10j), (-4.862845948817934054e-08+2.961337119311099212e-07j)
 (-1.181452707425332685e-09+2.824107035716438300e-08j), (3.876034030184779687e-12-3.478675661142475240e-11j), (-1.389401770763610289e-10+1.668722226993470833e-09j), (3.876034030184779687e-12-3.478675661142475240e-11j), (-1.028058778209129994e-09+2.378552127407729116e-08j), (9.175369419177336547e-11-5.386035576687850232e-10j), (-1.389401770763610289e-10+1.668722226993470833e-09j), (9.175369419177336547e-11-5.386035576687850232e-10j), (-6.360212349824629837e-08+3.373503557628845160e-07j)
 (-1.560765266988405789e-09+3.245078782703694002e-08j), (5.111914783954803770e-12-3.987500077829170312e-11j), (-1.824208397167499601e-10+1.912272962334630432e-09j), (5.111914783954803770e-12-3.987500077829170312e-11j), (-1.358060679872486895e-09+2.732993678155766438e-08j), (1.200171221654684300e-10-6.135170112037268605e-10j), (-1.824208397167499601e-10+1.912272962334630432e-09j), (1.200171221654684300e-10-6.135170112037268605e-10j), (-8.291787803766144981e-08+3.832330666577230712e-07j)
 (-2.061415731782354092e-09+3.728080924366596474e-08j), (6.736910291633407367e-12-4.566331474216520651e-11j), (-2.390287853457374728e-10+2.189221360804133576e-09j), (6.736910291633407367e-12-4.566331474216520651e-11j), (-1.793579991830519553e-09+3.139603313827008774e-08j), (1.564942104919524678e-10-6.969025551356386472e-10j), (-2.390287853457374728e-10+2.189221360804133576e-09j), (1.564942104919524678e-10-6.969025551356386472e-10j), (-1.076534237007447626e-07+4.338091294683856171e-07j)
 (-2.721890100381281073e-09+4.281881187237210706e-08j), (8.869968663016013738e-12-5.222544317059543840e-11j), (-3.124139227159372142e-10+2.503173950952542904e-09j), (8.869968663016013738e-12-5.222544317059543840e-11j), (-2.368050219764571219e-09+3.605724137244225693e-08j), (2.032477403364675629e-10-7.888171532950705506e-10j), (-3.124139227159372142e-10+2.503173950952542904e-09j), (2.032477403364675629e-10-7.888171532950705506e-10j), (-1.390372059286431212e-07+4.888572461537250585e-07j)
 (-3.592638236665555677e-09+4.916293994386571935e-08j), (1.166388065525601966e-11-5.963104336840541632e-11j), (-4.070535027435481788e-10+2.857722894382598289e-09j), (1.166388065525601966e-11-5.963104336840541632e-11j), (-3.125272520428558512e-09+4.139559590263518977e-08j), (2.626591589382350828e-10-8.888764783129430861e-10j), (-4.070535027435481788e-10+2.857722894382598289e-09j), (2.626591589382350828e-10-8.888764783129430861e-10j), (-1.783962566546054916e-07+5.478137217821109206e-07j)
 (-4.739613833736293179e-09+5.642203638222019505e-08j), (1.531316529530587117e-11-6.793814106755591143e-11j), (-5.283426364060745992e-10+3.256281588106902972e-09j), (1.531316529530587117e-11-6.793814106755591143e-11j), (-4.122464371069314656e-09+4.750182532199757437e-08j), (3.373631166822501175e-10-9.960867177271044310e-10j), (-5.283426364060745992e-10+3.256281588106902972e-09j), (3.373631166822501175e-10-9.960867177271044310e-10j), (-2.270551306661927223e-07+6.096822484019801771e-07j)
 (-6.248729979473110459e-09+6.471526267740629296e-08j), (2.006258912608469949e-11-7.718164660135454628e-11j), (-6.826551464530061093e-10+3.701884387461274705e-09j), (2.006258912608469949e-11-7.718164660135454628e-11j), (-5.434082382385816536e-09+5.447487982191723012e-08j), (4.301128029669051992e-10-1.108672671298620789e-09j), (-6.826551464530061093e-10+3.701884387461274705e-09j), (4.301128029669051992e-10-1.108672671298620789e-09j), (-2.861780615215762533e-07+6.729739377492901738e-07j)
 (-8.231368844116067771e-09+7.417072521821034279e-08j), (2.621544143248635495e-11-8.735649881908085078e-11j), (-8.773674828719781012e-10+4.196961499256424614e-09j), (2.621544143248635495e-11-8.735649881908085078e-11j), (-7.156524469249176712e-09+6.242055477024684005e-08j), (5.435664281675242845e-10-1.223932571657980764e-09j), (-8.773674828719781012e-10+4.196961499256424614e-09j), (5.435664281675242845e-10-1.223932571657980764e-09j), (-3.565621349998260143e-07+7.357144858078618344e-07j)
 (-1.083102565113592436e-08+8.492256144751926433e-08j), (3.413989881129247997e-11-9.839377625904477033e-11j), (-1.120848929847290156e-09+4.743100433786180139e-09j), (3.413989881129247997e-11-9.839377625904477033e-11j), (-9.413756292323956677e-09+7.144872655220454032e-08j), (6.800017889522316602e-10-1.338156301525096179e-09j), (-1.120848929847290156e-09+4.743100433786180139e-09j), (6.800017889522316602e-10-1.338156301525096179e-09j), (-4.384153959530142412e-07+7.955553081840989430e-07j)
 (-1.423102952044562138e-08+9.710573157260680553e-08j), (4.427062002892290835e-11-1.101280914459672558e-10j), (-1.422430867253964439e-09+5.340794362436397736e-09j), (4.427062002892290835e-11-1.101280914459672558e-10j), (-1.236377279535138668e-08+8.166853967142546474e-08j), (8.409853981154854786e-10-1.446637261109120240e-09j), (-1.422430867253964439e-09+5.340794362436397736e-09j), (8.409853981154854786e-10-1.446637261109120240e-09j), (-5.311825971573920291e-07+8.500047129838689571e-07j)
 (-1.866301509223085460e-08+1.108475260876411777e-07j), (5.710102167423974138e-11-1.222550273888013365e-10j), (-1.792363763047419611e-09+5.989156675594879966e-09j), (5.710102167423974138e-11-1.222550273888013365e-10j), (-1.620555146299677075e-08+9.318069029280787428e-08j), (1.027032522358333881e-09-1.543788355213982643e-09j), (-1.792363763047419611e-09+5.989156675594879966e-09j), (1.027032522358333881e-09-1.543788355213982643e-09j), (-6.334942373233590702e-07+8.967502998787018737e-07j)
 (-2.441535021782648969e-08+1.262545839684583602e-07j), (7.315947969974581263e-11-1.342787283345772804e-10j), (-2.241742491827945783e-09+6.685566017164494918e-09j), (7.315947969974581263e-11-1.342787283345772804e-10j), (-2.118572009086799919e-08+1.060657897777239144e-07j), (1.237283323473603530e-09-1.623353233892782996e-09j), (-2.241742491827945783e-09+6.685566017164494918e-09j), (1.237283323473603530e-09-1.623353233892782996e-09j), (-7.432902565793011416e-07+9.339899098660362390e-07j)
 (-3.183998200459463769e-08+1.433941290408761009e-07j), (9.296018794645783972e-11-1.454527077859433499e-10j), (-2.782338140163027079e-09+7.425223382983132466e-09j), (9.296018794645783972e-11-1.454527077859433499e-10j), (-2.760348853636967995e-08+1.203677674967133930e-07j), (1.469195739215187888e-09-1.678709223892517085e-09j), (-2.782338140163027079e-09+7.425223382983132466e-09j), (1.469195739215187888e-09-1.678709223892517085e-09j), (-8.581041631358659389e-07+9.606600686841232686e-07j)
 (-4.135510264357834134e-08+1.622683739406853410e-07j), (1.169173039556629799e-10-1.547224339069819692e-10j), (-3.426256348121398165e-09+8.200662958281887182e-09j), (1.169173039556629799e-10-1.547224339069819692e-10j), (-3.581145846585433944e-08+1.360715749571362907e-07j), (1.718252779929323117e-09-1.703297245603438113e-09j), (-3.426256348121398165e-09+8.200662958281887182e-09j), (1.718252779929323117e-09-1.703297245603438113e-09j), (-9.754163041279746826e-07+9.764798717822667185e-07j)
 (-5.343972613155573049e-08+1.827819286796225551e-07j), (1.452110759367184691e-10-1.606872993818683833e-10j), (-4.185390795602723999e-09+9.001324572345103754e-09j), (1.452110759367184691e-10-1.606872993818683833e-10j), (-4.620882131056822296e-08+1.530753701102968499e-07j), (1.977737237554775471e-09-1.691250906165606594e-09j), (-4.185390795602723999e-09+9.001324572345103754e-09j), (1.977737237554775471e-09-1.691250906165606594e-09j), (-1.092948287896435174e-06+9.818106110814150280e-07j)
 (-6.861502535757648798e-08+2.047039802383451565e-07j), (1.776003285624260461e-10-1.616124220002555864e-10j), (-5.070745586475306989e-09+9.813291783748940323e-09j), (1.776003285624260461e-10-1.616124220002555864e-10j), (-5.922252111016353331e-08+1.711592272284444489e-07j), (2.238726172381050851e-09-1.638262992422176914e-09j), (-5.070745586475306989e-09+9.813291783748940323e-09j), (2.238726172381050851e-09-1.638262992422176914e-09j), (-1.208806178777232710e-06+9.774183304505486339e-07j)
 (-8.740683963970864476e-08+2.276302819331890832e-07j), (2.131923922443758817e-10-1.555348318739008157e-10j), (-6.091768470408007203e-09+1.061918044196993520e-08j), (2.131923922443758817e-10-1.555348318739008157e-10j), (-7.527191844056181489e-08+1.899554295015783720e-07j), (2.490514375177905937e-09-1.542588263629732478e-09j), (-6.091768470408007203e-09+1.061918044196993520e-08j), (2.490514375177905937e-09-1.542588263629732478e-09j), (-1.321467353967857347e-06+9.642595933418890592e-07j)
 (-1.102853356998937245e-07+2.509544136133447902e-07j), (2.502147921699038105e-10-1.405154006496591265e-10j), (-7.255748250557953747e-09+1.139799798669655669e-08j), (2.502147921699038105e-10-1.405154006496591265e-10j), (-9.471445755072348498e-08+2.089292172414785027e-07j), (2.721592621368370968e-09-1.405902595232870527e-09j), (-7.255748250557953747e-09+1.139799798669655669e-08j), (2.721592621368370968e-09-1.405902595232870527e-09j), (-1.429685570144840103e-06+9.433709066335939461e-07j)
 (-1.375827546186366039e-07+2.738620765923316275e-07j), (2.858819213397897333e-10-1.150702097551504430e-10j), (-8.567069381923620920e-09+1.212476554705967890e-08j), (2.858819213397897333e-10-1.150702097551504430e-10j), (-1.177749122454992045e-07+2.273820826686261270e-07j), (2.921080316031906021e-09-1.233661469155145010e-09j), (-8.567069381923620920e-09+1.212476554705967890e-08j), (2.921080316031906021e-09-1.233661469155145010e-09j), (-1.532411172039570426e-06+9.158631090721141602e-07j)
 (-1.693990169253094048e-07+2.953636500029842803e-07j), (3.164958229702705779e-10-7.875173795979608296e-11j), (-1.002586196332271959e-08+1.276995677110132099e-08j), (3.164958229702705779e-10-7.875173795979608296e-11j), (-1.444689986829725262e-07+2.444896593401712057e-07j), (3.080271744033732247e-09-1.034721208216488309e-09j), (-1.002586196332271959e-08+1.276995677110132099e-08j), (3.080271744033732247e-09-1.034721208216488309e-09j), (-1.628783958494167083e-06+8.829593016095134925e-07j)
 (-2.055158051081838218e-07+3.143753458489047727e-07j), (3.379183937543430727e-10-3.273569735620133512e-11j), (-1.162562274202584724e-08+1.329930073051018837e-08j), (3.379183937543430727e-10-3.273569735620133512e-11j), (-1.745410441569944616e-07+2.593799771470058567e-07j), (3.193863971765450832e-09-8.202528459077770513e-10j), (-1.162562274202584724e-08+1.329930073051018837e-08j), (3.193863971765450832e-09-8.202528459077770513e-10j), (-1.718191581998962256e-06+8.460039803264495319e-07j)
 (-2.453474276719526072e-07+3.298461259325708121e-07j), (3.464477384190535784e-10+1.985466984144954121e-11j), (-1.334987484689987702e-08+1.367490967049564979e-08j), (3.464477384190535784e-10+1.985466984144954121e-11j), (-2.074396785562821184e-07+2.712446305926480941e-07j), (3.260547721367875960e-09-6.022289112923742729e-10j), (-1.334987484689987702e-08+1.367490967049564979e-08j), (3.260547721367875960e-09-6.022289112923742729e-10j), (-1.800341868474688473e-06+8.064069859557790086e-07j)
 (-2.879545564961589629e-07+3.409089384240562047e-07j), (3.399133432735884784e-10+7.418759404689338432e-11j), (-1.516873317897038151e-08+1.385864903434624220e-08j), (3.399133432735884784e-10+7.418759404689338432e-11j), (-2.423495328789420475e-07+2.794595862067791880e-07j), (3.282870155542949179e-09-3.918666738932965887e-10j), (-1.516873317897038151e-08+1.385864903434624220e-08j), (3.282870155542949179e-09-3.918666738932965887e-10j), (-1.875295246335295428e-06+7.655350926840820675e-07j)
 (-3.321313841339523194e-07+3.470193365394827684e-07j), (3.185693039757418206e-10+1.246626252847391890e-10j), (-1.703693410006302732e-08+1.381799748942273323e-08j), (3.185693039757418206e-10+1.246626252847391890e-10j), (-2.782798935581133011e-07+2.836828432592060044e-07j), (3.266485836332327109e-09-1.983610415479780499e-10j), (-1.703693410006302732e-08+1.381799748942273323e-08j), (3.266485836332327109e-09-1.983610415479780499e-10j), (-1.943433233213847927e-06+7.245933764472670883e-07j)
 (-3.765523938600271924e-07+3.480420961671998219e-07j), (2.852995507978177671e-10+1.663394887802287353e-10j), (-1.889502086006940755e-08+1.353352260989012939e-08j), (2.852995507978177671e-10+1.663394887802287353e-10j), (-3.141904663368819233e-07+2.839005484659139902e-07j), (3.219032108044343085e-09-2.811235487490744973e-11j), (-1.889502086006940755e-08+1.353352260989012939e-08j), (3.219032108044343085e-09-2.811235487490744973e-11j), (-2.005373648851236363e-06+6.845370856509345773e-07j)
 (-4.199433342337089477e-07+3.442608815575949135e-07j), (2.448905493724386854e-10+1.963000138459726417e-10j), (-2.067470087673445716e-08+1.300598335109296660e-08j), (2.448905493724386854e-10+1.963000138459726417e-10j), (-3.491213645934587222e-07+2.804106196770328290e-07j), (3.148903797161983152e-09+1.154884733642900678e-10j), (-2.067470087673445716e-08+1.300598335109296660e-08j), (3.148903797161983152e-09+1.154884733642900678e-10j), (-2.061862224109323455e-06+6.460338894463591994e-07j)
 (-4.612333334698743504e-07+3.363111215113097596e-07j), (2.025950487372437344e-10+2.143162013196711731e-10j), (-2.230801392009110181e-08+1.226053152371977890e-08j), (2.025950487372437344e-10+2.143162013196711731e-10j), (-3.822959211977297322e-07+2.737538392442288502e-07j), (3.064174298392414911e-09+2.317877241997894112e-10j), (-2.230801392009110181e-08+1.226053152371977890e-08j), (3.064174298392414911e-09+2.317877241997894112e-10j), (-2.113669917244028303e-06+6.094741466639090518e-07j)
 (-4.996545380332216924e-07+3.250597719927684501e-07j), (1.626106791900921331e-10+2.225119442918251069e-10j), (-2.373836865601373848e-08+1.134593554591169088e-08j), (1.626106791900921331e-10+2.225119442918251069e-10j), (-4.131780437261022051e-07+2.646160923873682919e-07j), (2.971821963075677780e-09+3.222741510938921220e-10j), (-2.373836865601373848e-08+1.134593554591169088e-08j), (2.971821963075677780e-09+3.222741510938921220e-10j), (-2.161513962434886206e-06+5.750141739759033543e-07j)
 (-5.347760497706075892e-07+3.114673190386417339e-07j), (1.271416596559694716e-10+2.242284089305499836e-10j), (-2.493043214899838041e-08+1.032817781654006232e-08j), (1.271416596559694716e-10+2.242284089305499836e-10j), (-4.414820441819707976e-07+2.537278188961058628e-07j), (2.877307503807078806e-09+3.898485620459744789e-10j), (-2.493043214899838041e-08+1.032817781654006232e-08j), (2.877307503807078806e-09+3.898485620459744789e-10j), (-2.206008333097810474e-06+5.426352211178219347e-07j)
 (-5.664797531055565361e-07+2.964644728813181065e-07j), (9.636430090138888974e-11+2.226874261917733296e-10j), (-2.587585172862985616e-08+9.279672341325050853e-09j), (9.636430090138888974e-11+2.226874261917733296e-10j), (-4.671450895741801533e-07+2.417804687992451901e-07j), (2.784468555336422912e-09+4.381049349621476757e-10j), (-2.587585172862985616e-08+9.279672341325050853e-09j), (2.784468555336422912e-09+4.381049349621476757e-10j), (-2.247641044869545075e-06+5.122046339400458653e-07j)
 (-5.948984047807594425e-07+2.808631476205407003e-07j), (6.912545153225254688e-11+2.200547392335893241e-10j), (-2.659295104300242631e-08+8.266946588710056693e-09j), (6.912545153225254688e-11+2.200547392335893241e-10j), (-4.902779627845530300e-07+2.293698331860473175e-07j), (2.695668824609620067e-09+4.707241479932474090e-10j), (-2.659295104300242631e-08+8.266946588710056693e-09j), (2.695668824609620067e-09+4.707241479932474090e-10j), (-2.286772302038843628e-06+4.835311258884861513e-07j)
 (-6.203384514904593410e-07+2.653064460269316872e-07j), (4.389211064735932125e-11+2.171817628829656109e-10j), (-2.712047986048604182e-08+7.340262365510375951e-09j), (4.389211064735932125e-11+2.171817628829656109e-10j), (-5.111092344910493545e-07+2.169667739566996367e-07j), (2.612121509155008718e-09+4.910566901617838073e-10j), (-2.712047986048604182e-08+7.340262365510375951e-09j), (2.612121509155008718e-09+4.910566901617838073e-10j), (-2.323647589482796307e-06+4.564103243122706663e-07j)
 (-6.432043619948294824e-07+2.502519259133081956e-07j), (1.949079359224076601e-11+2.139121036650573163e-10j), (-2.750748102789234551e-08+6.527997441266747667e-09j), (1.949079359224076601e-11+2.139121036650573163e-10j), (-5.299333286516768516e-07+2.049097688708745477e-07j), (2.534273425675727599e-09+5.019358505821747260e-10j), (-2.750748102789234551e-08+6.527997441266747667e-09j), (2.534273425675727599e-09+5.019358505821747260e-10j), (-2.358421080411511017e-06+4.306585942302236095e-07j)
 (-6.639332032050847441e-07+2.359786975990392342e-07j), (-4.573129204648130886e-12+2.096258077804044476e-10j), (-2.780254217591273931e-08+5.836866754216358915e-09j), (-4.573129204648130886e-12+2.096258077804044476e-10j), (-5.470671508427212047e-07+1.934118684829668667e-07j), (2.462122525991237568e-09+5.056894256758141714e-10j), (-2.780254217591273931e-08+5.836866754216358915e-09j), (2.462122525991237568e-09+5.056894256758141714e-10j), (-2.391184974476681760e-06+4.061335275859699619e-07j)
 (-6.829422639163713319e-07+2.226102527579009611e-07j), (-2.816262672348649824e-11+2.037230144632727548e-10j), (-2.804556534242419164e-08+5.256962064599157796e-09j), (-2.816262672348649824e-11+2.037230144632727548e-10j), (-5.628157069111407890e-07+1.825763493304520656e-07j), (2.395392667003623886e-09+5.042416411759038014e-10j), (-2.804556534242419164e-08+5.256962064599157796e-09j), (2.395392667003623886e-09+5.042416411759038014e-10j), (-2.421999511563902744e-06+3.827405600516484341e-07j)
 (-7.005904417655973604e-07+2.101477680532711881e-07j), (-5.074570637459338882e-11+1.959081077961448974e-10j), (-2.826380270677294077e-08+4.769111935297085145e-09j), (-5.074570637459338882e-11+1.959081077961448974e-10j), (-5.774459523548912465e-07+1.724181901733747040e-07j), (2.333588020992002008e-09+4.991842758687082276e-10j), (-2.826380270677294077e-08+4.769111935297085145e-09j), (2.333588020992002008e-09+4.991842758687082276e-10j), (-2.450918247526274196e-06+3.604275950767585655e-07j)
 (-7.171545498889501432e-07+1.985098660557418477e-07j), (-7.166411185830223887e-11+1.862776885691777952e-10j), (-2.847204405679245656e-08+4.351856524531656988e-09j), (-7.166411185830223887e-11+1.862776885691777952e-10j), (-5.911692489634503111e-07+1.628899238731307041e-07j), (2.276021765043088323e-09+4.917642864610199854e-10j), (-2.847204405679245656e-08+4.351856524531656988e-09j), (2.276021765043088323e-09+4.917642864610199854e-10j), (-2.478004782923797442e-06+3.391718292322174736e-07j)
 (-7.328218211305315441e-07+1.875737859878948145e-07j), (-9.035173942720005663e-11+1.752726929952509781e-10j), (-2.867547769439452993e-08+3.986278064333745695e-09j), (-9.035173942720005663e-11+1.752726929952509781e-10j), (-6.041338863043293677e-07+1.539095377375158962e-07j), (2.221904317520276058e-09+4.828295397658010714e-10j), (-2.867547769439452993e-08+3.986278064333745695e-09j), (2.221904317520276058e-09+4.828295397658010714e-10j), (-2.503339670303035714e-06+3.189639055586319626e-07j)
 (-7.476978414414467401e-07+1.772115406273532430e-07j), (-1.064752085499223406e-10+1.635506027552260760e-10j), (-2.887341403842243306e-08+3.658285614472550554e-09j), (-1.064752085499223406e-10+1.635506027552260760e-10j), (-6.164282409411693200e-07+1.453863723650725520e-07j), (2.170499829380247095e-09+4.728195841086365194e-10j), (-2.887341403842243306e-08+3.658285614472550554e-09j), (2.170499829380247095e-09+4.728195841086365194e-10j), (-2.527018669731953749e-06+2.997941748975947396e-07j)
 (-7.618256973546810653e-07+1.673153451702129852e-07j), (-1.199884936765938747e-10+1.518209350227987285e-10j), (-2.906258594417003744e-08+3.358931440461683730e-09j), (-1.199884936765938747e-10+1.518209350227987285e-10j), (-6.280925937233971504e-07+1.372406693921950431e-07j), (2.121283071660493287e-09+4.618548531905717536e-10j), (-2.906258594417003744e-08+3.358931440461683730e-09j), (2.121283071660493287e-09+4.618548531905717536e-10j), (-2.549145607623840856e-06+2.816444570234420544e-07j)
 (-7.752096965584952239e-07+1.578098817314862713e-07j), (-1.311037692178984658e-10+1.406890486241119604e-10j), (-2.923951855471237218e-08+3.083608585798415064e-09j), (-1.311037692178984658e-10+1.406890486241119604e-10j), (-6.391353923772471975e-07+1.294143350777471368e-07j), (2.074013429835651345e-09+4.499004842058934360e-10j), (-2.923951855471237218e-08+3.083608585798415064e-09j), (2.074013429835651345e-09+4.499004842058934360e-10j), (-2.569824211038326329e-06+2.644861699077422679e-07j)
 (-7.878372301509991371e-07+1.486530385047410635e-07j), (-1.402010918274285415e-10+1.305544576940016761e-10j), (-2.940197177913795747e-08+2.830756706272272395e-09j), (-1.402010918274285415e-10+1.305544576940016761e-10j), (-6.495493865951884386e-07+1.218733860931907695e-07j), (2.028695146641271938e-09+4.369264355245247397e-10j), (-2.940197177913795747e-08+2.830756706272272395e-09j), (2.028695146641271938e-09+4.369264355245247397e-10j), (-2.589152429850475544e-06+2.482829197617600207e-07j)
 (-7.996947862683998393e-07+1.398294718473434532e-07j), (-1.477207476998758939e-10+1.215895060876414430e-10j), (-2.954958234832193338e-08+2.600417898131387161e-09j), (-1.477207476998758939e-10+1.215895060876414430e-10j), (-6.593244559019001064e-07+1.146046681109849929e-07j), (1.985464507171864024e-09+4.229946541746763143e-10j), (-2.954958234832193338e-08+2.600417898131387161e-09j), (1.985464507171864024e-09+4.229946541746763143e-10j), (-2.607220281752485842e-06+2.329944453176628204e-07j)
 (-8.107772422124130585e-07+1.313417560794011604e-07j), (-1.540824554281519176e-10+1.137865805655924910e-10j), (-2.968379593654388566e-08+2.392890926639393268e-09j), (-1.540824554281519176e-10+1.137865805655924910e-10j), (-6.684559693473930738e-07+1.076099960464645688e-07j), (1.944477082717344260e-09+4.082602854112870450e-10j), (-2.968379593654388566e-08+2.392890926639393268e-09j), (1.944477082717344260e-09+4.082602854112870450e-10j), (-2.624110170469167571e-06+2.185797718985890690e-07j)
 (-8.210918977710847985e-07+1.232024039636921743e-07j), (-1.596505378153194168e-10+1.070331385914435921e-10j), (-2.980723275966829949e-08+2.207762215948094439e-09j), (-1.596505378153194168e-10+1.070331385914435921e-10j), (-6.769491497632073046e-07+1.009001123143796991e-07j), (1.905844612591483000e-09+3.929250511002765465e-10j), (-2.980723275966829949e-08+2.207762215948094439e-09j), (1.905844612591483000e-09+3.929250511002765465e-10j), (-2.639898274099209376e-06+2.049990268062235714e-07j)
 (-8.306594295980960469e-07+1.154278269554095262e-07j), (-1.647330534296120007e-10+1.011740086238205190e-10j), (-2.992279186782113976e-08+2.043533534435998484e-09j), (-1.647330534296120007e-10+1.011740086238205190e-10j), (-6.848206167584005032e-07+9.448953325518702662e-08j), (1.869623734416822565e-09+3.771902786774877895e-10j), (-2.992279186782113976e-08+2.043533534435998484e-09j), (1.869623734416822565e-09+3.771902786774877895e-10j), (-2.654656185961722433e-06+1.922140493334817903e-07j)
 (-8.395131597054961265e-07+1.080337686392401401e-07j), (-1.695893062861871270e-10+9.604466008870722413e-11j), (-3.003289394913398502e-08+1.897839900040328056e-09j), (-1.695893062861871270e-10+9.604466008870722413e-11j), (-6.920980274382875105e-07+8.839233163868465130e-08j), (1.835829962915720965e-09+3.612320963252928836e-10j), (-3.003289394913398502e-08+1.897839900040328056e-09j), (1.835829962915720965e-09+3.612320963252928836e-10j), (-2.668452211630053516e-06+1.801879657215644224e-07j)
 (-8.476968972496413824e-07+1.010316605621641718e-07j), (-1.744297970864193242e-10+9.148439997722880081e-11j), (-3.013914907651782038e-08+1.767991263671197793e-09j), (-1.744297970864193242e-10+9.148439997722880081e-11j), (-6.988181514481100451e-07+8.261875112781859875e-08j), (1.804453168809330135e-09+3.451948890193379808e-10j), (-3.013914907651782038e-08+1.767991263671197793e-09j), (1.804453168809330135e-09+3.451948890193379808e-10j), (-2.681351722825463106e-06+1.688842623430761530e-07j)
 (-8.552613845270761920e-07+9.442612690349312785e-08j), (-1.794112106383018212e-10+8.734611768164581106e-11j), (-3.024246630726902681e-08+1.651471951737084959e-09j), (-1.794112106383018212e-10+8.734611768164581106e-11j), (-7.050236367262294296e-07+7.717297593059395276e-08j), (1.775467581534246582e-09+3.291922278476795462e-10j), (-3.024246630726902681e-08+1.651471951737084959e-09j), (1.775467581534246582e-09+3.291922278476795462e-10j), (-2.693416587045783448e-06+1.582663335941652231e-07j)
 (-8.622600798192799278e-07+8.821418617957336516e-08j), (-1.846382098502290586e-10+8.350919642852569095e-11j), (-3.034338312093197463e-08+1.546154669203877332e-09j), (-1.846382098502290586e-10+8.350919642852569095e-11j), (-7.107592380948439551e-07+7.205250604666490928e-08j), (1.748838865350623396e-09+3.133119540616487423e-10j), (-3.034338312093197463e-08+1.546154669203877332e-09j), (1.748838865350623396e-09+3.133119540616487423e-10j), (-2.704704603253243781e-06+1.482980191454439066e-07j)
 (-8.687455047347989012e-07+8.238606457893689598e-08j), (-1.901774754560539388e-10+7.988869837808981417e-11j), (-3.044233295902446271e-08+1.450221951587951840e-09j), (-1.901774754560539388e-10+7.988869837808981417e-11j), (-7.160686198720565229e-07+6.724902103885548473e-08j), (1.724528915932710521e-09+2.976279289115073108e-10j), (-3.044233295902446271e-08+1.450221951587951840e-09j), (1.724528915932710521e-09+2.976279289115073108e-10j), (-2.715269825640176690e-06+1.389444709546375653e-07j)
 (-8.747668866700305078e-07+7.692676100393310929e-08j), (-1.960760680716701480e-10+7.643062923759450842e-11j), (-3.053969160450835450e-08+1.361968371515107416e-09j), (-1.960760680716701480e-10+7.643062923759450842e-11j), (-7.209923986607363252e-07+6.274993934394292274e-08j), (1.702494734819611431e-09+2.822180334663279083e-10j), (-3.053969160450835450e-08+1.361968371515107416e-09j), (1.702494734819611431e-09+2.822180334663279083e-10j), (-2.725163479720842772e-06+1.301722533021495171e-07j)
 (-8.803688725125630611e-07+7.181753799072782802e-08j), (-2.023692352444959251e-10+7.309222655547661811e-11j), (-3.063563253507879168e-08+1.279683061113326844e-09j), (-2.023692352444959251e-10+7.309222655547661811e-11j), (-7.255672453115060708e-07+5.853986479345145264e-08j), (1.682678660748432037e-09+2.671813771844396295e-10j), (-3.063563253507879168e-08+1.279683061113326844e-09j), (1.682678660748432037e-09+2.671813771844396295e-10j), (-2.734434316428109081e-06+1.219485536706192997e-07j)
 (-8.855907367245489133e-07+6.703721016958422892e-08j), (-2.090688910544193025e-10+6.981870935983890374e-11j), (-3.072994553726762861e-08+1.201704436699156885e-09j), (-2.090688910544193025e-10+6.981870935983890374e-11j), (-7.298254816416206647e-07+5.460170346251569970e-08j), (1.664992649117730268e-09+2.526450705220211852e-10j), (-3.072994553726762861e-08+1.201704436699156885e-09j), (1.664992649117730268e-09+2.526450705220211852e-10j), (-2.743127878756367128e-06+1.142405737605631884e-07j)
 (-8.904659515062660161e-07+6.256352242131089587e-08j), (-2.161383642215783459e-10+6.653249852324254073e-11j), (-3.082196874827873189e-08+1.126596724996222895e-09j), (-2.161383642215783459e-10+6.653249852324254073e-11j), (-7.337949260605930149e-07+5.091767891808451568e-08j), (1.649304057126908056e-09+2.387548493066006757e-10j), (-3.082196874827873189e-08+1.126596724996222895e-09j), (1.649304057126908056e-09+2.387548493066006757e-10j), (-2.751285521477880868e-06+1.070160292814022481e-07j)
 (-8.950224189139928207e-07+5.837460684963939840e-08j), (-2.234703139535088746e-10+6.314363072621603550e-11j), (-3.091068221961314642e-08+1.053321288607539662e-09j), (-2.234703139535088746e-10+6.314363072621603550e-11j), (-7.374991482090303799e-07+4.747032910410675148e-08j), (1.635430950880165977e-09+2.256516203043761464e-10j), (-3.091068221961314642e-08+1.053321288607539662e-09j), (1.635430950880165977e-09+2.256516203043761464e-10j), (-2.758944394174253588e-06+1.002443560459230445e-07j)
 (-8.992834281968533528e-07+5.445004650480665171e-08j), (-2.308845947134079786e-10+5.957667021872899732e-11j), (-3.099489888602382052e-08+9.813029232628580697e-10j), (-2.308845947134079786e-10+5.957667021872899732e-11j), (-7.409581985410776192e-07+4.424321150696035505e-08j), (1.623151166454277447e-09+2.134433193048722507e-10j), (-3.099489888602382052e-08+9.813029232628580697e-10j), (1.623151166454277447e-09+2.134433193048722507e-10j), (-2.766138488758163455e-06+9.389735280208811186e-08j)
 (-9.032688357790538122e-07+5.077118799884635322e-08j), (-2.381520262517560055e-10+5.579961886522835169e-11j), (-3.107344606487204943e-08+9.103828292849808454e-10j), (-2.381520262517560055e-10+5.579961886522835169e-11j), (-7.441894717055507400e-07+4.122107635510372689e-08j), (1.612223294803620227e-09+2.021846317623984745e-10j), (-3.107344606487204943e-08+9.103828292849808454e-10j), (1.612223294803620227e-09+2.021846317623984745e-10j), (-2.772899630339444102e-06+8.794865240697786136e-08j)
 (-9.069958751414248832e-07+4.732094636683483537e-08j), (-2.450365416486011084e-10+5.184005677443122619e-11j), (-3.114527465453164049e-08+8.407264088831019467e-10j), (-2.450365416486011084e-10+5.184005677443122619e-11j), (-7.472082688657995403e-07+3.838969136182794329e-08j), (1.602412331348801420e-09+1.918740594959022504e-10j), (-3.114527465453164049e-08+8.407264088831019467e-10j), (1.602412331348801420e-09+1.918740594959022504e-10j), (-2.779257440389367915e-06+8.237277963472245639e-08j)
 (-9.104795557571396281e-07+4.408367563468455861e-08j), (-2.513403548451138032e-10+4.778160652548592137e-11j), (-3.120951333101862272e-08+7.727594437013806559e-10j), (-2.513403548451138032e-10+4.778160652548592137e-11j), (-7.500280262472526623e-07+3.573575445556729791e-08j), (1.593510628359952851e-09+1.824694508823936746e-10j), (-3.120951333101862272e-08+7.727594437013806559e-10j), (1.593510628359952851e-09+1.824694508823936746e-10j), (-2.785238619220625869e-06+7.714497565464245849e-08j)
 (-9.137331193547154831e-07+4.104532230677607476e-08j), (-2.569374998405536196e-10+4.374371965030688636e-11j), (-3.126552976063840791e-08+7.071488191906151438e-10j), (-2.569374998405536196e-10+4.374371965030688636e-11j), (-7.526605758055445712e-07+3.324706533629796492e-08j), (1.585347134955529599e-09+1.739138437693980390e-10j), (-3.126552976063840791e-08+7.071488191906151438e-10j), (1.585347134955529599e-09+1.739138437693980390e-10j), (-2.790866782150217722e-06+7.224196294993740549e-08j)
 (-9.167688459146006748e-07+3.819349233343687677e-08j), (-2.617877281365978810e-10+3.985411508061574352e-11j), (-3.131303808975445932e-08+6.447814604668401727e-10j), (-2.617877281365978810e-10+3.985411508061574352e-11j), (-7.551166857848113298e-07+3.091266776560296834e-08j), (1.577783339040701784e-09+1.661589094118998673e-10j), (-3.131303808975445932e-08+6.447814604668401727e-10j), (1.577783339040701784e-09+1.661589094118998673e-10j), (-2.796163468740826927e-06+6.764259446547560251e-08j)
 (-9.195988551859178339e-07+3.551699001244387663e-08j), (-2.659307666297066693e-10+3.622386666377384937e-11j), (-3.135222974906639901e-08+5.866808723121979411e-10j), (-2.659307666297066693e-10+3.622386666377384937e-11j), (-7.574066333868689242e-07+2.872260237586390618e-08j), (1.570699678925656978e-09+1.591761836969487930e-10j), (-3.135222974906639901e-08+5.866808723121979411e-10j), (1.570699678925656978e-09+1.591761836969487930e-10j), (-2.801149507739978013e-06+6.332732688003397282e-08j)
 (-9.222352416619872443e-07+3.300495276586616860e-08j), (-2.694668379861283861e-10+3.293143845253135806e-11j), (-3.138385858141717205e-08+5.338413248394221135e-10j), (-2.694668379861283861e-10+3.293143845253135806e-11j), (-7.595403128860577709e-07+2.666733824153139036e-08j), (1.563978680745647409e-09+1.529541489757703385e-10j), (-3.138385858141717205e-08+5.338413248394221135e-10j), (1.563978680745647409e-09+1.529541489757703385e-10j), (-2.805845292430087613e-06+5.927673663853247581e-08j)
 (-9.246893534817432515e-07+3.064627079609197086e-08j), (-2.725315702073148840e-10+3.001684680343691510e-11j), (-3.140921557937162706e-08+4.870186158631288195e-10j), (-2.725315702073148840e-10+3.001684680343691510e-11j), (-7.615267356836180888e-07+2.473739182645076197e-08j), (1.557490253592131736e-09+1.474862599474729055e-10j), (-3.140921557937162706e-08+4.870186158631288195e-10j), (1.557490253592131736e-09+1.474862599474729055e-10j), (-2.810269471991805189e-06+5.547049449156279104e-08j)
 (-9.269708431179979189e-07+2.842987935134931113e-08j), (-2.752722073907283370e-10+2.748332881640853048e-11j), (-3.142997499156784607e-08+4.465503263582714325e-10j), (-2.752722073907283370e-10+2.748332881640853048e-11j), (-7.633734006121140083e-07+2.292357045731070519e-08j), (1.551082340669619317e-09+1.427568127390190839e-10j), (-3.142997499156784607e-08+4.465503263582714325e-10j), (1.551082340669619317e-09+1.427568127390190839e-10j), (-2.814437193961543573e-06+5.188802720402039214e-08j)
 (-9.290874401183865074e-07+2.634577296022965269e-08j), (-2.778288937849360973e-10+2.530269835398274972e-11j), (-3.144794885267319545e-08+4.122696838365256011e-10j), (-2.778288937849360973e-10+2.530269835398274972e-11j), (-7.650862455335362743e-07+2.121771461492174614e-08j), (1.544578738183035981e-09+1.387285182159888580e-10j), (-3.144794885267319545e-08+4.122696838365256011e-10j), (1.544578738183035981e-09+1.387285182159888580e-10j), (-2.818359717040704458e-06+4.851060943687100139e-08j)
 (-9.310458482011530028e-07+2.438589788762400789e-08j), (-2.803216180257864360e-10+2.342157389518611798e-11j), (-3.146482052536857874e-08+3.835370936571440701e-10j), (-2.803216180257864360e-10+2.342157389518611798e-11j), (-7.666704474013608999e-07+1.961329508914125741e-08j), (1.537785912379226937e-09+1.353318367748371529e-10j), (-3.146482052536857874e-08+3.835370936571440701e-10j), (1.537785912379226937e-09+1.353318367748371529e-10j), (-2.822046204245690524e-06+4.532319774089719262e-08j)
 (-9.328532003776068177e-07+2.254408498734677752e-08j), (-2.828414969039208593e-10+2.176753188630360131e-11j), (-3.148192711097254274e-08+3.593681179897141979e-10j), (-2.828414969039208593e-10+2.176753188630360131e-11j), (-7.681315867362046346e-07+1.810525290173366986e-08j), (1.530510708341802291e-09+1.324553970085242508e-10j), (-3.148192711097254274e-08+3.593681179897141979e-10j), (1.530510708341802291e-09+1.324553970085242508e-10j), (-2.825506613369914584e-06+4.231426701653358682e-08j)
 (-9.345179508916907557e-07+2.081490967678249350e-08j), (-2.854448365721970950e-10+2.025570646969633149e-11j), (-3.150013243432484553e-08+3.386094356564405541e-10j), (-2.854448365721970950e-10+2.025570646969633149e-11j), (-7.694762953870812313e-07+1.668904773903303687e-08j), (1.522589174832389589e-09+1.299396260506021502e-10j), (-3.150013243432484553e-08+3.386094356564405541e-10j), (1.522589174832389589e-09+1.299396260506021502e-10j), (-2.828753428678846895e-06+3.947335189431477789e-08j)
 (-9.360494044935172644e-07+1.919221420967780755e-08j), (-2.881494440871093535e-10+1.879677593468954672e-11j), (-3.151979621043412728e-08+3.201137772916326541e-10j), (-2.881494440871093535e-10+1.879677593468954672e-11j), (-7.707118072567469501e-07+1.535952307218607680e-08j), (1.513922756924900001e-09+1.275791731927265376e-10j), (-3.151979621043412728e-08+3.201137772916326541e-10j), (1.513922756924900001e-09+1.275791731927265376e-10j), (-2.831800514288866714e-06+3.678779729773279208e-08j)
 (-9.374560192251529410e-07+1.766834273869905088e-08j), (-2.909341106939420864e-10+1.730662484800195290e-11j), (-3.154082043938921579e-08+3.028825493739452293e-10j), (-2.909341106939420864e-10+1.730662484800195290e-11j), (-7.718445897773822008e-07+1.411039587771935163e-08j), (1.504513047458694103e-09+1.251400693208161341e-10j), (-3.154082043938921579e-08+3.028825493739452293e-10j), (1.504513047458694103e-09+1.251400693208161341e-10j), (-2.834659233738721544e-06+3.424102096914822657e-08j)
