 (-2.099059396158851761e-14+1.343000612074328001e-10j), (-2.269328326560456000e-21+1.834748099673735955e-18j), (3.761239417510536286e-19-9.718613133265557057e-19j), (-2.269328326560456000e-21+1.834748099673735955e-18j), (-2.099060287356321629e-14+1.343000609002823114e-10j), (-8.092061833184718068e-19+2.239613771698029265e-18j), (3.761239417510536286e-19-9.718613133265557057e-19j), (-8.092061833184718068e-19+2.239613771698029265e-18j), (-1.879151651883868654e-11+1.034722985922513303e-08j)
 (-2.722938751829089276e-14+1.528713874937119676e-10j), (-2.496330635756008103e-21+2.087801231530480074e-18j), (4.232760843002678249e-19-1.093729376376337632e-18j), (-2.496330635756008103e-21+2.087801231530480074e-18j), (-2.722939600099500229e-14+1.528713871440844879e-10j), (-9.078369976865318688e-19+2.543354680608118968e-18j), (4.232760843002678249e-19-1.093729376376337632e-18j), (-9.078369976865318688e-19+2.543354680608118968e-18j), (-2.434792373957972518e-11+1.177805703392461380e-08j)
 (-3.531290808725404628e-14+1.740107997895055126e-10j), (-2.751827765234222822e-21+2.375652244000234615e-18j), (4.755234889906119270e-19-1.228748320070382896e-18j), (-2.751827765234222822e-21+2.375652244000234615e-18j), (-3.531291603633677159e-14+1.740107993915406481e-10j), (-1.016192678474787637e-18+2.887330105232515596e-18j), (4.755234889906119270e-19-1.228748320070382896e-18j), (-1.016192678474787637e-18+2.887330105232515596e-18j), (-3.154726869820220088e-11+1.340673663013078268e-08j)
 (-4.578661675198813605e-14+1.980734187928100073e-10j), (-3.038965671891962076e-21+2.703055586234980479e-18j), (5.331549423472763249e-19-1.377643029915305248e-18j), (-3.038965671891962076e-21+2.703055586234980479e-18j), (-4.578662391155400883e-14+1.980734183398023217e-10j), (-1.134465052503659787e-18+3.276578435925215993e-18j), (5.331549423472763249e-19-1.377643029915305248e-18j), (-1.134465052503659787e-18+3.276578435925215993e-18j), (-4.087533403523793929e-11+1.526062543052627647e-08j)
 (-5.935725985999156558e-14+2.254634720019147199e-10j), (-3.361123413733562978e-21+3.075406235635190213e-18j), (5.963788821147118235e-19-1.540915653057996965e-18j), (-3.361123413733562978e-21+3.075406235635190213e-18j), (-5.935726605734400212e-14+2.254634714862691961e-10j), (-1.262533645059859003e-18+3.716678169460507728e-18j), (5.963788821147118235e-19-1.540915653057996965e-18j), (-1.262533645059859003e-18+3.716678169460507728e-18j), (-5.296153357913377821e-11+1.737086188905255691e-08j)
 (-7.694055941068535934e-14+2.566410842607719814e-10j), (-3.721895528846218833e-21+3.498823299277776508e-18j), (6.652779266996470109e-19-1.718719437251577953e-18j), (-3.721895528846218833e-21+3.498823299277776508e-18j), (-7.694056431328824288e-14+2.566410836738247296e-10j), (-1.399823283526548673e-18+4.213775709227727736e-18j), (6.652779266996470109e-19-1.718719437251577953e-18j), (-1.399823283526548673e-18+4.213775709227727736e-18j), (-6.862137655974338568e-11+1.977288845731431424e-08j)
 (-9.972300372398493287e-14+2.921300072891216100e-10j), (-4.125066862459940548e-21+3.980243720935116782e-18j), (7.397476548957619357e-19-1.910687117487651115e-18j), (-4.125066862459940548e-21+3.980243720935116782e-18j), (-9.972300695989651865e-14+2.921300066210065885e-10j), (-1.545113221425843746e-18+4.774602827168388085e-18j), (7.397476548957619357e-19-1.910687117487651115e-18j), (-1.545113221425843746e-18+4.774602827168388085e-18j), (-8.891148411148406536e-11+2.250704584893876684e-08j)
 (-1.292419097286633370e-13+3.325264180294071250e-10j), (-4.574586050497986839e-21+4.527527066498723952e-18j), (8.194147814077429114e-19-2.115699163178880331e-18j), (-4.574586050497986839e-21+4.527527066498723952e-18j), (-1.292419108989938994e-13+3.325264172689150025e-10j), (-1.696282638199596788e-18+5.406478094271946988e-18j), (8.194147814077429114e-19-2.115699163178880331e-18j), (-1.696282638199596788e-18+5.406478094271946988e-18j), (-1.152008670229473375e-10+2.561924905168984740e-08j)
 (-1.674891580199139429e-13+3.785089335897230548e-10j), (-5.074519155223023547e-21+5.149572380681892517e-18j), (9.035287164116389355e-19-2.331572975236941731e-18j), (-5.074519155223023547e-21+5.149572380681892517e-18j), (-1.674891564640841459e-13+3.785089327240596737e-10j), (-1.849973172519325018e-18+6.117284430737087736e-18j), (9.035287164116389355e-19-2.331572975236941731e-18j), (-1.849973172519325018e-18+6.117284430737087736e-18j), (-1.492632686222995130e-10+2.916175618817991831e-08j)
 (-2.170456007662429414e-13+4.308500109876308100e-10j), (-5.629011856268411083e-21+5.856448074613794311e-18j), (9.908190914735415875e-19-2.554648254876448655e-18j), (-5.629011856268411083e-21+5.856448074613794311e-18j), (-2.170455956830334712e-13+4.308500100022663809e-10j), (-2.001143396651550855e-18+6.915411986548324315e-18j), (9.908190914735415875e-19-2.554648254876448655e-18j), (-2.001143396651550855e-18+6.915411986548324315e-18j), (-1.933967941852837492e-10+3.319404276452143578e-08j)
 (-2.812552122463594521e-13+4.904289231466086760e-10j), (-6.242253580935230063e-21+6.659535757180780260e-18j), (1.079309544905642110e-18-2.779236421833933513e-18j), (-6.242253580935230063e-21+6.659535757180780260e-18j), (-2.812552026117715003e-13+4.904289220250025336e-10j), (-2.142482793859267630e-18+7.809651976084921752e-18j), (1.079309544905642110e-18-2.779236421833933513e-18j), (-2.142482793859267630e-18+7.809651976084921752e-18j), (-2.505788828844261023e-10+3.778379543787752704e-08j)
 (-3.644507329789216266e-13+5.582465290508212701e-10j), (-6.918468079226711282e-21+7.571688770668092577e-18j), (1.166076245358956363e-18-2.996892286130133896e-18j), (-6.918468079226711282e-21+7.571688770668092577e-18j), (-3.644507174323366635e-13+5.582465277741232089e-10j), (-2.263643657168846880e-18+8.809021797941335611e-18j), (1.166076245358956363e-18-2.996892286130133896e-18j), (-2.263643657168846880e-18+8.809021797941335611e-18j), (-3.246670520479827888e-10+4.300804117806830888e-08j)
 (-4.722460329426723125e-13+6.354420860667440217e-10j), (-7.661977323726939998e-21+8.607405990485594355e-18j), (1.246936436711176567e-18-3.195453541551568036e-18j), (-7.661977323726939998e-21+8.607405990485594355e-18j), (-4.722460097812997176e-13+6.354420846135301673e-10j), (-2.350237560642851060e-18+9.922495247330022246e-18j), (1.246936436711176567e-18-3.195453541551568036e-18j), (-2.350237560642851060e-18+9.922495247330022246e-18j), (-4.206589134977527386e-10+4.895442958428693080e-08j)
 (-6.119149217262501447e-13+7.233123866925296470e-10j), (-8.477381339711733069e-21+9.783021097517613856e-18j), (1.316049663351387348e-18-3.357778113827348023e-18j), (-8.477381339711733069e-21+9.783021097517613856e-18j), (-6.119148886183040210e-13+7.233123850383701506e-10j), (-2.382528029661280238e-18+1.115860250639732107e-17j), (1.316049663351387348e-18-3.357778113827348023e-18j), (-2.382528029661280238e-18+1.115860250639732107e-17j), (-5.450289300369885380e-10+5.572268811807656677e-08j)
 (-7.928819657369173489e-13+8.233335409628164581e-10j), (-9.369955952472221926e-21+1.111690704268373150e-17j), (1.365410534209020705e-18-3.460087941350320878e-18j), (-9.369955952472221926e-21+1.111690704268373150e-17j), (-7.928819198517415146e-13+8.233335390799346981e-10j), (-2.333732246402798320e-18+1.252485289783140412e-17j), (1.365410534209020705e-18-3.460087941350320878e-18j), (-2.333732246402798320e-18+1.252485289783140412e-17j), (-7.061645059689996723e-10+6.342627207448529374e-08j)
 (-1.027358430481947534e-12+9.371857700626915253e-10j), (-1.034644685869428715e-20+1.262969470114438251e-17j), (1.384208737875151922e-18-3.469801892505578710e-18j), (-1.034644685869428715e-20+1.262969470114438251e-17j), (-1.027358368054799774e-12+9.371857679194618019e-10j), (-2.167821367003730980e-18+1.402691711161978428e-17j), (1.384208737875151922e-18-3.469801892505578710e-18j), (-2.167821367003730980e-18+1.402691711161978428e-17j), (-9.149306203528091105e-10+7.219423314115857266e-08j)
 (-1.331166256945674780e-12+1.066781627114188459e-09j), (-1.141647719533653656e-20+1.434450375343492101e-17j), (1.358028228196066671e-18-3.342705648716729953e-18j), (-1.141647719533653656e-20+1.434450375343492101e-17j), (-1.331166173005098336e-12+1.066781624674673393e-09j), (-1.836679019221431294e-18+1.566748514164826823e-17j), (1.358028228196066671e-18-3.342705648716729953e-18j), (-1.836679019221431294e-18+1.566748514164826823e-17j), (-1.185400737802649348e-09+8.217333223558212766e-08j)
 (-1.724805667673383359e-12+1.214298118413674727e-09j), (-1.259497139894140661e-20+1.628718246665671457e-17j), (1.267856121624678401e-18-3.019263219221314139e-18j), (-1.259497139894140661e-20+1.628718246665671457e-17j), (-1.724805555973886928e-12+1.214298115636914817e-09j), (-1.276442152758946216e-18+1.744468736512719074e-17j), (1.267856121624678401e-18-3.019263219221314139e-18j), (-1.276442152758946216e-18+1.744468736512719074e-17j), (-1.535802703944169466e-09+9.353042371768723459e-08j)
 (-2.234838434585967207e-12+1.382213263539986611e-09j), (-1.390621386503204366e-20+1.848655131133153589e-17j), (1.088870142154327911e-18-2.419818537967859809e-18j), (-1.390621386503204366e-20+1.848655131133153589e-17j), (-2.234838286918668954e-12+1.382213260379407865e-09j), (-4.028039644435028489e-19+1.934992973948565615e-17j), (1.088870142154327911e-18-2.419818537967859809e-18j), (-4.028039644435028489e-19+1.934992973948565615e-17j), (-1.989742423861757027e-09+1.064551386657416984e-07j)
 (-2.895680134912477378e-12+1.573347706761200041e-09j), (-1.539041543624826126e-20+2.097464290834852676e-17j), (7.889792865109609993e-19-1.438365031123213880e-18j), (-1.539041543624826126e-20+2.097464290834852676e-17j), (-2.895679940633751537e-12+1.573347703163676786e-09j), (8.949944411586172536e-19+2.136494355925280532e-17j), (7.889792865109609993e-19-1.438365031123213880e-18j), (8.949944411586172536e-19+2.136494355925280532e-17j), (-2.577786169524112392e-09+1.211628940922155476e-07j)
 (-3.751922310402465607e-12+1.790912076192928665e-09j), (-1.711422444880909507e-20+2.378692779602234018e-17j), (3.271014761161015927e-19+6.552942923355299243e-20j), (-1.711422444880909507e-20+2.378692779602234018e-17j), (-3.751922055762461248e-12+1.790912072098279168e-09j), (2.761818554446762938e-18+2.345778557269637224e-17j), (3.271014761161015927e-19+6.552942923355299243e-20j), (2.761818554446762938e-18+2.345778557269637224e-17j), (-3.339505394445416386e-09+1.378982518785410830e-07j)
 (-4.861341185288312753e-12+2.038560882497488878e-09j), (-1.918720353397319125e-20+2.696251147224115666e-17j), (-3.488137853004725102e-19+2.277165166610486806e-18j), (-1.918720353397319125e-20+2.696251147224115666e-17j), (-4.861340852431986176e-12+2.038560877837017649e-09j), (5.386347755748750451e-18+2.557743662063391219e-17j), (-3.488137853004725102e-19+2.277165166610486806e-18j), (5.386347755748750451e-18+2.557743662063391219e-17j), (-4.326117187906312855e-09+1.569386445009478373e-07j)
 (-6.298795901076714342e-12+2.320453856963350504e-09j), (-2.178748272717823625e-20+3.054428310771140919e-17j), (-1.303967419318887718e-18+5.440186203155465676e-18j), (-2.178748272717823625e-20+3.054428310771140919e-17j), (-6.298795466961644996e-12+2.320453851659080469e-09j), (9.013317457238590883e-18+2.764653298161915501e-17j), (-1.303967419318887718e-18+5.440186203155465676e-18j), (9.013317457238590883e-18+2.764653298161915501e-17j), (-5.603890421722297135e-09+1.785984723444758196e-07j)
 (-8.161279203155412196e-12+2.641325751123628400e-09j), (-2.520119609118007567e-20+3.457898978047067449e-17j), (-2.618975844368232645e-18+9.873923462779537581e-18j), (-2.520119609118007567e-20+3.457898978047067449e-17j), (-8.161278637912468440e-12+2.641325745086716638e-09j), (1.395885690752120892e-17+2.955161314403191021e-17j), (-2.618975844368232645e-18+9.873923462779537581e-18j), (1.395885690752120892e-17+2.955161314403191021e-17j), (-7.258533839126427274e-09+2.032335566801954974e-07j)
 (-1.057446120576280460e-11+3.006565758288039731e-09j), (-2.988248543490262772e-20+3.911720219023694032e-17j), (-4.391974661227342831e-18+1.599564692134293029e-17j), (-2.988248543490262772e-20+3.911720219023694032e-17j), (-1.057446047058648013e-11+3.006565751417806367e-09j), (2.062955004150469293e-17+3.113006880208336407e-17j), (-4.391974661227342831e-18+1.599564692134293029e-17j), (2.062955004150469293e-17+3.113006880208336407e-17j), (-9.400839458253719207e-09+2.312458990190674089e-07j)
 (-1.370116748609405714e-11+3.422307873223652060e-09j), (-3.654432254094539829e-20+4.421312756384503273e-17j), (-6.740125923270850558e-18+2.434901444842308328e-17j), (-3.654432254094539829e-20+4.421312756384503273e-17j), (-1.370116653076357225e-11+3.422307865405224041e-09j), (2.954587890778006045e-17+3.215273267869129031e-17j), (-6.740125923270850558e-18+2.434901444842308328e-17j), (2.954587890778006045e-17+3.215273267869129031e-17j), (-1.217392413405685817e-08+2.630886455081640927e-07j)
 (-1.775236307230938004e-11+3.895533681429872207e-09j), (-4.629464094150891059e-20+4.992421336759981056e-17j), (-9.799796396236704949e-18+3.564027650615973071e-17j), (-4.629464094150891059e-20+4.992421336759981056e-17j), (-1.775236183195511467e-11+3.895533672533363566e-09j), (4.137068016016395364e-17+3.230071426217417047e-17j), (-9.799796396236704949e-18+3.564027650615973071e-17j), (4.137068016016395364e-17+3.230071426217417047e-17j), (-1.576249461125160314e-08+2.992710756821726890e-07j)
 (-2.300138263102409526e-11+4.434189265686255404e-09j), (-6.083906131240741968e-20+5.631047049777848981e-17j), (-1.372421381735206929e-17+5.078409711641842296e-17j), (-6.083906131240741968e-20+5.631047049777848981e-17j), (-2.300138102121142199e-11+4.434189255564023914e-09j), (5.694308446589093254e-17+3.113468703189655208e-17j), (-1.372421381735206929e-17+5.078409711641842296e-17j), (5.694308446589093254e-17+3.113468703189655208e-17j), (-2.040465586611443792e-08+3.403633161220338598e-07j)
 (-2.980236560968278748e-11+5.047318136148232946e-09j), (-8.278041586190389078e-20+6.343342694593667909e-17j), (-1.867673312839777373e-17+7.096113299377750361e-17j), (-8.278041586190389078e-20+6.343342694593667909e-17j), (-2.980236352138155320e-11+5.047318124632848979e-09j), (7.731803198781071009e-17+2.805433242034612959e-17j), (-1.867673312839777373e-17+7.096113299377750361e-17j), (7.731803198781071009e-17+2.805433242034612959e-17j), (-2.640688455838711336e-08+3.870003047434169442e-07j)
 (-3.861413783981130505e-11+5.745212332101142664e-09j), (-1.160578552586501454e-19+7.135460181600546914e-17j), (-2.481684401778465536e-17+9.768973079127516729e-17j), (-1.160578552586501454e-19+7.135460181600546914e-17j), (-3.861413513163182171e-11+5.745212319002768270e-09j), (1.038107141638236112e-16+2.224504917111522153e-17j), (-2.481684401778465536e-17+9.768973079127516729e-17j), (1.038107141638236112e-16+2.224504917111522153e-17j), (-3.416288840204775881e-08+4.398842782422307759e-07j)
 (-5.003114694539103887e-11+6.539584108417194634e-09j), (-1.665846242176061393e-19+8.013336560247485875e-17j), (-3.227463613497927489e-17+1.329141429994605944e-16j), (-1.665846242176061393e-19+8.013336560247485875e-17j), (-5.003114343424257121e-11+6.539584093521738926e-09j), (1.380439655586543048e-16+1.260836559762230793e-17j), (-3.227463613497927489e-17+1.329141429994605944e-16j), (1.380439655586543048e-16+1.260836559762230793e-17j), (-4.417714691262306199e-08+4.997846950318232697e-07j)
 (-6.482353207188528991e-11+7.443760906118386390e-09j), (-2.431651763551954632e-19+8.982402511017969799e-17j), (-4.110747116470062134e-17+1.791113570215457711e-16j), (-2.431651763551954632e-19+8.982402511017969799e-17j), (-6.482352752051402701e-11+7.443760889183814667e-09j), (1.819943964799493027e-16-2.328222422183113615e-18j), (-4.110747116470062134e-17+1.791113570215457711e-16j), (1.819943964799493027e-16-2.328222422183113615e-18j), (-5.709394023217668961e-08+5.675340044240901991e-07j)
 (-8.398902010162207408e-11+8.472906609974839493e-09j), (-3.587971589804914264e-19+1.004719410681735559e-16j), (-5.123000085410925712e-17+2.394176908351355107e-16j), (-3.587971589804914264e-19+1.004719410681735559e-16j), (-8.398901420263367056e-11+8.472906590729101150e-09j), (2.380294955063734997e-16-2.452692714117225724e-17j), (-5.123000085410925712e-17+2.394176908351355107e-16j), (2.380294955063734997e-16-2.452692714117225724e-17j), (-7.373255329648909551e-08+6.440169932628702332e-07j)
 (-1.088201306362894958e-10+9.644272408528352234e-09j), (-5.324911989409744366e-19+1.121084554519352261e-16j), (-6.230539752153437295e-17+3.177743094173319995e-16j), (-5.324911989409744366e-19+1.121084554519352261e-16j), (-1.088201229915894136e-10+9.644272386666438483e-09j), (3.089224796466938483e-16-5.658625182887189635e-17j), (-6.230539752153437295e-17+3.177743094173319995e-16j), (3.089224796466938483e-16-5.658625182887189635e-17j), (-9.512898263637683787e-08+7.301505547757286629e-07j)
 (-1.409911917569316707e-10+1.097748087897017277e-08j), (-7.917636757302099369e-19+1.247443758821143052e-16j), (-7.358195756291755847e-17+4.190871564041406513e-16j), (-7.917636757302099369e-19+1.247443758821143052e-16j), (-1.409911818508806288e-10+1.097748085415185760e-08j), (3.978237682863507850e-16-1.019238871451839384e-16j), (-7.358195756291755847e-17+4.190871564041406513e-16j), (3.978237682863507850e-16-1.019238871451839384e-16j), (-1.225837026676996465e-07+8.268496312742924630e-07j)
 (-1.826709830832547009e-10+1.249484719720674307e-08j), (-1.175958080307107728e-18+1.383617453688634464e-16j), (-8.365580479937032836e-17+5.493906796353976750e-16j), (-1.175958080307107728e-18+1.383617453688634464e-16j), (-1.826709702481040928e-10+1.249484716905498930e-08j), (5.081572695387728058e-16-1.650005478078835800e-16j), (-8.365580479937032836e-17+5.493906796353976750e-16j), (5.081572695387728058e-16-1.650005478078835800e-16j), (-1.577136212222763547e-07+9.349738534138814353e-07j)
 (-2.366685145664096791e-10+1.422174158450823583e-08j), (-1.740503220754517728e-18+1.529036342716978421e-16j), (-9.013899110856406145e-17+7.159952520254178929e-16j), (-1.740503220754517728e-18+1.529036342716978421e-16j), (-2.366684979373163251e-10+1.422174155260885426e-08j), (6.433966190316105043e-16-2.515873972990480748e-16j), (-9.013899110856406145e-17+7.159952520254178929e-16j), (6.433966190316105043e-16-2.515873972990480748e-16j), (-2.025039452181457225e-07+1.055248248059097251e-06j)
 (-3.066216227087610121e-10+1.618699718767256412e-08j), (-2.562059944118292852e-18+1.682617650511578757e-16j), (-8.921621409368687829e-17+9.275846353938986925e-16j), (-2.562059944118292852e-18+1.682617650511578757e-16j), (-3.066216011659702326e-10+1.618699715157550068e-08j), (8.066636542723285793e-16-3.690760483549117808e-16j), (-8.921621409368687829e-17+9.275846353938986925e-16j), (8.066636542723285793e-16-3.690760483549117808e-16j), (-2.593519208381867266e-07+1.188150784067678244e-06j)
 (-3.972408500686156424e-10+1.842336745990765283e-08j), (-3.744156174758185568e-18+1.842620042082694351e-16j), (-7.508875075844618234e-17+1.194212174723380338e-15j), (-3.744156174758185568e-18+1.842620042082694351e-16j), (-3.972408221626209030e-10+1.842336741913353816e-08j), (1.000085309611680757e-15-5.268242071370616450e-16j), (-7.508875075844618234e-17+1.194212174723380338e-15j), (1.000085309611680757e-15-5.268242071370616450e-16j), (-3.310890305725206969e-07+1.333760343551529701e-06j)
 (-5.146246282340121726e-10+2.096803662907359658e-08j), (-5.422213517850778940e-18+2.006482922570142290e-16j), (-3.934073217525677333e-17+1.527124325653889233e-15j), (-5.422213517850778940e-18+2.006482922570142290e-16j), (-5.146245920886964998e-10+2.096803658312581790e-08j), (1.223859887571546482e-15-7.365208441466958944e-16j), (-3.934073217525677333e-17+1.527124325653889233e-15j), (1.223859887571546482e-15-7.365208441466958944e-16j), (-4.209613284222691435e-07+1.491562357523857238e-06j)
 (-6.666663009437273559e-10+2.386318580585561454e-08j), (-7.765636198913798547e-18+2.170667680296086321e-16j), (2.966613224764744852e-17+1.938322168953665065e-15j), (-7.765636198913798547e-18+2.170667680296086321e-16j), (-6.666662541319677286e-10+2.386318575423930278e-08j), (1.475044385065826698e-15-1.012539163033521455e-15j), (2.966613224764744852e-17+1.938322168953665065e-15j), (1.475044385065826698e-15-1.012539163033521455e-15j), (-5.325402081492307307e-07+1.660217764847682901e-06j)
 (-8.635792275943712284e-10+2.715661539643751449e-08j), (-1.097266073000261995e-17+2.330542780209306879e-16j), (1.471435742070186109e-16+2.439763719588426169e-15j), (-1.097266073000261995e-17+2.330542780209306879e-16j), (-8.635791669772087143e-10+2.715661533869241313e-08j), (1.746218458504276814e-15-1.372214253232974735e-15j), (1.471435742070186109e-16+2.439763719588426169e-15j), (1.746218458504276814e-15-1.372214253232974735e-15j), (-6.695307735999919092e-07+1.837316146278827033e-06j)
 (-1.118573349723699371e-09+3.090242130083668128e-08j), (-1.525086821041400910e-17+2.480402018293119833e-16j), (3.315735815214981438e-16+3.042120967165433876e-15j), (-1.525086821041400910e-17+2.480402018293119833e-16j), (-1.118573271243896921e-09+3.090242123659409605e-08j), (2.024447832865642144e-15-1.835909793576309124e-15j), (3.315735815214981438e-16+3.042120967165433876e-15j), (2.024447832865642144e-15-1.835909793576309124e-15j), (-8.354473096070078040e-07+2.019156603277482801e-06j)
 (-1.448725444671745261e-09+3.516171725569950685e-08j), (-2.077301046381892599e-17+2.613791946673279059e-16j), (6.031441274161375002e-16+3.753036309951176428e-15j), (-2.077301046381892599e-17+2.613791946673279059e-16j), (-1.448725343088858199e-09+3.516171718476755172e-08j), (2.291369356554764888e-15-2.426567943501896619e-15j), (6.031441274161375002e-16+3.753036309951176428e-15j), (2.291369356554764888e-15-2.426567943501896619e-15j), (-1.033142601655926178e-06+2.200627194101755674e-06j)
 (-1.876096060684087455e-09+4.000338769022873755e-08j), (-2.759548064267046392e-17+2.724472528413720343e-16j), (9.801564542159495519e-16+4.574847204436290537e-15j), (-2.759548064267046392e-17+2.724472528413720343e-16j), (-1.876095929235604494e-09+4.000338761271533641e-08j), (2.525653391794117904e-15-3.168065233901785609e-15j), (9.801564542159495519e-16+4.574847204436290537e-15j), (2.525653391794117904e-15-3.168065233901785609e-15j), (-1.264217118863028054e-06+2.375275602927086619e-06j)
 (-2.429158945641838461e-09+4.550484328025705912e-08j), (-3.552861490895908308e-17+2.808566888075733337e-16j), (1.472688935468441648e-15+5.501689955913372024e-15j), (-3.552861490895908308e-17+2.808566888075733337e-16j), (-2.429158775611597842e-09+4.550484319678210114e-08j), (2.709241762263278126e-15-4.080988538514058549e-15j), (1.472688935468441648e-15+5.501689955913372024e-15j), (2.709241762263278126e-15-4.080988538514058549e-15j), (-1.528395584825445171e-06+2.535662064805537814e-06j)
 (-3.144623513168010721e-09+5.175273314343140217e-08j), (-4.395989365084640666e-17+2.868780709077890742e-16j), (2.073320746791201572e-15+6.515631303729878223e-15j), (-4.395989365084640666e-17+2.868780709077890742e-16j), (-3.144623293338975152e-09+5.175273305541323077e-08j), (2.837947727300387732e-15-5.173333269656045794e-15j), (2.073320746791201572e-15+6.515631303729878223e-15j), (2.837947727300387732e-15-5.173333269656045794e-15j), (-1.823026475202181429e-06+2.674039224662610712e-06j)
 (-4.069746895650988511e-09+5.884354074440625634e-08j), (-5.166126714518660193e-17+2.921960090416563462e-16j), (2.745971352908156713e-15+7.580919244661967058e-15j), (-5.166126714518660193e-17+2.921960090416563462e-16j), (-4.069746611617086324e-09+5.884354065451678402e-08j), (2.934282957343550231e-15-6.422394049993696094e-15j), (2.745971352908156713e-15+7.580919244661967058e-15j), (2.934282957343550231e-15-6.422394049993696094e-15j), (-2.142898282224261468e-06+2.783303777632194619e-06j)
 (-5.265247845375347271e-09+6.688395161582361739e-08j), (-5.666873461074418928e-17+3.011612449347706886e-16j), (3.416021077228294259e-15+8.634731056464543541e-15j), (-5.666873461074418928e-17+3.011612449347706886e-16j), (-5.265247478683469401e-09+6.688395152865729644e-08j), (3.054928381084742534e-15-7.743871262023492038e-15j), (3.416021077228294259e-15+8.634731056464543541e-15j), (3.054928381084742534e-15-7.743871262023492038e-15j), (-2.480530269360766381e-06+2.858035539796866844e-06j)
 (-6.808946976115857560e-09+7.599082548410093775e-08j), (-5.641006666912690334e-17+3.227162887584280653e-16j), (3.967610310594676225e-15+9.572553363422315167e-15j), (-5.641006666912690334e-17+3.227162887584280653e-16j), (-6.808946503211508323e-09+7.599082540714685629e-08j), (3.277404831632065142e-15-8.947336760105526465e-15j), (3.967610310594676225e-15+9.572553363422315167e-15j), (3.277404831632065142e-15-8.947336760105526465e-15j), (-2.826964844824737080e-06+2.895344315351270036e-06j)
 (-8.800260706247069594e-09+8.629052790396517460e-08j), (-4.837057093651277715e-17+3.731425549411931987e-16j), (4.256605115036596490e-15+1.022776029334983030e-14j), (-4.837057093651277715e-17+3.731425549411931987e-16j), (-8.800260097201978444e-09+8.629052784905799756e-08j), (3.643130264810848952e-15-9.687167475608639766e-15j), (4.256605115036596490e-15+1.022776029334983030e-14j), (3.643130264810848952e-15-9.687167475608639766e-15j), (-3.172902790474433635e-06+2.895256413393531730e-06j)
 (-1.136565958708698406e-08+9.791727118401825813e-08j), (-3.171375823982709540e-17+4.796782494536182290e-16j), (4.148744802900289288e-15+1.034943482399459179e-14j), (-3.171375823982709540e-17+4.796782494536182290e-16j), (-1.136565880410653096e-08+9.791727116944894733e-08j), (4.034068297156831707e-15-9.437634314376152521e-15j), (4.148744802900289288e-15+1.034943482399459179e-14j), (4.034068297156831707e-15-9.437634314376152521e-15j), (-3.509876134736297880e-06+2.860515295314298431e-06j)
 (-1.466514875802984875e-08+1.110099763227290076e-07j), (-1.039695753551520760e-17+6.848576910428967683e-16j), (3.589780671041871874e-15+9.590459543828180382e-15j), (-1.039695753551520760e-17+6.848576910428967683e-16j), (-1.466514775377536572e-08+1.110099763763156338e-07j), (3.978560596371242593e-15-7.547737207879335563e-15j), (3.589780671041871874e-15+9.590459543828180382e-15j), (3.978560596371242593e-15-7.547737207879335563e-15j), (-3.831137264393933121e-06+2.795883530807213041e-06j)
 (-1.889971303663318731e-08+1.257069960944225617e-07j), (1.579901376190575484e-18+1.051070299573177226e-15j), (2.705263705850037292e-15+7.527356628846978735e-15j), (1.579901376190575484e-18+1.051070299573177226e-15j), (-1.889971175246552143e-08+1.257069962579315519e-07j), (2.430046231097489721e-15-3.451828069335090320e-15j), (2.705263705850037292e-15+7.527356628846978735e-15j), (2.430046231097489721e-15-3.451828069335090320e-15j), (-4.132071275421956121e-06+2.707201266718347713e-06j)
 (-2.431945358930526598e-08+1.421378438738127524e-07j), (-2.786354054194287069e-17+1.664226956194871621e-15j), (1.910199586294177032e-15+3.738508420926642137e-15j), (-2.786354054194287069e-17+1.664226956194871621e-15j), (-2.431945195368583266e-08+1.421378442092788806e-07j), (-2.359062778670636068e-15+2.903562981629626538e-15j), (1.910199586294177032e-15+3.738508420926642137e-15j), (-2.359062778670636068e-15+2.903562981629626538e-15j), (-4.410134313599638115e-06+2.600493948431067338e-06j)
 (-3.123177631370646663e-08+1.604108840554909769e-07j), (-1.601442108063444849e-16+2.634395904882058904e-15j), (1.985403263348679125e-15-2.040643865664315602e-15j), (-1.601442108063444849e-16+2.634395904882058904e-15j), (-3.123177424121104686e-08+1.604108846541766169e-07j), (-1.266529027801246209e-14+1.044603046882510900e-14j), (1.985403263348679125e-15-2.040643865664315602e-15j), (-1.266529027801246209e-14+1.044603046882510900e-14j), (-4.664474494782274732e-06+2.481330773600130039e-06j)
 (-4.000841511522299685e-08+1.805958272784192458e-07j), (-5.000690832324853808e-16+4.089691060355351275e-15j), (4.058317627023089483e-15-9.695490704526884584e-15j), (-5.000690832324853808e-16+4.089691060355351275e-15j), (-4.000841250698255989e-08+1.805958282733036469e-07j), (-3.060865917320547794e-14+1.638633141814958900e-14j), (4.058317627023089483e-15-9.695490704526884584e-15j), (-3.060865917320547794e-14+1.638633141814958900e-14j), (-4.895439701979152810e-06+2.354489922703372920e-06j)
 (-5.108923756935517983e-08+2.026999680712516951e-07j), (-1.210098528192585904e-15+6.157643895953564507e-15j), (9.428879661835479302e-15-1.850005285688572861e-14j), (-1.210098528192585904e-15+6.157643895953564507e-15j), (-5.108923431631056105e-08+2.026999696541464476e-07j), (-5.689123737649830241e-14+1.607649680329303891e-14j), (9.428879661835479302e-15-1.850005285688572861e-14j), (-5.689123737649830241e-14+1.607649680329303891e-14j), (-5.104128603614012986e-06+2.223871282124085469e-06j)
 (-6.497969095677669713e-08+2.266376195339870022e-07j), (-2.517751682496651712e-15+8.926468841849668480e-15j), (1.922069457166353598e-14-2.697647507137286192e-14j), (-2.517751682496651712e-15+8.926468841849668480e-15j), (-6.497968694800663583e-08+2.266376219785483078e-07j), (-8.926211316948764378e-14+3.841066192321270358e-15j), (1.922069457166353598e-14-2.697647507137286192e-14j), (-8.926211316948764378e-14+3.841066192321270358e-15j), (-5.292054937044793669e-06+2.092553163324710629e-06j)
 (-8.223754316222880067e-08+2.521934420607271031e-07j), (-4.701327916564579974e-15+1.237901699549851699e-14j), (3.390953467431589051e-14-3.295792745315785907e-14j), (-4.701327916564579974e-15+1.237901699549851699e-14j), (-8.223753830188717783e-08+2.521934457523307860e-07j), (-1.214832935936281911e-13-2.492409435183126396e-14j), (3.390953467431589051e-14-3.295792745315785907e-14j), (-1.214832935936281911e-13-2.492409435183126396e-14j), (-5.460925609348327613e-06+1.962905120444101305e-06j)
 (-1.034436517930031385e-07+2.789826610012258604e-07j), (-8.028265633508783682e-15+1.629881224373376058e-14j), (5.284950302540631745e-14-3.391659407599880601e-14j), (-8.028265633508783682e-15+1.629881224373376058e-14j), (-1.034436460311688630e-07+2.789826664741669364e-07j), (-1.438406698314723647e-13-7.074889905752398107e-14j), (5.284950302540631745e-14-3.391659407599880601e-14j), (-1.438406698314723647e-13-7.074889905752398107e-14j), (-5.612502738907465813e-06+1.836707449287582665e-06j)
 (-1.291516328594333301e-07+3.064146906525114289e-07j), (-1.261030609220121017e-14+2.016651524426657653e-14j), (7.392953579688119289e-14-2.752244485162939763e-14j), (-1.261030609220121017e-14+2.016651524426657653e-14j), (-1.291516262444372284e-07+3.064146986333998535e-07j), (-1.459206546372600591e-13-1.274272785757420321e-13j), (7.392953579688119289e-14-2.752244485162939763e-14j), (-1.459206546372600591e-13-1.274272785757420321e-13j), (-5.748519435591570758e-06+1.715259271737758786e-06j)
 (-1.598136576115290987e-07+3.336710646130496688e-07j), (-1.814138395744715365e-14+2.310220736392220778e-14j), (9.342363910436097357e-14-1.232123544421904096e-14j), (-1.814138395744715365e-14+2.310220736392220778e-14j), (-1.598136503738375464e-07+3.336710760661288498e-07j), (-1.212962014269823061e-13-1.814882162099671668e-13j), (9.342363910436097357e-14-1.232123544421904096e-14j), (-1.212962014269823061e-13-1.814882162099671668e-13j), (-5.870629609411964113e-06+1.599472064913327871e-06j)
 (-1.956853767455765409e-07+3.597124182862931851e-07j), (-2.351914342751737424e-14+2.396121839619754329e-14j), (1.059975211453368564e-13+1.155973216211272984e-14j), (-2.351914342751737424e-14+2.396121839619754329e-14j), (-1.956853694254576185e-07+3.597124344514907141e-07j), (-7.231931230539852435e-14-2.151631979159568608e-13j), (1.059975211453368564e-13+1.155973216211272984e-14j), (-7.231931230539852435e-14-2.151631979159568608e-13j), (-5.980380877735611201e-06+1.489949114943529045e-06j)
 (-2.367224452331521384e-07+3.833298640010721469e-07j), (-2.644483632375110842e-14+2.173257518691311578e-14j), (1.048282815997114663e-13+4.164325613117730751e-14j), (-2.644483632375110842e-14+2.173257518691311578e-14j), (-2.367224388650455473e-07+3.833298864074317303e-07j), (-1.231272524533132086e-14-2.126225371829978557e-13j), (1.048282815997114663e-13+4.164325613117730751e-14j), (-1.231272524533132086e-14-2.126225371829978557e-13j), (-6.079203657404964115e-06+1.387050979131986342e-06j)
 (-2.824922748663871478e-07+4.032500377505072858e-07j), (-2.325373113218390530e-14+1.635678091286778997e-14j), (8.199169748014524188e-14+7.213731939574333714e-14j), (-2.325373113218390530e-14+1.635678091286778997e-14j), (-2.824922712311231203e-07+4.032500681782047170e-07j), (3.699278873567429855e-14-1.671613091572960392e-13j), (8.199169748014524188e-14+7.213731939574333714e-14j), (3.699278873567429855e-14-1.671613091572960392e-13j), (-6.168410293019537723e-06+1.290946962555996338e-06j)
 (-3.321322348031356775e-07+4.182884610987792861e-07j), (-9.386013595523105290e-15+9.889683120317849051e-15j), (2.960234773655852006e-14+9.280460988650510119e-14j), (-9.386013595523105290e-15+9.889683120317849051e-15j), (-3.321322367546782533e-07+4.182885014503040865e-07j), (5.277320350594383291e-14-8.574748111168947004e-14j), (2.960234773655852006e-14+9.280460988650510119e-14j), (5.277320350594383291e-14-8.574748111168947004e-14j), (-6.249198285012753617e-06+1.201654360213189197e-06j)
 (-3.843824880343647922e-07+4.275254082376790690e-07j), (1.909717627044565347e-14+7.563232049976088108e-15j), (-5.769322152918986871e-14+8.825116169895912500e-14j), (1.909717627044565347e-14+7.563232049976088108e-15j), (-3.843824998994359813e-07+4.275254602594520278e-07j), (2.044609350625224673e-14+1.196645645765175578e-14j), (-5.769322152918986871e-14+8.825116169895912500e-14j), (2.044609350625224673e-14+1.196645645765175578e-14j), (-6.322653844905848700e-06+1.119069695691847915e-06j)
 (-4.377037819059176316e-07+4.304611310455692388e-07j), (6.291936602750270678e-14+1.788143074262457476e-14j), (-1.788246238284795914e-13+3.887888816613183997e-14j), (6.291936602750270678e-14+1.788143074262457476e-14j), (-4.377038099315848432e-07+4.304611958095928717e-07j), (-5.928870118907757012e-14+1.004488772063082026e-13j), (-1.788246238284795914e-13+3.887888816613183997e-14j), (-5.928870118907757012e-14+1.004488772063082026e-13j), (-6.389756256976365490e-06+1.042996371915121770e-06j)
 (-4.904619928292208888e-07+4.271045962807692425e-07j), (1.166551362638411784e-13+5.081026511368216731e-14j), (-3.222497581362601545e-13-7.521907729539989884e-14j), (1.166551362638411784e-13+5.081026511368216731e-14j), (-4.904620455836704648e-07+4.271046732971184224e-07j), (-1.692317353608305051e-13+1.580819749544158284e-13j), (-3.222497581362601545e-13-7.521907729539989884e-14j), (-1.692317353608305051e-13+1.580819749544158284e-13j), (-6.451386518531383773e-06+9.731693267347281991e-07j)
 (-5.411353043268245382e-07+4.179675507981261481e-07j), (1.670090999947124839e-13+1.137512092399320551e-13j), (-4.642511500588254696e-13-2.673864883150336456e-13j), (1.670090999947124839e-13+1.137512092399320551e-13j), (-5.411353928120691747e-07+4.179676366471433666e-07j), (-2.809778282958640294e-13+1.754832695426098946e-13j), (-4.642511500588254696e-13-2.673864883150336456e-13j), (-2.809778282958640294e-13+1.754832695426098946e-13j), (-6.508341690131872277e-06+9.092721813624401164e-07j)
 (-5.884911877430586624e-07+4.039671431904650422e-07j), (1.940244960759371276e-13+2.062826900465987971e-13j), (-5.719937079888876212e-13-5.367539066350772564e-13j), (1.940244960759371276e-13+2.062826900465987971e-13j), (-5.884913248133582353e-07+4.039672297518145760e-07j), (-3.642716102724504658e-13+1.587896551983867700e-13j), (-5.719937079888876212e-13-5.367539066350772564e-13j), (-3.642716102724504658e-13+1.587896551983867700e-13j), (-6.561349922793173307e-06+8.509414834103942405e-07j)
 (-6.316938623210542803e-07+3.862694555857878285e-07j), (1.759635191688804717e-13+3.159040071156404087e-13j), (-6.116359615837855909e-13-8.637187456989106901e-13j), (1.759635191688804717e-13+3.159040071156404087e-13j), (-6.316940610371560280e-07+3.862695283333022360e-07j), (-3.964409658416554622e-13+1.270262182124084872e-13j), (-6.116359615837855909e-13-8.637187456989106901e-13j), (-3.964409658416554622e-13+1.270262182124084872e-13j), (-6.611075949303026889e-06+7.977586521891816838e-07j)
 (-6.703300560202903954e-07+3.661189670310577968e-07j), (9.678408089617471813e-14+4.172393450650500335e-13j), (-5.585574469727290218e-13-1.211942196478094205e-12j), (9.678408089617471813e-14+4.172393450650500335e-13j), (-6.703303270457117901e-07+3.661190041940516340e-07j), (-3.685587789640843577e-13+1.053007196919058168e-13j), (-5.585574469727290218e-13-1.211942196478094205e-12j), (-3.685587789640843577e-13+1.053007196919058168e-13j), (-6.658108831147419516e-06+7.492395042633289957e-07j)
 (-7.043665500507655223e-07+3.446923810342751413e-07j), (-4.645018655069037298e-14+4.759319795726481675e-13j), (-4.046364740698042660e-13-1.537191308661463305e-12j), (-4.645018655069037298e-14+4.759319795726481675e-13j), (-7.043668989825592485e-07+3.446923541874447524e-07j), (-2.867714608825880957e-13+1.167085987538004450e-13j), (-4.046364740698042660e-13-1.537191308661463305e-12j), (-2.867714608825880957e-13+1.167085987538004450e-13j), (-6.702933435505589805e-06+7.048363955790202905e-07j)
 (-7.340664587610266749e-07+3.229975473133882833e-07j), (-2.391841513406614285e-13+4.563896702254642807e-13j), (-1.582541613505673973e-13-1.799420404696012430e-12j), (-2.391841513406614285e-13+4.563896702254642807e-13j), (-7.340668846833167590e-07+3.229974228977917003e-07j), (-1.687982126185258091e-13+1.755652255216651068e-13j), (-1.582541613505673973e-13-1.799420404696012430e-12j), (-1.687982126185258091e-13+1.755652255216651068e-13j), (-6.745898704549435153e-06+6.639639352484818313e-07j)
 (-7.598913227933676809e-07+3.018204444510530992e-07j), (-4.497623117438342527e-13+3.308474740548957189e-13j), (1.638073404964242203e-13-1.972147467422333703e-12j), (-4.497623117438342527e-13+3.308474740548957189e-13j), (-7.598918185462106660e-07+3.018201844277962841e-07j), (-3.655528484874893541e-14+2.838749477653188273e-13j), (1.638073404964242203e-13-1.972147467422333703e-12j), (-3.655528484874893541e-14+2.838749477653188273e-13j), (-6.787201384863933735e-06+6.260470444139523020e-07j)
 (-7.824084164056714490e-07+2.817120463297278073e-07j), (-6.344006569115706913e-13+8.678279485954785228e-14j), (5.490539797656253441e-13-2.043942949627815939e-12j), (-6.344006569115706913e-13+8.678279485954785228e-14j), (-7.824089690714718411e-07+2.817116058866655111e-07j), (9.321525024055821314e-14+4.323128768914565598e-13j), (5.490539797656253441e-13-2.043942949627815939e-12j), (9.321525024055821314e-14+4.323128768914565598e-13j), (-6.826898913326125042e-06+5.905766668066099552e-07j)
 (-8.022135644005252393e-07+2.630030683662399712e-07j), (-7.448955025712064328e-13-2.694387123574650017e-13j), (1.000140565503253838e-12-2.010403710080283975e-12j), (-7.448955025712064328e-13-2.694387123574650017e-13j), (-8.022141525412719550e-07+2.630023902742974322e-07j), (2.172068565461500646e-13+6.059629748910039856e-13j), (1.000140565503253838e-12-2.010403710080283975e-12j), (2.172068565461500646e-13+6.059629748910039856e-13j), (-6.864951475562955643e-06+5.571520218329276866e-07j)
 (-8.198728563060212307e-07+2.458354467845461428e-07j), (-7.364976943068492880e-13-7.133207436175154523e-13j), (1.537501378194242600e-12-1.859661695984350688e-12j), (-7.364976943068492880e-13-7.133207436175154523e-13j), (-8.198734403304984721e-07+2.458344552359453543e-07j), (3.489072204658213753e-13+7.931185444298132414e-13j), (1.537501378194242600e-12-1.859661695984350688e-12j), (3.489072204658213753e-13+7.931185444298132414e-13j), (-6.901278532349629733e-06+5.254935110389368936e-07j)
 (-8.358826620025563581e-07+2.302020872704259723e-07j), (-5.736024868778298434e-13-1.206581753082734420e-12j), (2.190420229424299906e-12-1.558189198282767586e-12j), (-5.736024868778298434e-13-1.206581753082734420e-12j), (-8.358831667133618718e-07+2.302006869086182349e-07j), (5.144485844695909957e-13+9.933013914806552483e-13j), (2.190420229424299906e-12-1.558189198282767586e-12j), (5.144485844695909957e-13+9.933013914806552483e-13j), (-6.935808282304970740e-06+4.954246468327553505e-07j)
 (-8.506456310116485996e-07+2.159892420507652988e-07j), (-2.318119904743491623e-13-1.703252224748816499e-12j), (2.978274592206603375e-12-1.044668929145178972e-12j), (-2.318119904743491623e-13-1.703252224748816499e-12j), (-8.506459239686119184e-07+2.159873280760648150e-07j), (7.416398882153249264e-13+1.220045834694421928e-12j), (2.978274592206603375e-12-1.044668929145178972e-12j), (7.416398882153249264e-13+1.220045834694421928e-12j), (-6.968503765880306376e-06+4.668361006466982775e-07j)
 (-8.644601152855442231e-07+2.030181413130245532e-07j), (3.037840626961766730e-13-2.155261581926473143e-12j), (3.888749166866474293e-12-2.371796849554077302e-13j), (3.037840626961766730e-13-2.155261581926473143e-12j), (-8.644599884013893881e-07+2.030156230679157421e-07j), (1.046680810226167338e-12+1.496119531628254207e-12j), (3.888749166866474293e-12-2.371796849554077302e-13j), (1.046680810226167338e-12+1.496119531628254207e-12j), (-6.999363000061817199e-06+4.396513634749748010e-07j)
 (-8.775211021302254520e-07+1.910838466414494114e-07j), (1.042928642352452409e-12-2.515487553656230413e-12j), (4.862505446376956436e-12+9.464637086523474798e-13j), (1.042928642352452409e-12-2.515487553656230413e-12j), (-8.775202641149957244e-07+1.910806816128639621e-07j), (1.424987057118371306e-12+1.842941866924847677e-12j), (4.862505446376956436e-12+9.464637086523474798e-13j), (1.424987057118371306e-12+1.842941866924847677e-12j), (-7.028403937213928022e-06+4.138084972406758076e-07j)
 (-8.899315576544819887e-07+1.799894413257648973e-07j), (1.994966377531094983e-12-2.737075696291415521e-12j), (5.792433629724880155e-12+2.561492566844880156e-12j), (1.994966377531094983e-12-2.737075696291415521e-12j), (-8.899296411033876737e-07+1.799856725559986296e-07j), (1.851201798848217900e-12+2.269601642397192437e-12j), (5.792433629724880155e-12+2.561492566844880156e-12j), (1.851201798848217900e-12+2.269601642397192437e-12j), (-7.055650414480981696e-06+3.892602143280399934e-07j)
 (-9.017230772864755908e-07+1.695728610194830328e-07j), (3.171633499965163789e-12-2.769005899921622403e-12j), (6.540329260894968143e-12+4.612234664731958155e-12j), (3.171633499965163789e-12-2.769005899921622403e-12j), (-9.017196590000495888e-07+1.695686510796896331e-07j), (2.289364223244768246e-12+2.767785699508938459e-12j), (6.540329260894968143e-12+4.612234664731958155e-12j), (2.289364223244768246e-12+2.767785699508938459e-12j), (-7.081130531041849099e-06+3.659830691340196848e-07j)
 (-9.128832795243338180e-07+1.597230057182709941e-07j), (4.585894800232647683e-12-2.549012611052311299e-12j), (6.966874390212196272e-12+7.041092755085973121e-12j), (4.585894800232647683e-12-2.549012611052311299e-12j), (-9.128779097972308950e-07+1.597186641528515699e-07j), (2.709384005808411572e-12+3.316519779850906150e-12j), (6.966874390212196272e-12+7.041092755085973121e-12j), (2.709384005808411572e-12+3.316519779850906150e-12j), (-7.104888191248442795e-06+3.439824370336950630e-07j)
 (-9.233850383748086498e-07+1.503826965415324754e-07j), (6.245746929105084890e-12-1.995802990305918358e-12j), (6.965462917607620314e-12+9.735402568744452847e-12j), (6.245746929105084890e-12-1.995802990305918358e-12j), (-9.233772762843751844e-07+1.503787017087732946e-07j), (3.102749469758645559e-12+3.896225281869593167e-12j), (6.965462917607620314e-12+9.735402568744452847e-12j), (3.102749469758645559e-12+3.896225281869593167e-12j), (-7.126999001400681937e-06+3.232845906140473710e-07j)
 (-9.332111749137108517e-07+1.415390057548121550e-07j), (8.142886472570326825e-12-1.003049334847828405e-12j), (6.489091938497996314e-12+1.255062003008286786e-11j), (8.142886472570326825e-12-1.003049334847828405e-12j), (-9.332006306475204518e-07+1.415360229610036437e-07j), (3.490184851878653137e-12+4.507477475743831918e-12j), (6.489091938497996314e-12+1.255062003008286786e-11j), (3.490184851878653137e-12+4.507477475743831918e-12j), (-7.147578787174107831e-06+3.039166006349419712e-07j)
 (-9.423691986463413444e-07+1.332052418539321709e-07j), (1.023708542821492322e-11+5.620342069551586323e-13j), (5.562289356167380038e-12+1.534313522084239159e-11j), (1.023708542821492322e-11+5.620342069551586323e-13j), (-9.423555873083413889e-07+1.332041365789505629e-07j), (3.916619898757063254e-12+5.187813415964733475e-12j), (5.562289356167380038e-12+1.534313522084239159e-11j), (3.916619898757063254e-12+5.187813415964733475e-12j), (-7.166777465409257129e-06+2.858828151813582346e-07j)
 (-9.508940954984581819e-07+1.254012725955841028e-07j), (1.243819039820189531e-11+2.852612232447296453e-12j), (4.274847188737678380e-12+1.800398595962257711e-11j), (1.243819039820189531e-11+2.852612232447296453e-12j), (-9.508773067178365174e-07+1.254031120069682065e-07j), (4.432955094118794438e-12+6.020391649097489912e-12j), (4.274847188737678380e-12+1.800398595962257711e-11j), (4.432955094118794438e-12+6.020391649097489912e-12j), (-7.184759267071066869e-06+2.691489954245100485e-07j)
 (-9.588413512943155792e-07+1.181385397979218895e-07j), (1.458904302836513303e-11+6.026166828143226292e-12j), (2.758702035050911989e-12+2.048546210217606928e-11j), (1.458904302836513303e-11+6.026166828143226292e-12j), (-9.588215342368808220e-07+1.181445706932177648e-07j), (5.068159739887838122e-12+7.130422668777555404e-12j), (2.758702035050911989e-12+2.048546210217606928e-11j), (5.068159739887838122e-12+7.130422668777555404e-12j), (-7.201677434257639577e-06+2.536414087771143072e-07j)
 (-9.662753475092052944e-07+1.114133300310274512e-07j), (1.645409960531398285e-11+1.021745817867269012e-11j), (1.152674632888909167e-12+2.281457537551848600e-11j), (1.645409960531398285e-11+1.021745817867269012e-11j), (-9.662530024764136256e-07+1.114249199286084446e-07j), (5.798390449125558770e-12+8.668006476262664874e-12j), (1.152674632888909167e-12+2.281457537551848600e-11j), (5.798390449125558770e-12+8.668006476262664874e-12j), (-7.217654133012071813e-06+2.392609902179911595e-07j)
 (-9.732588154974557372e-07+1.052080900522456080e-07j), (1.771934528356020996e-11+1.550226878601823321e-11j), (-4.378005057760706969e-13+2.508970501940836658e-11j), (1.771934528356020996e-11+1.550226878601823321e-11j), (-9.732348738862539958e-07+1.052266226010551337e-07j), (6.521751598181402497e-12+1.077885159322719860e-11j), (-4.378005057760706969e-13+2.508970501940836658e-11j), (6.521751598181402497e-12+1.077885159322719860e-11j), (-7.232773704798294595e-06+2.259058057362038399e-07j)
 (-9.798472733660054613e-07+9.949749818048211510e-08j), (1.800829795341826809e-11+2.185719465410104874e-11j), (-1.977173135721849196e-12+2.745958034093741548e-11j), (1.800829795341826809e-11+2.185719465410104874e-11j), (-9.798231413846470916e-07+9.952422484437796578e-08j), (7.047535634659438738e-12+1.356725633068872301e-11j), (-1.977173135721849196e-12+2.745958034093741548e-11j), (7.047535634659438738e-12+1.356725633068872301e-11j), (-7.247091099334404837e-06+2.134915974860954902e-07j)
 (-9.860893122817601663e-07+9.425478392913528133e-08j), (1.691611184910897235e-11+2.912366242699355264e-11j), (-3.523535582446082388e-12+3.008741888040114690e-11j), (1.691611184910897235e-11+2.912366242699355264e-11j), (-9.860668546842806597e-07+9.429064867636635728e-08j), (7.106532124197319793e-12+1.705833878160074164e-11j), (-3.523535582446082388e-12+3.008741888040114690e-11j), (7.106532124197319793e-12+1.705833878160074164e-11j), (-7.260650452890551853e-06+2.019616054066238196e-07j)
 (-9.920306873969344891e-07+8.945471813314337397e-08j), (1.405977970153034706e-11+3.698530823636424168e-11j), (-5.232870347171060376e-12+3.310682055836088071e-11j), (1.405977970153034706e-11+3.698530823636424168e-11j), (-9.920121379514347045e-07+8.950018540100966684e-08j), (6.384192020085607334e-12+2.116787363605391424e-11j), (-5.232870347171060376e-12+3.310682055836088071e-11j), (6.384192020085607334e-12+2.116787363605391424e-11j), (-7.273504601075199554e-06+1.912822916777843579e-07j)
 (-9.977186844676147101e-07+8.507210714439697561e-08j), (9.138640408854187071e-12+4.496647204616267513e-11j), (-7.341401600782834679e-12+3.657842953755336588e-11j), (9.138640408854187071e-12+4.496647204616267513e-11j), (-9.977064883959328694e-07+8.512702914509722480e-08j), (4.572392011750191489e-12+2.568744268577775482e-11j), (-7.341401600782834679e-12+3.657842953755336588e-11j), (4.572392011750191489e-12+2.568744268577775482e-11j), (-7.285726725770060348e-06+1.814281761575623474e-07j)
 (-1.003203692306263220e-06+8.107718983142159008e-08j), (1.996770088218913488e-12+5.245663235353921034e-11j), (-1.012865268617282708e-11+4.045640395474138818e-11j), (1.996770088218913488e-12+5.245663235353921034e-11j), (-1.003200306530528957e-06+8.114074232913101222e-08j), (1.430368503759382843e-12+3.029010754683530256e-11j), (-1.012865268617282708e-11+4.045640395474138818e-11j), (1.430368503759382843e-12+3.029010754683530256e-11j), (-7.297409716503126444e-06+1.723634288395609888e-07j)
 (-1.008536799408157581e-06+7.743078083609942909e-08j), (-7.322811022171643466e-12+5.876201642463739360e-11j), (-1.386764038323828298e-11+4.457171690974156397e-11j), (-7.322811022171643466e-12+5.876201642463739360e-11j), (-1.008544489741615550e-06+7.750147627132905133e-08j), (-3.157493069078950164e-12+3.455839778369618025e-11j), (-1.386764038323828298e-11+4.457171690974156397e-11j), (-3.157493069078950164e-12+3.455839778369618025e-11j), (-7.308654606101768343e-06+1.640283499383399625e-07j)
 (-1.013764374043197705e-06+7.408180683600747566e-08j), (-1.854325284911277791e-11+6.318126493221930375e-11j), (-1.877067973260183263e-11+4.863636235452630153e-11j), (-1.854325284911277791e-11+6.318126493221930375e-11j), (-1.013785044777651733e-06+7.415756687502206111e-08j), (-9.139758826911080395e-12+3.803270253118236601e-11j), (-1.877067973260183263e-11+4.863636235452630153e-11j), (-9.139758826911080395e-12+3.803270253118236601e-11j), (-7.319553815134800260e-06+1.563358021236323475e-07j)
 (-1.018921879910078623e-06+7.096845158310370007e-08j), (-3.114911766628916688e-11+6.509633742815831271e-11j), (-2.493995452031113514e-11+5.226934898509399518e-11j), (-3.114911766628916688e-11+6.509633742815831271e-11j), (-1.018956946844684760e-06+7.104670294939241065e-08j), (-1.628283903731284914e-11+4.027404004320538128e-11j), (-2.493995452031113514e-11+5.226934898509399518e-11j), (-1.628283903731284914e-11+4.027404004320538128e-11j), (-7.330176284058782899e-06+1.491779236359461952e-07j)
 (-1.024029161041537721e-06+6.802241215504188761e-08j), (-4.441883201783246750e-11+6.406368313428582828e-11j), (-3.233167736736201084e-11+5.504191301306967722e-11j), (-4.441883201783246750e-11+6.406368313428582828e-11j), (-1.024079444689680739e-06+6.810017755116289734e-08j), (-2.418906270042045440e-11+4.093074293603493451e-11j), (-3.233167736736201084e-11+5.504191301306967722e-11j), (-2.418906270042045440e-11+4.093074293603493451e-11j), (-7.340559774994777147e-06+1.424392402453314659e-07j)
 (-1.029088392255473027e-06+6.517468736029581621e-08j), (-5.749340759340440683e-11+5.988725648196151953e-11j), (-4.074101661699441121e-11+5.653575421105946709e-11j), (-5.749340759340440683e-11+5.988725648196151953e-11j), (-1.029153991228732882e-06+6.524868227517390152e-08j), (-3.234688627058309785e-11+3.979530446216992346e-11j), (-4.074101661699441121e-11+5.653575421105946709e-11j), (-3.234688627058309785e-11+3.979530446216992346e-11j), (-7.350711796392081175e-06+1.360103235273843044e-07j)
 (-1.034084619730729162e-06+6.236127851254651949e-08j), (-6.947065528907720327e-11+5.265765281572859165e-11j), (-4.981171983792761848e-11+5.640514374257527070e-11j), (-6.947065528907720327e-11+5.265765281572859165e-11j), (-1.034164752219291983e-06+6.242806974462364015e-08j), (-4.020336863209182913e-11+3.683790664844478794e-11j), (-4.981171983792761848e-11+5.640514374257527070e-11j), (-4.020336863209182913e-11+3.683790664844478794e-11j), (-7.360616654673993376e-06+1.297971255945441098e-07j)
 (-1.038988086327747018e-06+5.952790435421568350e-08j), (-7.950753464371613067e-11+4.275046967394775024e-11j), (-5.907010905839933984e-11+5.443252767797429508e-11j), (-7.950753464371613067e-11+4.275046967394775024e-11j), (-1.039080954890780165e-06+5.958419053418109035e-08j), (-4.724239452232691576e-11+3.220826231630154524e-11j), (-5.907010905839933984e-11+5.443252767797429508e-11j), (-4.724239452232691576e-11+3.220826231630154524e-11j), (-7.370244069626073236e-06+1.237243388906639967e-07j)
 (-1.043757603263770835e-06+5.663359306268594586e-08j), (-8.691348358301053236e-11+3.078736395199134327e-11j), (-6.797903461654217682e-11+5.056799258811436212e-11j), (-8.691348358301053236e-11+3.078736395199134327e-11j), (-1.043860393207465342e-06+5.667660343682551957e-08j), (-5.305094731367710296e-11+2.620582262774477006e-11j), (-6.797903461654217682e-11+5.056799258811436212e-11j), (-5.305094731367710296e-11+2.620582262774477006e-11j), (-7.379555586377754746e-06+1.177345855340491035e-07j)
 (-1.048344689238983985e-06+5.365324282186668696e-08j), (-9.122314267699593039e-11+1.756948669555482005e-11j), (-7.600408109790350067e-11+4.494507043466089188e-11j), (-9.122314267699593039e-11+1.756948669555482005e-11j), (-1.048453791495648511e-06+5.368115074726118544e-08j), (-5.736041246792734985e-11+1.922660871690382826e-11j), (-7.600408109790350067e-11+4.494507043466089188e-11j), (-5.736041246792734985e-11+1.922660871690382826e-11j), (-7.388507851312056537e-06+1.117868028804230821e-07j)
 (-1.052698419673196566e-06+5.057897933892251471e-08j), (-9.224273757824630002e-11+3.993291167984972549e-12j), (-8.268164897494517203e-11+3.786852517023828961e-11j), (-9.224273757824630002e-11+3.993291167984972549e-12j), (-1.052809866856929580e-06+5.059117157576978341e-08j), (-6.005773221229628544e-11+1.169990224797889963e-11j), (-8.268164897494517203e-11+3.786852517023828961e-11j), (-6.005773221229628544e-11+1.169990224797889963e-11j), (-7.397054533932835696e-06+1.058561054939295041e-07j)
 (-1.056770678303041419e-06+4.741989865112404455e-08j), (-9.006671076724604537e-11-9.043416565229202749e-12j), (-8.767669201381558799e-11+2.977446438658999636e-11j), (-9.006671076724604537e-11-9.043416565229202749e-12j), (-1.056880665842394226e-06+4.741698706836424706e-08j), (-6.116878504709272054e-11+4.028893631105272158e-12j), (-8.767669201381558799e-11+2.977446438658999636e-11j), (-6.116878504709272054e-11+4.028893631105272158e-12j), (-7.405149373058012335e-06+9.993484814347399322e-08j)
 (-1.060521102129269666e-06+4.419995835138415890e-08j), (-8.506098976496272075e-11-2.073708520667638000e-11j), (-9.081833653903432568e-11+2.116943614138323584e-11j), (-8.506098976496272075e-11-2.073708520667638000e-11j), (-1.060626423595793112e-06+4.418354036903486387e-08j), (-6.082171911411724932e-11-3.453062595585959190e-12j), (-9.081833653903432568e-11+2.116943614138323584e-11j), (-6.082171911411724932e-11-3.453062595585959190e-12j), (-7.412751279386506608e-06+9.403272421003101459e-08j)
 (-1.063920899258405392e-06+4.095426522955959944e-08j), (-7.781092309970250617e-11-3.046386391594742994e-11j), (-9.210596893302578225e-11+1.256130747422196320e-11j), (-7.781092309970250617e-11-3.046386391594742994e-11j), (-1.064019182682844523e-06+4.092654517472378950e-08j), (-5.920094449778683843e-11-1.050355573211172821e-11j), (-9.210596893302578225e-11+1.256130747422196320e-11j), (-5.920094449778683843e-11-1.050355573211172821e-11j), (-7.419830126240043105e-06+8.817390056072331785e-08j)
 (-1.066954990319401623e-06+3.772441802998325415e-08j), (-6.903839888086107436e-11-3.783966332670946632e-11j), (-9.168625797831598409e-11+4.397494453871522144e-12j), (-6.903839888086107436e-11-3.783966332670946632e-11j), (-1.067044726286131696e-06+3.768782787938173852e-08j), (-5.650336126327378545e-11-1.696843573753045978e-11j), (-9.168625797831598409e-11+4.397494453871522144e-12j), (-5.650336126327378545e-11-1.696843573753045978e-11j), (-7.426370686142050311e-06+8.239106829954373378e-08j)
 (-1.069622337621487051e-06+3.455368289205825159e-08j), (-5.950205953593129553e-11-4.274170134784585437e-11j), (-8.980989450275019307e-11-2.976609414818709476e-12j), (-5.950205953593129553e-11-4.274170134784585437e-11j), (-1.069702765484944866e-06+3.451059386796455720e-08j), (-5.290702033576860502e-11-2.276027365370196807e-11j), (-8.980989450275019307e-11-2.976609414818709476e-12j), (-5.290702033576860502e-11-2.276027365370196807e-11j), (-7.432372896749974960e-06+7.671828873585198325e-08j)
 (-1.071934653090503229e-06+3.148267969494491089e-08j), (-4.990110707243615726e-11-4.528745972881873667e-11j), (-8.678167053839303359e-11-9.333502605830010205e-12j), (-4.990110707243615726e-11-4.528745972881873667e-11j), (-1.072005587828112463e-06+3.143522899301897956e-08j), (-4.855852395755136496e-11-2.782774611246578976e-11j), (-8.678167053839303359e-11-9.333502605830010205e-12j), (-4.855852395755136496e-11-2.782774611246578976e-11j), (-7.437848524697487176e-06+7.118521262614225258e-08j)
 (-1.073913883954543944e-06+2.854608598444873046e-08j), (-4.080222958201367983e-11-4.577898130560842594e-11j), (-8.291681533866088683e-11-1.455675021079751878e-11j), (-4.080222958201367983e-11-4.577898130560842594e-11j), (-1.073975542612236487e-06+2.849610004157589222e-08j), (-4.357949964216480311e-11-3.212776881925633920e-11j), (-8.291681533866088683e-11-1.455675021079751878e-11j), (-4.357949964216480311e-11-3.212776881925633920e-11j), (-7.442815942788826261e-06+6.581441017571981841e-08j)
 (-1.075589016315097834e-06+2.577066151611897668e-08j), (-3.260091418867837923e-11-4.462908294450153093e-11j), (-7.851119285743730129e-11-1.862036241127331681e-11j), (-3.260091418867837923e-11-4.462908294450153093e-11j), (-1.075641872826741191e-06+2.571964414935450092e-08j), (-3.808596379223245495e-11-3.561040700063619500e-11j), (-7.851119285743730129e-11-1.862036241127331681e-11j), (-3.808596379223245495e-11-3.561040700063619500e-11j), (-7.447295244074196640e-06+6.062197876271240363e-08j)
 (-1.076992799886453913e-06+2.317463765392406727e-08j), (-2.551750867402310619e-11-4.228766160794465386e-11j), (-7.382610360842461955e-11-2.156450577217841115e-11j), (-2.551750867402310619e-11-4.228766160794465386e-11j), (-1.077037477127442375e-06+2.312379498279547372e-08j), (-3.220977292859267326e-11-3.822105195369115748e-11j), (-7.382610360842461955e-11-2.156450577217841115e-11j), (-3.220977292859267326e-11-3.822105195369115748e-11j), (-7.451305321214740062e-06+5.562029444112835209e-08j)
 (-1.078158923894417954e-06+2.076824075308914659e-08j), (-1.961997097506178592e-11-3.918176228253226561e-11j), (-6.908333939157650075e-11-2.347469520710629267e-11j), (-1.961997097506178592e-11-3.918176228253226561e-11j), (-1.078196121584676050e-06+2.071852160183461196e-08j), (-2.611104166543113463e-11-3.991685536650992257e-11j), (-6.908333939157650075e-11-2.347469520710629267e-11j), (-2.611104166543113463e-11-3.991685536650992257e-11j), (-7.454863438063907064e-06+5.082124415984424322e-08j)
 (-1.079119960767704240e-06+1.855492603892265214e-08j), (-1.486163246962235401e-11-3.567605707971713243e-11j), (-6.446470120862943496e-11-2.446678776302362524e-11j), (-1.486163246962235401e-11-3.567605707971713243e-11j), (-1.079150412093716239e-06+1.850706305907938848e-08j), (-1.997510989991031839e-11-4.068826355565350622e-11j), (-6.446470120862943496e-11-2.446678776302362524e-11j), (-1.997510989991031839e-11-4.068826355565350622e-11j), (-7.457986799186791593e-06+4.623848718411975680e-08j)
 (-1.079906127061691652e-06+1.653286682667992361e-08j), (-1.112287493498797876e-11-3.205408050140607957e-11j), (-6.011206207924072419e-11-2.467626043002873261e-11j), (-1.112287493498797876e-11-3.205408050140607957e-11j), (-1.079930573790501198e-06+1.648740995454977939e-08j), (-1.399522947824532038e-11-4.057488982170370110e-11j), (-6.011206207924072419e-11-2.467626043002873261e-11j), (-1.399522947824532038e-11-4.057488982170370110e-11j), (-7.460695006834735173e-06+4.188796081810653860e-08j)
 (-1.080544705256886174e-06+1.469635947208954821e-08j), (-8.248541313131224292e-12-2.851643786763043305e-11j), (-5.612715403509703700e-11-2.424905656000737009e-11j), (-8.248541313131224292e-12-2.851643786763043305e-11j), (-1.080563881329281973e-06+1.465369985830186538e-08j), (-8.348505172761792624e-12-3.966865346210377865e-11j), (-5.612715403509703700e-11-2.424905656000737009e-11j), (-8.348505172761792624e-12-3.966865346210377865e-11j), (-7.463012189767873922e-06+3.778664995231877542e-08j)
 (-1.081059889862885792e-06+1.303697950639999363e-08j), (-6.076535398293246946e-12-2.519034444967800947e-11j), (-5.257234651410205927e-11-2.333240789215995543e-11j), (-6.076535398293246946e-12-2.519034444967800947e-11j), (-1.081074506825314565e-06+1.299736776573043195e-08j), (-3.174491885237723241e-12-3.810361155026594698e-11j), (-5.257234651410205927e-11-2.333240789215995543e-11j), (-3.174491885237723241e-12-3.810361155026594698e-11j), (-7.464967942438872824e-06+3.395028370927455652e-08j)
 (-1.081472851909959052e-06+1.154447274245747435e-08j), (-4.456361328388112971e-12-2.214480074780921330e-11j), (-4.947385180454207974e-11-2.206585954277398321e-11j), (-4.456361328388112971e-12-2.214480074780921330e-11j), (-1.081483584039887732e-06+1.150803520659453946e-08j), (1.436957349289243497e-12-3.603734793512410155e-11j), (-4.947385180454207974e-11-2.206585954277398321e-11j), (1.436957349289243497e-12-3.603734793512410155e-11j), (-7.466596819016375065e-06+3.039088767427575123e-08j)
 (-1.081801895933375837e-06+1.020743610483699163e-08j), (-3.258712116028831216e-12-1.940684658509084444e-11j), (-4.682766544123842170e-11-2.057377778107347705e-11j), (-3.258712116028831216e-12-1.940684658509084444e-11j), (-1.081809366196669669e-06+1.017419279804294285e-08j), (5.446921736415229540e-12-3.363071669497782584e-11j), (-4.682766544123842170e-11-2.057377778107347705e-11j), (5.446921736415229540e-12-3.363071669497782584e-11j), (-7.467936688896653193e-06+2.711497281391443145e-08j)
 (-1.082062655786216973e-06+9.013852185279940216e-09j), (-2.378422714918660589e-12-1.697599489233703500e-11j), (-4.460732809519211653e-11-1.896050394964567922e-11j), (-2.378422714918660589e-12-1.697599489233703500e-11j), (-1.082067424849384708e-06+8.983736844179226879e-09j), (8.860113980317979065e-12-3.103134307034599984e-11j), (-4.460732809519211653e-11-1.896050394964567922e-11j), (8.860113980317979065e-12-3.103134307034599984e-11j), (-7.469026556726433415e-06+2.412274403480435365e-08j)
 (-1.082268315283024775e-06+7.951519320820626995e-09j), (-1.733302771018491210e-12-1.483553373144454479e-11j), (-4.277205138967646899e-11-1.730852182279636024e-11j), (-1.733302771018491210e-12-1.483553373144454479e-11j), (-1.082270875158864749e-06+7.924400318002349135e-09j), (1.171317316818555008e-11-2.836339208713901156e-11j), (-4.277205138967646899e-11-1.730852182279636024e-11j), (1.171317316818555008e-11-2.836339208713901156e-11j), (-7.469904441638902297e-06+2.140830631950825293e-08j)
 (-1.082429850678236510e-06+7.008396618917367973e-09j), (-1.260932948165066667e-12-1.296054006245157526e-11j), (-4.127393430775425245e-11-1.567920659151136456e-11j), (-1.260932948165066667e-12-1.296054006245157526e-11j), (-1.082430623315920865e-06+6.984097078475423128e-09j), (1.406232040341902144e-11-2.572352148119798423e-11j), (-4.127393430775425245e-11-1.567920659151136456e-11j), (1.406232040341902144e-11-2.572352148119798423e-11j), (-7.470605710290638875e-06+1.896058394102727650e-08j)
 (-1.082556289085771362e-06+6.172869867589646613e-09j), (-9.148468145287798665e-13-1.132308470359429337e-11j), (-4.006355066769623799e-11-1.411529626527982336e-11j), (-9.148468145287798665e-13-1.132308470359429337e-11j), (-1.082555629152428344e-06+6.151185328022471525e-09j), (1.597278864145854255e-11-2.318148272448008775e-11j), (-4.006355066769623799e-11-1.411529626527982336e-11j), (1.597278864145854255e-11-2.318148272448008775e-11j), (-7.471162016722373414e-06+1.676460286694258945e-08j)
 (-1.082654972093840405e-06+5.433943529913644580e-09j), (-6.609046848861247345e-13-9.895327192184826656e-12j), (-3.909374525674987093e-11-1.264419048352105965e-11j), (-6.609046848861247345e-13-9.895327192184826656e-12j), (-1.082653172675381497e-06+5.414656529567776669e-09j), (1.751102477653609113e-11-2.078347521403482623e-11j), (-3.909374525674987093e-11-1.264419048352105965e-11j), (1.751102477653609113e-11-2.078347521403482623e-11j), (-7.471600818357252204e-06+1.480283147557239482e-08j)
 (-1.082731812161113518e-06+4.781365490987289663e-09j), (-4.742173052036947123e-13-8.651168992795641385e-12j), (-3.832184780933425850e-11-1.128137933014019338e-11j), (-4.742173052036947123e-13-8.651168992795641385e-12j), (-1.082729112069180744e-06+4.764256369492082987e-09j), (1.873966991756807362e-11-1.855665523320175981e-11j), (-3.832184780933425850e-11-1.128137933014019338e-11j), (1.873966991756807362e-11-1.855665523320175981e-11j), (-7.471945341210887939e-06+1.305638596519988649e-08j)
 (-1.082791531149879428e-06+4.205694293115820688e-09j), (-3.367054563127364175e-13-7.566996498017678592e-12j), (-3.771067747840722397e-11-1.003356897463303336e-11j), (-3.367054563127364175e-13-7.566996498017678592e-12j), (-1.082788122755491701e-06+4.190549297449676806e-09j), (1.971482045675517174e-11-1.651372369265357043e-11j), (-3.771067747840722397e-11-1.003356897463303336e-11j), (1.971482045675517174e-11-1.651372369265357043e-11j), (-7.472214843151613773e-06+1.150600750012695701e-08j)
 (-1.082837873902463088e-06+3.698322002428675816e-09j), (-2.352447898838752558e-13-6.621890743389505959e-12j), (-3.722872535274179311e-11-8.901299898929316873e-12j), (-2.352447898838752558e-13-6.621890743389505959e-12j), (-1.082833910748131486e-06+3.684937903129230097e-09j), (2.048492905086146044e-11-1.465700476492622431e-11j), (-3.722872535274179311e-11-8.901299898929316873e-12j), (2.048492905086146044e-11-1.465700476492622431e-11j), (-7.472425041654331589e-06+1.013278391229644289e-08j)
 (-1.082873793527897776e-06+3.251462900304297365e-09j), (-1.602936700539551826e-13-5.797549987990046415e-12j), (-3.684984049004181405e-11-7.881011001749992605e-12j), (-1.602936700539551826e-13-5.797549987990046415e-12j), (-1.082869397269809737e-06+3.239650558470999328e-09j), (2.109076028610535395e-11-1.298178105282289343e-11j), (-3.684984049004181405e-11-7.881011001749992605e-12j), (2.109076028610535395e-11-1.298178105282289343e-11j), (-7.472588606467184197e-06+8.918647896628751548e-09j)
 (-1.082901608109134635e-06+2.858119186380454054e-09j), (-1.048953115460444241e-13-5.078075376141998630e-12j), (-3.655265962531590429e-11-6.966592107411419649e-12j), (-1.048953115460444241e-13-5.078075376141998630e-12j), (-1.082896874582451332e-06+2.847704898084531263e-09j), (2.156594703459852477e-11-1.147886429447951199e-11j), (-3.655265962531590429e-11-6.966592107411419649e-12j), (2.156594703459852477e-11-1.147886429447951199e-11j), (-7.472715651807981937e-06+7.846684594801012123e-09j)
 (-1.082923130587557834e-06+2.512033842839180203e-09j), (-6.395913274768041400e-14-4.449705906269699146e-12j), (-3.631994018760216018e-11-6.150506555602680324e-12j), (-6.395913274768041400e-14-4.449705906269699146e-12j), (-1.082918134944044232e-06+2.502859442561604408e-09j), (2.193783296845465970e-11-1.013648741380113357e-11j), (-3.631994018760216018e-11-6.150506555602680324e-12j), (2.193783296845465970e-11-1.013648741380113357e-11j), (-7.472814190879750299e-06+6.901294285081443189e-09j)
 (-1.082939774721329137e-06+2.207633023546447920e-09j), (-3.374546981671109975e-14-3.900548641016677995e-12j), (-3.613789379925002808e-11-5.424574135133447721e-12j), (-3.374546981671109975e-14-3.900548641016677995e-12j), (-1.082934575684019123e-06+2.199555701180466636e-09j), (2.222840149876658176e-11-8.941642914408530159e-12j), (-3.613789379925002808e-11-5.424574135133447721e-12j), (2.222840149876658176e-11-8.941642914408530159e-12j), (-7.472890534940385110e-06+6.068253938481518269e-09j)
 (-1.082952640457591961e-06+1.939967206523707355e-09j), (-1.149629928435652103e-14-3.420326652897708109e-12j), (-3.599557240185186518e-11-4.780497209604556939e-12j), (-1.149629928435652103e-14-3.420326652897708109e-12j), (-1.082947283785423513e-06+1.932859548485400601e-09j), (2.245517623697230107e-11-7.880993625122860957e-12j), (-3.599557240185186518e-11-4.780497209604556939e-12j), (2.245517623697230107e-11-7.880993625122860957e-12j), (-7.472949632049247871e-06+5.334708355390261217e-09j)
 (-1.082962582053637991e-06+1.704652201393378690e-09j), (4.829867864427083573e-15-3.000153718141029290e-12j), (-3.588433042601752048e-11-4.210199235409422108e-12j), (4.829867864427083573e-15-3.000153718141029290e-12j), (-1.082957103325317168e-06+1.698400333767776122e-09j), (2.263203458966183397e-11-6.941466462990507081e-12j), (-3.588433042601752048e-11-4.210199235409422108e-12j), (2.263203458966183397e-11-6.941466462990507081e-12j), (-7.472995347748706422e-06+4.689114326232693796e-09j)
 (-1.082970262024555022e-06+1.497811483843497815e-09j), (1.674903844348714778e-14-2.632337832292244169e-12j), (-3.579736897176354517e-11-3.706030014890627619e-12j), (1.674903844348714778e-14-2.632337832292244169e-12j), (-1.082964688858290931e-06+1.492313433210902518e-09j), (2.276991128215309018e-11-6.110618586882786807e-12j), (-3.579736897176354517e-11-3.706030014890627619e-12j), (2.276991128215309018e-11-6.110618586882786807e-12j), (-7.473030693574872495e-06+4.121157658582148513e-09j)
 (-1.082976193620955388e-06+1.316021861325321376e-09j), (2.539008154862486941e-14-2.310212156651140936e-12j), (-3.572935829532886278e-11-3.260878726429270160e-12j), (2.539008154862486941e-14-2.310212156651140936e-12j), (-1.082970547427109205e-06+1.311188432841100018e-09j), (2.287738912892968995e-11-5.376844451494535312e-12j), (-3.572935829532886278e-11-3.260878726429270160e-12j), (2.287738912892968995e-11-5.376844451494535312e-12j), (-7.473058010731678505e-06+3.621661804875002420e-09j)
 (-1.082980774119496419e-06+1.156265522223433857e-09j), (3.159539760076409171e-14-2.027990647475494143e-12j), (-3.567613025168633724e-11-2.868224725080865762e-12j), (3.159539760076409171e-14-2.027990647475494143e-12j), (-1.082975071478955350e-06+1.152017066619765610e-09j), (2.296118506763031573e-11-4.729474840018689443e-12j), (-3.567613025168633724e-11-2.868224725080865762e-12j), (2.296118506763031573e-11-4.729474840018689443e-12j), (-7.473079116306279195e-06+3.182481089269761700e-09j)
 (-1.082984310826831520e-06+1.015882280644979642e-09j), (3.599460492662649855e-14-1.780645066706951403e-12j), (-3.563443088005173756e-11-2.522147641841370972e-12j), (3.599460492662649855e-14-1.780645066706951403e-12j), (-1.082978564570657961e-06+1.012148383733474199e-09j), (2.302654395820020371e-11-4.158804402090669641e-12j), (-3.563443088005173756e-11-2.522147641841370972e-12j), (2.302654395820020371e-11-4.158804402090669641e-12j), (-7.473095418793008945e-06+2.796407686223648063e-09j)
 (-1.082987041331991544e-06+8.925304317543903886e-10j), (3.905872306283206667e-14-1.563800323247444042e-12j), (-3.560172308606372694e-11-2.217311800228148973e-12j), (3.905872306283206667e-14-1.563800323247444042e-12j), (-1.082981261383909155e-06+8.892487704795186752e-10j), (2.307755432528165381e-11-3.656073802344676125e-12j), (-3.560172308606372694e-11-2.217311800228148973e-12j), (2.307755432528165381e-11-3.656073802344676125e-12j), (-7.473108008895024888e-06+2.457068000792366916e-09j)
 (-1.082989149252601711e-06+7.841489758355852950e-10j), (4.114022957163411277e-14-1.373645287587399643e-12j), (-3.557603038141526552e-11-1.948935313088648153e-12j), (4.114022957163411277e-14-1.373645287587399643e-12j), (-1.082983343283175903e-06+7.812653566812618828e-10j), (2.311739934839379585e-11-3.213424268846403391e-12j), (-3.557603038141526552e-11-1.948935313088648153e-12j), (2.311739934839379585e-11-3.213424268846403391e-12j), (-7.473117730591140286e-06+2.158842375115433359e-09j)
 (-1.082990776449470457e-06+6.889239266966793150e-10j), (4.250278447054433370e-14-1.206856688387804788e-12j), (-3.555581381266746804e-11-1.712750903496979611e-12j), (4.250278447054433370e-14-1.206856688387804788e-12j), (-1.082984950386311700e-06+6.863902655266518198e-10j), (2.314855512575810869e-11-2.823836827242428880e-12j), (-3.555581381266746804e-11-1.712750903496979611e-12j), (2.314855512575810869e-11-2.823836827242428880e-12j), (-7.473125236552457897e-06+1.896770501579400888e-09j)
 (-1.082992032497933768e-06+6.052619889959701475e-10j), (4.334340838077532078e-14-1.060533993398985229e-12j), (-3.553987538600621075e-11-1.504963010239191999e-12j), (4.334340838077532078e-14-1.060533993398985229e-12j), (-1.082986190920312661e-06+6.030360426361490877e-10j), (2.317294662629083453e-11-2.481064305986955549e-12j), (-3.553987538600621075e-11-1.504963010239191999e-12j), (2.317294662629083453e-11-2.481064305986955549e-12j), (-7.473131031282279749e-06+1.666488171510388803e-09j)
 (-1.082993002019494539e-06+5.317599611471238989e-10j), (4.380903556719645148e-14-9.321435785871094677e-13j), (-3.552728250544826134e-11-1.322204256278597098e-12j), (4.380903556719645148e-14-9.321435785871094677e-13j), (-1.082987148464283126e-06+5.298049591957033802e-10j), (2.319206981710204200e-11-2.179561430396195595e-12j), (-3.552728250544826134e-11-1.322204256278597098e-12j), (2.319206981710204200e-11-2.179561430396195595e-12j), (-7.473135504613519209e-06+1.464147785766281004e-09j)
 (-1.082993750356188613e-06+4.671864413489212469e-10j), (4.400895889228231632e-14-8.194707366881113867e-13j), (-3.551730901581684490e-11-1.161493064302134419e-12j), (4.400895889228231632e-14-8.194707366881113867e-13j), (-1.082987887554321704e-06+4.654691266256623764e-10j), (2.320708713789228938e-11-1.914416227417195907e-12j), (-3.551730901581684490e-11-1.161493064302134419e-12j), (2.320708713789228938e-11-1.914416227417195907e-12j), (-7.473138957693163737e-06+1.286370852345751079e-09j)
 (-1.082994327956793288e-06+4.104573526053503338e-10j), (4.402415230855437458e-14-7.205783008206576526e-13j), (-3.550938925379106244e-11-1.020193558137150116e-12j), (4.402415230855437458e-14-7.205783008206576526e-13j), (-1.082988458017046647e-06+4.089490983541524711e-10j), (2.321890190087600470e-11-1.681284845464353681e-12j), (-3.550938925379106244e-11-1.020193558137150116e-12j), (2.321890190087600470e-11-1.681284845464353681e-12j), (-7.473141623110291709e-06+1.130180265070831642e-09j)
 (-1.082994773768047801e-06+3.606227638766395668e-10j), (4.391432633089670260e-14-6.337709470675068762e-13j), (-3.550308233164007761e-11-8.959783452740490152e-13j), (4.391432633089670260e-14-6.337709470675068762e-13j), (-1.082988898318647030e-06+3.592970282877135855e-10j), (2.322821616760466157e-11-1.476330768997312130e-12j), (-3.550308233164007761e-11-8.959783452740490152e-13j), (2.322821616760466157e-11-1.476330768997312130e-12j), (-7.473143680466948640e-06+9.929566329632315795e-10j)
 (-1.082995117855936552e-06+3.168426495242727968e-10j), (4.372320823716174658e-14-5.575642856610384066e-13j), (-3.549804429922253315e-11-7.867944036531848509e-13j), (4.372320823716174658e-14-5.575642856610384066e-13j), (-1.082989238153600082e-06+3.156807296132148276e-10j), (2.323557585365086731e-11-1.296169020194011334e-12j), (-3.549804429922253315e-11-7.867944036531848509e-13j), (2.323557585365086731e-11-1.296169020194011334e-12j), (-7.473145268447772069e-06+8.724058091043111906e-10j)
 (-1.082995383428743227e-06+2.783845831455532744e-10j), (4.348256215295706945e-14-4.906580712277480830e-13j), (-3.549400662175148100e-11-6.908321306474266050e-13j), (4.348256215295706945e-14-4.906580712277480830e-13j), (-1.082989500443858047e-06+2.773646081930339535e-10j), (2.324140559482156735e-11-1.137815403457476487e-12j), (-3.549400662175148100e-11-6.908321306474266050e-13j), (2.324140559482156735e-11-1.137815403457476487e-12j), (-7.473146494111339053e-06+7.665041012182710417e-10j)
 (-1.082995588400549102e-06+2.446040055562194751e-10j), (4.321519877674342524e-14-4.319129353168286855e-13j), (-3.549075935387037057e-11-6.064974771294691990e-13j), (4.321519877674342524e-14-4.319129353168286855e-13j), (-1.082989702882111297e-06+2.437081495425566192e-10j), (2.324603596696996717e-11-9.986407878752008500e-13j), (-3.549075935387037057e-11-6.064974771294691990e-13j), (2.324603596696996717e-11-9.986407878752008500e-13j), (-7.473147440114159504e-06+6.734718393168658384e-10j)
 (-1.082995746599042953e-06+2.149296890565043936e-10j), (4.293726371354779779e-14-3.803301968050826078e-13j), (-3.548813816824881724e-11-5.323869565911495767e-13j), (4.293726371354779779e-14-3.803301968050826078e-13j), (-1.082989859125006820e-06+2.141433772660964560e-10j), (2.324972449939480730e-11-8.763299673525875537e-13j), (-3.548813816824881724e-11-5.323869565911495767e-13j), (2.324972449939480730e-11-8.763299673525875537e-13j), (-7.473148170260339499e-06+5.917479293291964662e-10j)
 (-1.082995868697262159e-06+1.888664998568666429e-10j), (4.265995317317972667e-14-3.350342051060406076e-13j), (-3.548601425117352675e-11-4.672653861465885794e-13j), (4.265995317317972667e-14-3.350342051060406076e-13j), (-1.082989979713662542e-06+1.881777568405576096e-10j), (2.325267198314668460e-11-7.688451033573923147e-13j), (-3.548601425117352675e-11-4.672653861465885794e-13j), (2.325267198314668460e-11-7.688451033573923147e-13j), (-7.473148733793850431e-06+5.199672626202212623e-10j)
 (-1.082995962932666297e-06+1.659780052644053459e-10j), (4.239081733470621726e-14-2.952570380577986260e-13j), (-3.548428643799938729e-11-4.100460421894361721e-13j), (4.239081733470621726e-14-2.952570380577986260e-13j), (-1.082990072784293463e-06+1.653712856996671589e-10j), (2.325503520170057902e-11-6.743930321424901672e-13j), (-3.548428643799938729e-11-4.100460421894361721e-13j), (2.325503520170057902e-11-6.743930321424901672e-13j), (-7.473149168735583024e-06+4.569146563049217554e-10j)
 (-1.082996035663294309e-06+1.458743666374137053e-10j), (4.213472253252696089e-14-2.603250895050400675e-13j), (-3.548287513011247497e-11-3.597730998033432752e-13j), (4.213472253252696089e-14-2.603250895050400675e-13j), (-1.082990144615887269e-06+1.453460021345773226e-10j), (2.325693666090981408e-11-5.913963350690166394e-13j), (-3.548287513011247497e-11-3.597730998033432752e-13j), (2.325693666090981408e-11-5.913963350690166394e-13j), (-7.473149504425632018e-06+4.015445411043908601e-10j)
 (-1.082996091796542959e-06+1.282261039739880448e-10j), (4.189459262076127775e-14-2.296473880833250945e-13j), (-3.548171757722723248e-11-3.156060483510286229e-13j), (4.189459262076127775e-14-2.296473880833250945e-13j), (-1.082990200055106133e-06+1.277608260246239570e-10j), (2.325847228910159419e-11-5.184676753500480343e-13j), (-3.548171757722723248e-11-3.156060483510286229e-13j), (2.325847228910159419e-11-5.184676753500480343e-13j), (-7.473149763509864561e-06+3.529103648092749984e-10j)
 (-1.082996135120226485e-06+1.127277071992269505e-10j), (4.167196868559405212e-14-2.027053984743152886e-13j), (-3.548076418887919479e-11-2.768059508974156313e-13j), (4.167196868559405212e-14-2.027053984743152886e-13j), (-1.082990242843067790e-06+1.123193760143787720e-10j), (2.325971724648657842e-11-4.543870890962194556e-13j), (-3.548076418887919479e-11-2.768059508974156313e-13j), (2.325971724648657842e-11-4.543870890962194556e-13j), (-7.473149963471880093e-06+3.102050234833800356e-10j)
 (-1.082996168556836620e-06+9.912277055159435270e-11j), (4.146739376361882804e-14-1.790440510633927073e-13j), (-3.547997566725640319e-11-2.427232596619617612e-13j), (4.146739376361882804e-14-1.790440510633927073e-13j), (-1.082990275866390009e-06+9.876688700880487689e-11j), (2.326073060230942761e-11-3.980819927028596185e-13j), (-3.547997566725640319e-11-2.427232596619617612e-13j), (2.326073060230942761e-11-3.980819927028596185e-13j), (-7.473150117802838236e-06+2.727203083550365814e-10j)
