 (-3.504730651368563168e-16+3.226491889856780743e-11j), (1.228744415704758341e-22+1.914796936921276795e-18j), (-1.846947214158923741e-21+5.221860584863294172e-18j), (1.228744415704758341e-22+1.914796936921276795e-18j), (-4.872543435584049010e-16+4.339505649411095819e-11j), (-2.303634428742116789e-21+8.567432583802032751e-18j), (-1.846947214158923741e-21+5.221860584863294172e-18j), (-2.303634428742116789e-21+8.567432583802032751e-18j), (-3.002529051592270056e-17+6.198364776839829603e-12j)
 (-6.232073339942565902e-16+4.302595891147603476e-11j), (1.735085060046766193e-22+2.555332938913733300e-18j), (-2.048237592816956358e-21+4.875326684815246477e-18j), (1.735085060046766193e-22+2.555332938913733300e-18j), (-8.664387917975344059e-16+5.786823635970562125e-11j), (-3.010862160981436446e-21+8.478567759309950400e-18j), (-2.048237592816956358e-21+4.875326684815246477e-18j), (-3.010862160981436446e-21+8.478567759309950400e-18j), (-4.755550120588582496e-17+8.209916838546072485e-12j)
 (-1.108195299907382405e-15+5.737603687694266008e-11j), (2.475504440211259917e-22+3.409497897466854798e-18j), (-2.302810083205622158e-21+4.414676814480405209e-18j), (2.475504440211259917e-22+3.409497897466854798e-18j), (-1.540724297786720501e-15+7.716853227063108106e-11j), (-3.961426566755745622e-21+8.365961858590581467e-18j), (-2.302810083205622158e-21+4.414676814480405209e-18j), (-3.961426566755745622e-21+8.365961858590581467e-18j), (-7.842164761652609505e-17+1.090616691843112046e-11j)
 (-1.970626386371929394e-15+7.651217374375435224e-11j), (3.579307589394558895e-22+4.548538819769512448e-18j), (-2.617800776950854558e-21+3.801465400791838793e-18j), (3.579307589394558895e-22+4.548538819769512448e-18j), (-2.739778471601438913e-15+1.029058907774562162e-10j), (-5.240957806825401709e-21+8.220083046032522603e-18j), (-2.617800776950854558e-21+3.801465400791838793e-18j), (-5.240957806825401709e-21+8.220083046032522603e-18j), (-1.328275850257318014e-16+1.451208421055362554e-11j)
 (-3.504252456003843693e-15+1.020306226205241988e-10j), (5.259463929320742322e-22+6.067462883423341666e-18j), (-2.994412825197103108e-21+2.984500007148226296e-18j), (5.259463929320742322e-22+6.067462883423341666e-18j), (-4.872013335763410921e-15+1.372272101176369796e-10j), (-6.967465823959170737e-21+8.028496728709005978e-18j), (-2.994412825197103108e-21+2.984500007148226296e-18j), (-6.967465823959170737e-21+8.028496728709005978e-18j), (-2.289087268549095258e-16+1.932849239826220172e-11j)
 (-6.231444944627429711e-15+1.360600212343064039e-10j), (7.872955434053825403e-22+8.092960158511475715e-18j), (-3.419476844712352261e-21+1.895557385473908422e-18j), (7.872955434053825403e-22+8.092960158511475715e-18j), (-8.663698027256185091e-15+1.829954250834808287e-10j), (-9.305041507248049815e-21+7.774737123853899607e-18j), (-3.419476844712352261e-21+1.895557385473908422e-18j), (-9.305041507248049815e-21+7.774737123853899607e-18j), (-3.988764197164868801e-16+2.575717432769625000e-11j)
 (-1.108112427594529253e-14+1.814389535686210191e-10j), (1.202769344878140337e-21+1.079396730762012992e-17j), (-3.849165297252617720e-21+4.436676834824626402e-19j), (1.202769344878140337e-21+1.079396730762012992e-17j), (-1.540633990468106296e-14+2.440283205034527224e-10j), (-1.248441659505159102e-20+7.436767808125538247e-18j), (-3.849165297252617720e-21+4.436676834824626402e-19j), (-1.248441659505159102e-20+7.436767808125538247e-18j), (-6.999468231947957943e-16+3.433439337723582376e-11j)
 (-1.970516789680059263e-14+2.419527320646553599e-10j), (1.877365434691342828e-21+1.439575164668145603e-17j), (-4.178326524856264548e-21-1.492517970797769081e-18j), (1.877365434691342828e-21+1.439575164668145603e-17j), (-2.739659704919156986e-14+3.254169940684310581e-10j), (-1.683445528366579191e-20+6.984847230782472091e-18j), (-4.178326524856264548e-21-1.492517970797769081e-18j), (-1.683445528366579191e-20+6.984847230782472091e-18j), (-1.233773359542378747e-15+4.577562983037028514e-11j)
 (-3.504107189969492629e-14+3.226491516439499219e-10j), (2.994755151525057329e-21+1.919868750311106259e-17j), (-4.183669404611147599e-21-4.074926236552146854e-18j), (2.994755151525057329e-21+1.919868750311106259e-17j), (-4.871856520030608357e-14+4.339505331697183352e-10j), (-2.283139995322336540e-20+6.378524233597368213e-18j), (-4.183669404611147599e-21-4.074926236552146854e-18j), (-2.283139995322336540e-20+6.378524233597368213e-18j), (-2.180997130272537504e-15+6.103526516425402026e-11j)
 (-6.231252013619791039e-14+4.302595541853109560e-10j), (4.879948321686697626e-21+2.560328467875277403e-17j), (-3.419656847303769780e-21-7.519699443442841954e-18j), (4.879948321686697626e-21+2.560328467875277403e-17j), (-8.663490164289871693e-14+5.786823301692639522e-10j), (-3.117741220742764320e-20+5.562352016294598475e-18j), (-3.419656847303769780e-21-7.519699443442841954e-18j), (-3.117741220742764320e-20+5.562352016294598475e-18j), (-3.862677652418882136e-15+8.138619353652668610e-11j)
 (-1.108086747292791835e-13+5.737603263655737500e-10j), (8.114020868631260077e-21+3.414354465292667459e-17j), (-1.029177717218606710e-21-1.211544303146946425e-17j), (8.114020868631260077e-21+3.414354465292667459e-17j), (-1.540606300308896999e-13+7.716852750130697567e-10j), (-4.292801346831492278e-20+4.459716583333489434e-18j), (-1.029177717218606710e-21-1.211544303146946425e-17j), (-4.292801346831492278e-20+4.459716583333489434e-18j), (-6.849520209785287130e-15+1.085260016920507697e-10j)
 (-1.970482494961522962e-13+7.651216674915873403e-10j), (1.374498474241572327e-20+4.553139943104056583e-17j), (4.599051161437060121e-21-1.824765048425037264e-17j), (1.374498474241572327e-20+4.553139943104056583e-17j), (-2.739622507085272610e-13+1.029058818546776093e-09j), (-5.970160353962783920e-20+2.963955412271709284e-18j), (4.599051161437060121e-21-1.824765048425037264e-17j), (-5.970160353962783920e-20+2.963955412271709284e-18j), (-1.215609389001932549e-14+1.447185745522651291e-10j)
 (-3.504061104167925256e-13+1.020306083724935412e-09j), (2.367432549518414419e-20+6.071587960917234253e-17j), (1.644865560219416920e-20-2.643138580013114740e-17j), (2.367432549518414419e-20+6.071587960917234253e-17j), (-4.871805713647095105e-13+1.372271907774435083e-09j), (-8.402625233843203611e-20+9.258682779704734795e-19j), (1.644865560219416920e-20-2.643138580013114740e-17j), (-8.402625233843203611e-20+9.258682779704734795e-19j), (-2.158618029771925402e-14+1.929829386805934984e-10j)
 (-6.231189254659898150e-13+1.360599892700554202e-09j), (4.135448303111833411e-20+8.096180095937416065e-17j), (3.999001377922991114e-20-3.735493351797393659e-17j), (4.135448303111833411e-20+8.096180095937416065e-17j), (-8.663418389042997121e-13+1.829953806371113249e-09j), (-1.199125348460103084e-19-1.862631023323482224e-18j), (3.999001377922991114e-20-3.735493351797393659e-17j), (-1.199125348460103084e-19-1.862631023323482224e-18j), (-3.834686625285940279e-14+2.573450960702790822e-10j)
 (-1.108077952030004710e-12+1.814388792555502501e-09j), (7.299995657330741621e-20+1.079541851236454245e-16j), (8.519175911858999030e-20-5.193778996747007853e-17j), (7.299995657330741621e-20+1.079541851236454245e-16j), (-1.540595493985879501e-12+2.440282162812762615e-09j), (-1.737882713861586486e-19-5.686275030758394094e-18j), (8.519175911858999030e-20-5.193778996747007853e-17j), (-1.737882713861586486e-19-5.686275030758394094e-18j), (-6.814052691143384173e-14+3.431738548807830320e-10j)
 (-1.970469423726637292e-12+2.419525571747214040e-09j), (1.295444328564763868e-19+1.439363640713377486e-16j), (1.701640886824038353e-19-7.140683256118990820e-17j), (1.295444328564763868e-19+1.439363640713377486e-16j), (-2.739604507432660406e-12+3.254167480919380734e-09j), (-2.559981707003291308e-19-1.091700809806528717e-17j), (1.701640886824038353e-19-7.140683256118990820e-17j), (-2.559981707003291308e-19-1.091700809806528717e-17j), (-1.211066160237256335e-13+4.576286699928183358e-10j)
 (-3.504039526078005977e-12+3.226487383570163640e-09j), (2.294929835214338609e-19+1.918920727015820099e-16j), (3.277907029507071812e-19-9.739432298596886295e-17j), (2.294929835214338609e-19+1.918920727015820099e-16j), (-4.871771833855190796e-12+4.339499515253049612e-09j), (-3.832123152228712028e-19-1.800303820591612980e-17j), (3.277907029507071812e-19-9.739432298596886295e-17j), (-3.832123152228712028e-19-1.800303820591612980e-17j), (-2.152746290598440929e-13+6.102568486692572133e-10j)
 (-6.231147894057376313e-12+4.302585761830907066e-09j), (4.027809560317572113e-19+2.557864593806145277e-16j), (6.178456460861209061e-19-1.320605705858917187e-16j), (4.027809560317572113e-19+2.557864593806145277e-16j), (-8.663347515654151569e-12+5.786809540997244619e-09j), (-5.825065758785801668e-19-2.743632781695407252e-17j), (6.178456460861209061e-19-1.320605705858917187e-16j), (-5.825065758785801668e-19-2.743632781695407252e-17j), (-3.827043220789476766e-13+8.137899337508416343e-10j)
 (-1.108068693424240600e-11+5.737580109888379241e-09j), (6.965840125302735771e-19+3.408914727608862948e-16j), (1.149052433758041885e-18-1.782458534809627298e-16j), (6.965840125302735771e-19+3.408914727608862948e-16j), (-1.540579619981912036e-11+7.716820187356310550e-09j), (-8.988830814303806305e-19-3.974997119635570597e-17j), (1.149052433758041885e-18-1.782458534809627298e-16j), (-8.988830814303806305e-19-3.974997119635570597e-17j), (-6.804045703270214743e-13+1.085205686025482615e-09j)
 (-1.970446159376713991e-11+7.651161851422780065e-09j), (1.186398314390396013e-18+4.542371306572252492e-16j), (2.118597074598916114e-18-2.396708311207371098e-16j), (1.186398314390396013e-18+4.542371306572252492e-16j), (-2.739567236016990601e-11+1.029051110531145142e-08j), (-1.409450177307241917e-18-5.562241579189242482e-17j), (2.118597074598916114e-18-2.396708311207371098e-16j), (-1.409450177307241917e-18-5.562241579189242482e-17j), (-1.209749884740430667e-12+1.447144229943791064e-09j)
 (-3.503976969781017713e-11+1.020293101081293800e-08j), (1.998484261636616810e-18+6.052352398558457460e-16j), (3.881319180622216895e-18-3.212372453604141025e-16j), (1.998484261636616810e-18+6.052352398558457460e-16j), (-4.871679516314802999e-11+1.372253654054175899e-08j), (-2.248939433517611303e-18-7.606803413656954544e-17j), (3.881319180622216895e-18-3.212372453604141025e-16j), (-2.248939433517611303e-18-7.606803413656954544e-17j), (-2.151007913248245193e-12+1.929796439760857078e-09j)
 (-6.230972686502194071e-11+1.360569142548699848e-08j), (3.352741392401489937e-18+8.065026576457640466e-16j), (7.069968305933622260e-18-4.294912301170002788e-16j), (3.352741392401489937e-18+8.065026576457640466e-16j), (-8.663102611140261694e-11+1.829910560442927543e-08j), (-3.654038184322325475e-18-1.025969668129846461e-16j), (7.069968305933622260e-18-4.294912301170002788e-16j), (-3.654038184322325475e-18-1.025969668129846461e-16j), (-3.824737898691736432e-12+2.573421964626242945e-09j)
 (-1.108017987240837536e-10+1.814315939176388201e-08j), (5.640767424474116949e-18+1.074909472236721266e-15j), (1.280760062581830396e-17-5.732496516162432299e-16j), (5.640767424474116949e-18+1.074909472236721266e-15j), (-1.540509969098818268e-10+2.440179672174668959e-08j), (-6.040874404123034344e-18-1.373025682217137934e-16j), (1.280760062581830396e-17-5.732496516162432299e-16j), (-6.040874404123034344e-18-1.373025682217137934e-16j), (-6.800971473883715212e-12+3.431706645003698922e-09j)
 (-1.970294925060444202e-10+2.419352921123696433e-08j), (9.564284688812185842e-18+1.432943630879052069e-15j), (2.308832259222417194e-17-7.643424965184999080e-16j), (9.564284688812185842e-18+1.432943630879052069e-15j), (-2.739358500358459315e-10+3.253924529515587632e-08j), (-1.014244396345484697e-17-1.829342903791040569e-16j), (2.308832259222417194e-17-7.643424965184999080e-16j), (-1.014244396345484697e-17-1.829342903791040569e-16j), (-1.209335853308602132e-11+4.576238693087418616e-09j)
 (-3.503514596511112701e-10+3.226078148100962223e-08j), (1.638075378725436355e-17+1.910557125878241363e-15j), (4.145907526487605403e-17-1.018494905622217011e-15j), (1.638075378725436355e-17+1.910557125878241363e-15j), (-4.871034769890811778e-10+4.338923534559124681e-08j), (-1.725374622863717239e-17-2.429915515997403946e-16j), (4.145907526487605403e-17-1.018494905622217011e-15j), (-1.725374622863717239e-17-2.429915515997403946e-16j), (-2.150438836042413823e-11+6.102475388384186365e-09j)
 (-6.229535122902825081e-10+4.301615642424980856e-08j), (2.834643847975555128e-17+2.547680798280693699e-15j), (7.423418132772155857e-17-1.356438817364056413e-15j), (2.834643847975555128e-17+2.547680798280693699e-15j), (-8.661082662618617968e-10+5.785443971085495815e-08j), (-2.966967627534335815e-17-3.217941935065990217e-16j), (7.423418132772155857e-17-1.356438817364056413e-15j), (-2.966967627534335815e-17-3.217941935065990217e-16j), (-3.823921332206256461e-11+8.137694133885811045e-09j)
 (-1.107566840560165385e-09+5.735280354507599584e-08j), (4.952625552823703020e-17+3.397629074528398559e-15j), (1.326554091645469316e-16-1.805290857969125757e-15j), (4.952625552823703020e-17+3.397629074528398559e-15j), (-1.539873500958546466e-09+7.713582736485846704e-08j), (-5.146823774168775087e-17-4.243856415921815081e-16j), (1.326554091645469316e-16-1.805290857969125757e-15j), (-5.146823774168775087e-17-4.243856415921815081e-16j), (-6.799696076745965936e-11+1.085158193925315541e-08j)
 (-1.968873017064594352e-09+7.645710618703099758e-08j), (8.728676178743289030e-17+4.531723945543813379e-15j), (2.367340006609689734e-16-2.400088709780682224e-15j), (8.728676178743289030e-17+4.531723945543813379e-15j), (-2.737349022570815347e-09+1.028283688340493591e-07j), (-8.991347071586196732e-17-5.559322719924167474e-16j), (2.367340006609689734e-16-2.400088709780682224e-15j), (-8.991347071586196732e-17-5.559322719924167474e-16j), (-1.209106402604391409e-10+1.447032490789963693e-08j)
 (-3.499026181653137417e-09+1.019001289417554179e-07j), (1.550717600752796916e-16+6.045670986870545503e-15j), (4.220834387281417682e-16-3.185091851964135774e-15j), (1.550717600752796916e-16+6.045670986870545503e-15j), (-4.864687437490696172e-09+1.370435013577376776e-07j), (-1.579712500267655850e-16-7.198278983624323292e-16j), (4.220834387281417682e-16-3.185091851964135774e-15j), (-1.579712500267655850e-16-7.198278983624323292e-16j), (-2.149944726318665409e-10+1.929532146465690174e-08j)
 (-6.215364897783107404e-09+1.357509347346541294e-07j), (2.776118353836580182e-16+8.068597847465508826e-15j), (7.520601008629791390e-16-4.213771297823226289e-15j), (2.776118353836580182e-16+8.068597847465508826e-15j), (-8.641039087800262521e-09+1.825602903614557804e-07j), (-2.788202649127865599e-16-9.126396913498522696e-16j), (7.520601008629791390e-16-4.213771297823226289e-15j), (-2.788202649127865599e-16-9.126396913498522696e-16j), (-3.822667260850092471e-10+2.572795820766810695e-08j)
 (-1.103096497872705546e-08+1.807074905336023899e-07j), (5.008012611998173455e-16+1.077645153509327169e-14j), (1.339289586117232532e-15-5.544762807719022184e-15j), (5.008012611998173455e-16+1.077645153509327169e-14j), (-1.533549805617935230e-08+2.429985663868761361e-07j), (-4.939182350083191984e-16-1.111537783697168918e-15j), (1.339289586117232532e-15-5.544762807719022184e-15j), (-4.939182350083191984e-16-1.111537783697168918e-15j), (-6.796142189438119267e-10+3.430222616130136190e-08j)
 (-1.954793601984354692e-08+2.402244009148240011e-07j), (9.106034813423620140e-16+1.441322688818143253e-14j), (2.383668860372412306e-15-7.227148366994312355e-15j), (9.106034813423620140e-16+1.441322688818143253e-14j), (-2.717432147671064772e-08+3.229838979351526426e-07j), (-8.773100778291362746e-16-1.244131093969952529e-15j), (2.383668860372412306e-15-7.227148366994312355e-15j), (-8.773100778291362746e-16-1.244131093969952529e-15j), (-1.208037961112309055e-09+4.572721556964255657e-08j)
 (-3.454817890029123889e-08+3.185766444412154787e-07j), (1.669513102518901915e-15+1.932773300117925796e-14j), (4.238874357468353853e-15-9.259337340979112841e-15j), (1.669513102518901915e-15+1.932773300117925796e-14j), (-4.802150691442521076e-08+4.282176087285438484e-07j), (-1.560551376146192447e-15-1.117800551505426889e-15j), (4.238874357468353853e-15-9.259337340979112841e-15j), (-1.560551376146192447e-15-1.117800551505426889e-15j), (-2.146642746162450635e-09+6.094142610047953453e-08j)
 (-6.077301233682778809e-08+4.207098183122491022e-07j), (3.087142899792618505e-15+2.604405224345112568e-14j), (7.526772053417415902e-15-1.148508664282864344e-14j), (3.087142899792618505e-15+2.604405224345112568e-14j), (-8.445741611607043363e-08+5.652400574983848086e-07j), (-2.774515981676835776e-15-2.579830407373890112e-16j), (7.526772053417415902e-15-1.148508664282864344e-14j), (-2.774515981676835776e-15-2.579830407373890112e-16j), (-3.812343959334309807e-09+8.117965492612072312e-08j)
 (-1.060382032575387214e-07+5.515544529554112251e-07j), (5.756566583121230924e-15+3.541006634067909071e-14j), (1.332755606974492487e-14-1.334430099602865188e-14j), (5.756566583121230924e-15+3.541006634067909071e-14j), (-1.473131972556905703e-07+7.404323822077991834e-07j), (-4.914312712225498375e-15+2.450175311492081063e-15j), (1.332755606974492487e-14-1.334430099602865188e-14j), (-4.914312712225498375e-15+2.450175311492081063e-15j), (-6.763745326050462814e-09+1.080492940490619198e-07j)
 (-1.824748729579341339e-07+7.142209567148516288e-07j), (1.081478165668127231e-14+4.893380211375489400e-14j), (2.347381861128355749e-14-1.329948799740597749e-14j), (1.081478165668127231e-14+4.893380211375489400e-14j), (-2.533509535685017184e-07+9.574375234851840625e-07j), (-8.624368351701209760e-15+9.515331212265818083e-15j), (2.347381861128355749e-14-1.329948799740597749e-14j), (-8.624368351701209760e-15+9.515331212265818083e-15j), (-1.197876370356161973e-08+1.436024232129074920e-07j)
 (-3.069328224389169909e-07+9.063561070780527469e-07j), (2.042806007224737800e-14+6.957319849548206308e-14j), (4.093548760177905029e-14-7.570916820978657830e-15j), (2.042806007224737800e-14+6.957319849548206308e-14j), (-4.257058642934627670e-07+1.212002371799757734e-06j), (-1.486594700909648590e-14+2.628809453263103565e-14j), (4.093548760177905029e-14-7.570916820978657830e-15j), (-1.486594700909648590e-14+2.628809453263103565e-14j), (-2.114894854561609724e-08+1.903654216581863589e-07j)
 (-4.982076436063425387e-07+1.114786194224624035e-06j), (3.864888986391743198e-14+1.035771891291399697e-13j), (7.010713498899380834e-14+1.250458530950571236e-14j), (3.864888986391743198e-14+1.035771891291399697e-13j), (-6.897591417619068354e-07+1.484467741693565310e-06j), (-2.485121593948547167e-14+6.334271887500908624e-14j), (7.010713498899380834e-14+1.250458530950571236e-14j), (-2.485121593948547167e-14+6.334271887500908624e-14j), (-3.713945223609206838e-08+2.512355095400690868e-07j)
 (-7.682121889263752289e-07+1.311860094373936425e-06j), (7.273235985626094844e-14+1.645410486579602920e-13j), (1.163211862593005275e-13+6.561291989747031127e-14j), (7.273235985626094844e-14+1.645410486579602920e-13j), (-1.060376583085602542e-06+1.734841338962469905e-06j), (-3.964819515821363091e-14+1.394643660267355715e-13j), (1.163211862593005275e-13+6.561291989747031127e-14j), (-3.964819515821363091e-14+1.394643660267355715e-13j), (-6.462999124415450492e-08+3.290585684020442446e-07j)
 (-1.109052439422529523e-06+1.461306024726426391e-06j), (1.343434404479301891e-13+2.814495408724350099e-13j), (1.829646646000130352e-13+1.896690788192184847e-13j), (1.343434404479301891e-13+2.814495408724350099e-13j), (-1.523417970400735801e-06+1.911665684202736785e-06j), (-5.938598850732255985e-14+2.839342081246421258e-13j), (1.829646646000130352e-13+1.896690788192184847e-13j), (-5.938598850732255985e-14+2.839342081246421258e-13j), (-1.108025526249922920e-07+4.255766903410176221e-07j)
 (-1.488856346061238033e-06+1.536898359946295396e-06j), (2.374833292835207382e-13+5.125563977474920046e-13j), (2.635504936797801260e-13+4.569353387123831386e-13j), (2.374833292835207382e-13+5.125563977474920046e-13j), (-2.030074050286748969e-06+1.979399671139210104e-06j), (-8.254154693398758944e-14+5.369240078497948591e-13j), (2.635504936797801260e-13+4.569353387123831386e-13j), (-8.254154693398758944e-14+5.369240078497948591e-13j), (-1.855647954303032773e-07+5.393995315004822997e-07j)
 (-1.867856456989133477e-06+1.538418185886009130e-06j), (3.840288633894673835e-13+9.654126299901456926e-13j), (3.266130451675785017e-13+9.968210233508613355e-13j), (3.840288633894673835e-13+9.654126299901456926e-13j), (-2.520827505102951141e-06+1.941936080452955532e-06j), (-1.064877214862994985e-13+9.473512522930049516e-13j), (3.266130451675785017e-13+9.968210233508613355e-13j), (-1.064877214862994985e-13+9.473512522930049516e-13j), (-3.001984666788448102e-07+6.630537657774495584e-07j)
 (-2.220467167311599463e-06+1.485241372465429495e-06j), (5.218226593053585134e-13+1.815773435210131634e-12j), (2.950938175274647088e-13+2.028818014683478428e-12j), (5.218226593053585134e-13+1.815773435210131634e-12j), (-2.958825441059245096e-06+1.833323833691651359e-06j), (-1.306470687499072834e-13+1.559677224209184929e-12j), (2.950938175274647088e-13+2.028818014683478428e-12j), (-1.306470687499072834e-13+1.559677224209184929e-12j), (-4.629981755468075196e-07+7.804802816603478634e-07j)
 (-2.539026918793235961e-06+1.396957363003332598e-06j), (4.650921427220428173e-13+3.292302006755003623e-12j), (2.116048567580572046e-14+3.909513208812044123e-12j), (4.650921427220428173e-13+3.292302006755003623e-12j), (-3.336829110636522287e-06+1.688220648070758095e-06j), (-1.624354344358361729e-13+2.368722058564946737e-12j), (2.116048567580572046e-14+3.909513208812044123e-12j), (-1.624354344358361729e-13+2.368722058564946737e-12j), (-6.718566900365373941e-07+8.684904345102744083e-07j)
 (-2.822148494721672910e-06+1.284820213210191138e-06j), (-2.147794699594481083e-13+5.547269331561140138e-12j), (-7.668781081456219785e-13+7.168726664408493870e-12j), (-2.147794699594481083e-13+5.547269331561140138e-12j), (-3.660356086731746977e-06+1.526849731906972196e-06j), (-2.262256144059183433e-13+3.245911517596226952e-12j), (-7.668781081456219785e-13+7.168726664408493870e-12j), (-2.262256144059183433e-13+3.245911517596226952e-12j), (-9.085444355313852747e-07+9.059016374036572448e-07j)
 (-3.066760675260475105e-06+1.156790546672670679e-06j), (-2.292282253085493231e-12+8.327304270505820208e-12j), (-2.574191854485233611e-12+1.240013140189840575e-11j), (-2.292282253085493231e-12+8.327304270505820208e-12j), (-3.934179531829611948e-06+1.359884543817514313e-06j), (-3.776879068568935723e-13+3.887303621407748347e-12j), (-2.574191854485233611e-12+1.240013140189840575e-11j), (-3.776879068568935723e-13+3.887303621407748347e-12j), (-1.143486853177577066e-06+8.866331044872946954e-07j)
 (-3.270256438639683099e-06+1.023392962613279917e-06j), (-6.839491462987925901e-12+1.050768374619647658e-11j), (-6.205331889644581307e-12+1.980463417363081513e-11j), (-6.839491462987925901e-12+1.050768374619647658e-11j), (-4.161437579269879658e-06+1.196290976105019136e-06j), (-6.843594031725681185e-13+3.744928660322759970e-12j), (-6.205331889644581307e-12+1.980463417363081513e-11j), (-6.843594031725681185e-13+3.744928660322759970e-12j), (-1.350916488587616132e-06+8.235329105679296463e-07j)
 (-3.435698846370110871e-06+8.962762749645927686e-07j), (-1.465387523158015657e-11+9.811980345467680888e-12j), (-1.252271348777449033e-11+2.840271326817976673e-11j), (-1.465387523158015657e-11+9.811980345467680888e-12j), (-4.347534135271173506e-06+1.044865753894275692e-06j), (-1.028369604399795449e-12+1.725016361833132458e-12j), (-1.252271348777449033e-11+2.840271326817976673e-11j), (-1.028369604399795449e-12+1.725016361833132458e-12j), (-1.519815560368871996e-06+7.383095588979284403e-07j)
 (-3.571597378346922935e-06+7.823866438265970650e-07j), (-2.482918365560702956e-11+3.179432944569564530e-12j), (-2.170053702343311216e-11+3.535158899848815845e-11j), (-2.482918365560702956e-11+3.179432944569564530e-12j), (-4.501412083169622270e-06+9.109876123840334091e-07j), (-5.997344589072807187e-13-4.356292385117279563e-12j), (-2.170053702343311216e-11+3.535158899848815845e-11j), (-5.997344589072807187e-13-4.356292385117279563e-12j), (-1.652502826402504698e-06+6.496425800051286531e-07j)
 (-3.686251938636486927e-06+6.819911273107399589e-07j), (-3.304237808798802820e-11-1.184771963766144453e-11j), (-3.203173874581777025e-11+3.614903603753017165e-11j), (-3.304237808798802820e-11-1.184771963766144453e-11j), (-4.632065656900077556e-06+7.942358898886432423e-07j), (2.779051645585377159e-12-1.792635135888961494e-11j), (-3.203173874581777025e-11+3.614903603753017165e-11j), (2.779051645585377159e-12-1.792635135888961494e-11j), (-1.757789511030349500e-06+5.682295321278619492e-07j)
 (-3.783957924504375030e-06+5.927597158119197726e-07j), (-3.152238546277113586e-11-3.504672772543074294e-11j), (-3.879585773550500975e-11+2.635695903542499427e-11j), (-3.152238546277113586e-11-3.504672772543074294e-11j), (-4.744554820130827917e-06+6.910908385778885977e-07j), (1.295408224347469583e-11-4.247193748556447071e-11j), (-3.879585773550500975e-11+2.635695903542499427e-11j), (1.295408224347469583e-11-4.247193748556447071e-11j), (-1.845065634979757063e-06+4.970249992713785716e-07j)
 (-3.866855268314581398e-06+5.138709840555175612e-07j), (-1.218725076114174463e-11-6.227134127978806533e-11j), (-3.426900846026652907e-11+4.359243946933332660e-12j), (-1.218725076114174463e-11-6.227134127978806533e-11j), (-4.840841729469118564e-06+5.994914245540354172e-07j), (3.460947519349200600e-11-7.890426123787474996e-11j), (-3.426900846026652907e-11+4.359243946933332660e-12j), (3.460947519349200600e-11-7.890426123787474996e-11j), (-1.920595904793340638e-06+4.343011234039121229e-07j)
 (-3.938046970587475108e-06+4.453713475487414933e-07j), (2.863236014143647323e-11-8.626764019508341076e-11j), (-9.857928327273655379e-12-2.659526389733892780e-11j), (2.863236014143647323e-11-8.626764019508341076e-11j), (-4.923422699988923268e-06+5.192382395318375357e-07j), (7.096165798027691916e-11-1.230178716355742251e-10j), (-9.857928327273655379e-12-2.659526389733892780e-11j), (7.096165798027691916e-11-1.230178716355742251e-10j), (-1.987149658586495281e-06+3.778030909907131283e-07j)
 (-4.001172678497388871e-06+3.856876679817464060e-07j), (8.691347861105931285e-11-9.916068220928365114e-11j), (3.957321223203981838e-11-5.873613124510079338e-11j), (8.691347861105931285e-11-9.916068220928365114e-11j), (-4.995961473782642780e-06+4.491609178170688633e-07j), (1.204740851468470198e-10-1.653049444551186227e-10j), (3.957321223203981838e-11-5.873613124510079338e-11j), (1.204740851468470198e-10-1.653049444551186227e-10j), (-2.046307909287001864e-06+3.267525571227481986e-07j)
 (-4.058031004675936703e-06+3.319359611076483115e-07j), (1.511260506866314404e-10-9.583091952035038576e-11j), (1.106943072632313011e-10-8.282643091636932698e-11j), (1.511260506866314404e-10-9.583091952035038576e-11j), (-5.060867312485319509e-06+3.864682955502207985e-07j), (1.742220420364324946e-10-1.944065540262674226e-10j), (1.106943072632313011e-10-8.282643091636932698e-11j), (1.742220420364324946e-10-1.944065540262674226e-10j), (-2.099894275520668282e-06+2.808839196507569769e-07j)
 (-4.108414585996941887e-06+2.824915860451231587e-07j), (2.067038680133835540e-10-7.666960293790232569e-11j), (1.898239056325826986e-10-9.254206882725572055e-11j), (2.067038680133835540e-10-7.666960293790232569e-11j), (-5.118402184295389474e-06+3.291833655950268456e-07j), (2.170197782802660122e-10-2.030729869357153244e-10j), (1.898239056325826986e-10-9.254206882725572055e-11j), (2.170197782802660122e-10-2.030729869357153244e-10j), (-2.149206873911172345e-06+2.394941255871207986e-07j)
 (-4.152431300707868694e-06+2.379712992966665730e-07j), (2.419483858900886484e-10-4.721600488996658064e-11j), (2.574767442747186303e-10-8.733340919470873312e-11j), (2.419483858900886484e-10-4.721600488996658064e-11j), (-5.168777811218730634e-06+2.776593451927768298e-07j), (2.339392858664070064e-10-1.922246980607481901e-10j), (2.574767442747186303e-10-8.733340919470873312e-11j), (2.339392858664070064e-10-1.922246980607481901e-10j), (-2.194487477562391878e-06+2.020576033787909480e-07j)
 (-4.191880120256061803e-06+1.995578603544753882e-07j), (2.505142359989636319e-10-1.501807929879353745e-11j), (2.968496609646254072e-10-7.171661286115173895e-11j), (2.505142359989636319e-10-1.501807929879353745e-11j), (-5.213894613152125432e-06+2.331197333308947674e-07j), (2.183716250977343803e-10-1.691691251943421830e-10j), (2.968496609646254072e-10-7.171661286115173895e-11j), (2.183716250977343803e-10-1.691691251943421830e-10j), (-2.235792487633608391e-06+1.687207866825845020e-07j)
 (-4.229044606777626963e-06+1.672462811918665691e-07j), (2.311418017906523832e-10+1.308524722900998160e-11j), (3.003291636653225114e-10-5.234023669808419926e-11j), (2.311418017906523832e-10+1.308524722900998160e-11j), (-5.256335673160523851e-06+1.956374120285649213e-07j), (1.759417696480584981e-10-1.421333630492494942e-10j), (3.003291636653225114e-10-5.234023669808419926e-11j), (1.759417696480584981e-10-1.421333630492494942e-10j), (-2.273440126559908883e-06+1.396849585172287078e-07j)
 (-4.264818400490391481e-06+1.398673387901501051e-07j), (1.887493264147311495e-10+3.218112254098653190e-11j), (2.715570452236243082e-10-3.536057726763253413e-11j), (1.887493264147311495e-10+3.218112254098653190e-11j), (-5.297298505518036944e-06+1.639467341101080563e-07j), (1.220256047472854987e-10-1.164291866102453503e-10j), (2.715570452236243082e-10-3.536057726763253413e-11j), (1.220256047472854987e-10-1.164291866102453503e-10j), (-2.307326800379429402e-06+1.146726000407642567e-07j)
 (-4.298482885233707478e-06+1.162168442276069024e-07j), (1.356738122061603035e-10+4.015128376101728753e-11j), (2.230465479277476531e-10-2.461979074295246811e-11j), (1.356738122061603035e-10+4.015128376101728753e-11j), (-5.336158724298880263e-06+1.366445582438048566e-07j), (7.362802638172161551e-11-9.410198845106625448e-11j), (2.230465479277476531e-10-2.461979074295246811e-11j), (7.362802638172161551e-11-9.410198845106625448e-11j), (-2.336749650825944273e-06+9.319848760311757266e-08j)
 (-4.328994379619666028e-06+9.573056012437987052e-08j), (8.804924956061493456e-11+3.830878120220351439e-11j), (1.700510357056102203e-10-2.046453354313024348e-11j), (8.804924956061493456e-11+3.830878120220351439e-11j), (-5.371785814096196225e-06+1.130163757980331184e-07j), (4.056724660774819645e-11-7.538044303684650791e-11j), (1.700510357056102203e-10-2.046453354313024348e-11j), (4.056724660774819645e-11-7.538044303684650791e-11j), (-2.361222726780745425e-06+7.493640109674889956e-08j)
 (-4.355762835144962749e-06+7.824302975904629529e-08j), (5.773427044581229352e-11+3.095677231991458983e-11j), (1.242338995395314519e-10-1.997931488939883753e-11j), (5.773427044581229352e-11+3.095677231991458983e-11j), (-5.403436267112313354e-06+9.282438858689502325e-08j), (2.298895026885381728e-11-6.000578094065432336e-11j), (1.242338995395314519e-10-1.997931488939883753e-11j), (2.298895026885381728e-11-6.000578094065432336e-11j), (-2.380899440671100417e-06+5.967631049800228522e-08j)
 (-4.378385705600552716e-06+6.358241874067691034e-08j), (4.612003073024202019e-11+2.360125298725952908e-11j), (9.046359188069285420e-11-1.903328978672096616e-11j), (4.612003073024202019e-11+2.360125298725952908e-11j), (-5.430514413851896201e-06+7.585334455167590845e-08j), (1.571861604935171907e-11-4.775974463069653646e-11j), (9.046359188069285420e-11-1.903328978672096616e-11j), (1.571861604935171907e-11-4.775974463069653646e-11j), (-2.396224992623315931e-06+4.717003639940545224e-08j)
 (-4.396580041834603046e-06+5.147415747046017310e-08j), (4.495806661715370415e-11+2.033458996518017390e-11j), (6.715441947089865256e-11-1.496732524105389616e-11j), (4.495806661715370415e-11+2.033458996518017390e-11j), (-5.452555597164607167e-06+6.178587708100079328e-08j), (1.370491943876080279e-11-3.838551678340711837e-11j), (6.715441947089865256e-11-1.496732524105389616e-11j), (1.370491943876080279e-11-3.838551678340711837e-11j), (-2.407713047153969249e-06+3.710158165057419581e-08j)
 (-4.410545135764002853e-06+4.155903198352213741e-08j), (4.335415694976334372e-11+2.191666278791471317e-11j), (4.943475636965267882e-11-7.924318633693084524e-12j), (4.335415694976334372e-11+2.191666278791471317e-11j), (-5.469690039275845901e-06+5.020687793592798770e-08j), (1.426508014903082839e-11-3.137010384121642514e-11j), (4.943475636965267882e-11-7.924318633693084524e-12j), (1.426508014903082839e-11-3.137010384121642514e-11j), (-2.416027421403701069e-06+2.910142625108432927e-08j)
 (-4.420944790711605454e-06+3.340890987029294748e-08j), (3.488020232405213470e-11+2.601913068027282486e-11j), (3.319822322952946991e-11-9.292164127731300520e-14j), (3.488020232405213470e-11+2.601913068027282486e-11j), (-5.482623693977629444e-06+4.061386297131588594e-08j), (1.637332949963693575e-11-2.596365869473042219e-11j), (3.319822322952946991e-11-9.292164127731300520e-14j), (1.637332949963693575e-11-2.596365869473042219e-11j), (-2.421921688895294297e-06+2.276765049914183177e-08j)
 (-4.428503807866907704e-06+2.662289245549929113e-08j), (1.986128027464042818e-11+2.936103372390915948e-11j), (1.732739466425605073e-11+6.120822400540437662e-12j), (1.986128027464042818e-11+2.936103372390915948e-11j), (-5.492145159857810089e-06+3.254010362794504512e-08j), (1.935807192779661933e-11-2.146258333635529020e-11j), (1.732739466425605073e-11+6.120822400540437662e-12j), (1.935807192779661933e-11-2.146258333635529020e-11j), (-2.426038502706114038e-06+1.772761078052736106e-08j)
 (-4.433797679233871258e-06+2.094253884368806969e-08j), (2.648225844288122731e-12+2.997077558114827872e-11j), (2.990176038909583035e-12+9.547650342593432282e-12j), (2.648225844288122731e-12+2.997077558114827872e-11j), (-5.498880948005897799e-06+2.570383460666134499e-08j), (2.246183686986173554e-11-1.747769079191658959e-11j), (2.990176038909583035e-12+9.547650342593432282e-12j), (2.246183686986173554e-11-1.747769079191658959e-11j), (-2.428837618594798630e-06+1.370076532297170826e-08j)
 (-4.437320123481408742e-06+1.624641634959180446e-08j), (-1.262028130130939133e-11+2.785182477242381090e-11j), (-8.445860656830622120e-12+1.044700487909599059e-11j), (-1.262028130130939133e-11+2.785182477242381090e-11j), (-5.503393724204539191e-06+1.999738377276154817e-08j), (2.509090370604064694e-11-1.393735348910324261e-11j), (-8.445860656830622120e-12+1.044700487909599059e-11j), (2.509090370604064694e-11-1.393735348910324261e-11j), (-2.430663368018034572e-06+1.049986305623445688e-08j)
 (-4.439545218282267731e-06+1.245520268484611714e-08j), (-2.411330176974534331e-11+2.410044776863854517e-11j), (-1.660960592644482848e-11+9.753811217231726256e-12j), (-2.411330176974534331e-11+2.410044776863854517e-11j), (-5.506256595439323277e-06+1.535900731312957260e-08j), (2.701850389237426380e-11-1.089910861994928931e-11j), (-1.660960592644482848e-11+9.753811217231726256e-12j), (2.701850389237426380e-11-1.089910861994928931e-11j), (-2.431802389186604576e-06+7.987579095120653431e-09j)
 (-4.440893051001972323e-06+9.467470438726897980e-09j), (-3.191129626180322737e-11+1.985041903413511126e-11j), (-2.198472873664912947e-11+8.349650078718263805e-12j), (-3.191129626180322737e-11+1.985041903413511126e-11j), (-5.507995131814817585e-06+1.168770620149044131e-08j), (2.830106213359192521e-11-8.397309753837265970e-12j), (-2.198472873664912947e-11+8.349650078718263805e-12j), (2.830106213359192521e-11-8.397309753837265970e-12j), (-2.432487219706831964e-06+6.043372732107005157e-09j)
 (-4.441685969189888269e-06+7.156521132976612622e-09j), (-3.688021735499845597e-11+1.582472293869788973e-11j), (-2.534182480341881169e-11+6.794553860683343930e-12j), (-3.688021735499845597e-11+1.582472293869788973e-11j), (-5.509019382138009098e-06+8.840574308483439801e-09j), (2.910304711602465296e-11-6.404537023325909619e-12j), (-2.534182480341881169e-11+6.794553860683343930e-12j), (2.910304711602465296e-11-6.404537023325909619e-12j), (-2.432888356502552418e-06+4.555957523582217072e-09j)
 (-4.442143830360766752e-06+5.391332625559773637e-09j), (-3.993564585851069836e-11+1.234944573619993220e-11j), (-2.737288187980582753e-11+5.362514041167715449e-12j), (-3.993564585851069836e-11+1.234944573619993220e-11j), (-5.509611310794470630e-06+6.662501581083116194e-09j), (2.958569142515271957e-11-4.852991390794445403e-12j), (-2.737288187980582753e-11+5.362514041167715449e-12j), (2.958569142515271957e-11-4.852991390794445403e-12j), (-2.433119413530805962e-06+3.427005630538516820e-09j)
 (-4.442405259943144652e-06+4.053460199061376903e-09j), (-4.178100211076127422e-11+9.503122851001931434e-12j), (-2.858039148962606582e-11+4.152439608072998633e-12j), (-4.178100211076127422e-11+9.503122851001931434e-12j), (-5.509949447212434885e-06+5.010249939075283506e-09j), (2.986956400989352895e-11-3.662387041134273370e-12j), (-2.858039148962606582e-11+4.152439608072998633e-12j), (2.986956400989352895e-11-3.662387041134273370e-12j), (-2.433251156503755817e-06+2.574412731068775220e-09j)
 (-4.442553550870766698e-06+3.044118871758152706e-09j), (-4.288843246271598729e-11+7.243736061416826515e-12j), (-2.929265665462718069e-11+3.176011975162109875e-12j), (-4.288843246271598729e-11+7.243736061416826515e-12j), (-5.510141298505886692e-06+3.763111079037748753e-09j), (3.003432051022029618e-11-2.756871988022133610e-12j), (-2.929265665462718069e-11+3.176011975162109875e-12j), (3.003432051022029618e-11-2.756871988022133610e-12j), (-2.433325825590219375e-06+1.932461973250805798e-09j)
 (-4.442637347531479810e-06+2.284654200481535811e-09j), (-4.355403818448200673e-11+5.484431032599451745e-12j), (-2.971227731672877747e-11+2.408771735856630258e-12j), (-4.355403818448200673e-11+5.484431032599451745e-12j), (-5.510249726036830214e-06+2.824457507905079752e-09j), (3.012925615961592514e-11-2.071895253314292360e-12j), (-2.971227731672877747e-11+2.408771735856630258e-12j), (3.012925615961592514e-11-2.071895253314292360e-12j), (-2.433368000780048558e-06+1.449958509197018976e-09j)
 (-4.442684597037015943e-06+1.714066893046559402e-09j), (-4.395700922625718274e-11+4.131099286119818078e-12j), (-2.996040016783416823e-11+1.815485764401830753e-12j), (-4.395700922625718274e-11+4.131099286119818078e-12j), (-5.510310868701940047e-06+2.119135345061507940e-09j), (3.018378397759267194e-11-1.555437708540473590e-12j), (-2.996040016783416823e-11+1.815485764401830753e-12j), (3.018378397759267194e-11-1.555437708540473590e-12j), (-2.433391775539539011e-06+1.087663091924437410e-09j)
 (-4.442711206110083826e-06+1.285746571521061538e-09j), (-4.420383645093255199e-11+3.098261753950654559e-12j), (-3.010823781310009540e-11+1.361282769758311977e-12j), (-4.420383645093255199e-11+3.098261753950654559e-12j), (-5.510345303287035862e-06+1.589628230424992778e-09j), (3.021509053012214363e-11-1.166817413754612856e-12j), (-3.010823781310009540e-11+1.361282769758311977e-12j), (3.021509053012214363e-11-1.166817413754612856e-12j), (-2.433405162558539616e-06+8.157829166595677151e-10j)
 (-4.442726180578098649e-06+9.643730838453136035e-10j), (-4.435731897505339523e-11+2.314164344893901314e-12j), (-3.019729854558736882e-11+1.015787996565816620e-12j), (-4.435731897505339523e-11+2.314164344893901314e-12j), (-5.510364682004697857e-06+1.192313962617140575e-09j), (3.023309784625630178e-11-8.747549103365294967e-13j), (-3.019729854558736882e-11+1.015787996565816620e-12j), (3.023309784625630178e-11-8.747549103365294967e-13j), (-2.433412695530978973e-06+6.118195069570055492e-10j)
 (-4.442734603985355221e-06+7.233062375463877690e-10j), (-4.445445436482533836e-11+1.721046223373115534e-12j), (-3.025170763772813019e-11+7.540937385341045154e-13j), (-4.445445436482533836e-11+1.721046223373115534e-12j), (-5.510375582954011033e-06+8.942747460428747786e-10j), (3.024349522050444240e-11-6.554357582715424338e-13j), (-3.025170763772813019e-11+7.540937385341045154e-13j), (3.024349522050444240e-11-6.554357582715424338e-13j), (-2.433416932707709450e-06+4.588348719514309805e-10j)
