 (-7.962508250053285588e-15+9.102023733511900381e-11j), (1.788230217028520317e-20+1.131059550686769401e-16j), (1.606250241355406098e-19+2.200778667852255678e-19j), (1.788230217028520317e-20+1.131059550686769401e-16j), (-7.962485276121215697e-15+9.102027899212383077e-11j), (2.262065253983167483e-20-5.511785513136018522e-21j), (1.606250241355406098e-19+2.200778667852255678e-19j), (2.262065253983167483e-20-5.511785513136018522e-21j), (-6.147377436688288371e-12+7.223203282159560303e-09j)
 (-1.031691593558744062e-14+1.036067289531513822e-10j), (2.316991085864123498e-20+1.287465035236467516e-16j), (2.084696893865511099e-19+2.507982999507268138e-19j), (2.316991085864123498e-20+1.287465035236467516e-16j), (-1.031688616864852763e-14+1.036067763706100192e-10j), (2.929382853927173946e-20-6.239606724909360370e-21j), (2.084696893865511099e-19+2.507982999507268138e-19j), (2.929382853927173946e-20-6.239606724909360370e-21j), (-7.965073413066232653e-12+8.222042987114550578e-09j)
 (-1.336749062613891842e-14+1.179337100242717890e-10j), (3.002101598123425322e-20+1.465498620584088886e-16j), (2.705448519667427764e-19+2.858254016430725094e-19j), (3.002101598123425322e-20+1.465498620584088886e-16j), (-1.336745205761285043e-14+1.179337639987553274e-10j), (3.794409378006712724e-20-7.065431783203051215e-21j), (2.705448519667427764e-19+2.858254016430725094e-19j), (3.794409378006712724e-20-7.065431783203051215e-21j), (-1.032023671762962504e-11+9.359003741314067554e-09j)
 (-1.732007962912415818e-14+1.342418594519423935e-10j), (3.889793046576350881e-20+1.668151088480426261e-16j), (3.510786032946978728e-19+3.257627963870301801e-19j), (3.889793046576350881e-20+1.668151088480426261e-16j), (-1.732002965651433289e-14+1.342419208901775409e-10j), (4.915825736540490445e-20-8.005221153659353112e-21j), (3.510786032946978728e-19+3.257627963870301801e-19j), (4.915825736540490445e-20-8.005221153659353112e-21j), (-1.337178848043196810e-11+1.065318484484621615e-08j)
 (-2.244139655275644369e-14+1.528051377543673065e-10j), (5.039966989994809063e-20+1.898826794202554481e-16j), (4.555672016389078295e-19+3.712944016980480001e-19j), (5.039966989994809063e-20+1.898826794202554481e-16j), (-2.244133180402059075e-14+1.528052076884606330e-10j), (6.369837590055070551e-20-9.077621101094730637e-21j), (4.555672016389078295e-19+3.712944016980480001e-19j), (6.369837590055070551e-20-9.077621101094730637e-21j), (-1.732564014632384958e-11+1.212632650266474783e-08j)
 (-2.907701865486025363e-14+1.739353893106945083e-10j), (6.530237233060638587e-20+2.161400855219306705e-16j), (5.911303890051476976e-19+4.232043433819972904e-19j), (6.530237233060638587e-20+2.161400855219306705e-16j), (-2.907693476089481170e-14+1.739354689154768861e-10j), (8.255137039466813144e-20-1.030639754041797696e-20j), (5.911303890051476976e-19+4.232043433819972904e-19j), (8.255137039466813144e-20-1.030639754041797696e-20j), (-2.244858751307697862e-11+1.380317492434252824e-08j)
 (-3.767470576397205701e-14+1.979875810102099410e-10j), (8.461167179310544974e-20+2.460284248634937970e-16j), (7.669966995047135793e-19+4.823926409692168236e-19j), (8.461167179310544974e-20+2.460284248634937970e-16j), (-3.767459706386659957e-14+1.979876716229696613e-10j), (1.069991579443678077e-19-1.172151808395086834e-20j), (7.669966995047135793e-19+4.823926409692168236e-19j), (1.069991579443678077e-19-1.172151808395086834e-20j), (-2.908631279864903704e-11+1.571189786757585759e-08j)
 (-4.881461428790521126e-14+2.253657653047467770e-10j), (1.096305623796342022e-19+2.800497914851886957e-16j), (9.951515918961990201e-19+5.498825318694944944e-19j), (1.096305623796342022e-19+2.800497914851886957e-16j), (-4.881447344678629738e-14+2.253658684476940442e-10j), (1.387041199730290593e-19-1.336299364077583258e-20j), (9.951515918961990201e-19+5.498825318694944944e-19j), (1.387041199730290593e-19-1.336299364077583258e-20j), (-3.768670925535817212e-11+1.788455758045476332e-08j)
 (-6.324844508987448531e-14+2.565298678319927350e-10j), (1.420473144395020782e-19+3.187757102230682772e-16j), (1.291120699371996111e-18+6.268501210183845263e-19j), (1.420473144395020782e-19+3.187757102230682772e-16j), (-6.324826260409478044e-14+2.565299852378313085e-10j), (1.798194980534713081e-19-1.527907429754466769e-20j), (1.291120699371996111e-18+6.268501210183845263e-19j), (1.798194980534713081e-19-1.527907429754466769e-20j), (-4.883010184885487181e-11+2.035764904955185424e-08j)
 (-8.195016685003477336e-14+2.920034136266631905e-10j), (1.840494038135237180e-19+3.628567379409812226e-16j), (1.675035979909756246e-18+7.146604114158413488e-19j), (1.840494038135237180e-19+3.628567379409812226e-16j), (-8.194993040586795796e-14+2.920035472676953810e-10j), (2.331414171317458846e-19-1.753638715089236393e-20j), (1.675035979909756246e-18+7.146604114158413488e-19j), (2.331414171317458846e-19-1.753638715089236393e-20j), (-6.326840259232117290e-11+2.317271253995913112e-08j)
 (-1.061817376150070103e-13+3.323823216998773958e-10j), (2.384711239669625327e-19+4.130333923958067673e-16j), (2.173008541127413520e-18+8.148706443227190508e-19j), (2.384711239669625327e-19+4.130333923958067673e-16j), (-1.061814312577142152e-13+3.323824738211392145e-10j), (3.022945317420944025e-19-2.022452175079025164e-20j), (2.173008541127413520e-18+8.148706443227190508e-19j), (3.022945317420944025e-19-2.022452175079025164e-20j), (-8.197584158174502973e-11+2.637703063488881565e-08j)
 (-1.375782592759642162e-13+3.783449157087758432e-10j), (3.089848374991360369e-19+4.701485923754923227e-16j), (2.818907866540651900e-18+9.292815771785022115e-19j), (3.089848374991360369e-19+4.701485923754923227e-16j), (-1.375778623332873955e-13+3.783450888657454778e-10j), (3.919774105529822253e-19-2.346297161008766232e-20j), (2.818907866540651900e-18+9.292815771785022115e-19j), (3.919774105529822253e-19-2.346297161008766232e-20j), (-1.062146951484848945e-10+3.002442136281858554e-08j)
 (-1.782583109937863228e-13+4.306633188588930160e-10j), (4.003487696115935205e-19+5.351618182106806193e-16j), (3.656591369931635351e-18+1.060035586286406562e-18j), (4.003487696115935205e-19+5.351618182106806193e-16j), (-1.782577966808788808e-13+4.306635159604158174e-10j), (5.082786031479779002e-19-2.741380633239885703e-20j), (3.656591369931635351e-18+1.060035586286406562e-18j), (5.082786031479779002e-19-2.741380633239885703e-20j), (-1.376204432864485515e-10+3.417614055661449227e-08j)
 (-2.309669065834460325e-13+4.902164244228433992e-10j), (5.187280994506136692e-19+6.091652304893592793e-16j), (4.742934194353407625e-18+1.209637566084191215e-18j), (5.187280994506136692e-19+6.091652304893592793e-16j), (-2.309662401955682309e-13+4.902166487800015054e-10j), (6.590925566996882386e-19-3.229612793019011351e-20j), (4.742934194353407625e-18+1.209637566084191215e-18j), (6.590925566996882386e-19-3.229612793019011351e-20j), (-1.783120974863207737e-10+3.890190833892197333e-08j)
 (-2.992607222147077314e-13+5.580046597089534131e-10j), (6.721109758295443324e-19+6.934020177607915166e-16j), (6.151636061481004612e-18+1.381094795845820907e-18j), (6.721109758295443324e-19+6.934020177607915166e-16j), (-2.992598587855001729e-13+5.580049150906788596e-10j), (8.546567840341964783e-19-3.842628686491316149e-20j), (6.151636061481004612e-18+1.381094795845820907e-18j), (8.546567840341964783e-19-3.842628686491316149e-20j), (-2.310351350758311111e-10+4.428107658778729950e-08j)
 (-3.877480930100258516e-13+6.351667914140139307e-10j), (8.708475396202881502e-19+7.892872820998309282e-16j), (7.978247928062209532e-18+1.578014778824124215e-18j), (8.708475396202881502e-19+7.892872820998309282e-16j), (-3.877469742773505098e-13+6.351670821103871474e-10j), (1.108234305527021674e-18-4.623980305639222459e-20j), (7.978247928062209532e-18+1.578014778824124215e-18j), (1.108234305527021674e-18-4.623980305639222459e-20j), (-2.993466705393804464e-10+5.040395641969868282e-08j)
 (-5.023999726533571088e-13+7.229990545467682147e-10j), (1.128348297296402030e-18+8.984318123166611882e-16j), (1.034657039167099800e-17+1.804822527201404294e-18j), (1.128348297296402030e-18+8.984318123166611882e-16j), (-5.023985231279582164e-13+7.229993854410946156e-10j), (1.436993028711018168e-18-5.633043982438898276e-20j), (1.034657039167099800e-17+1.804822527201404294e-18j), (1.436993028711018168e-18-5.633043982438898276e-20j), (-3.878553345392271507e-10+5.737332714244800101e-08j)
 (-6.509528382933058804e-13+8.229769260825331675e-10j), (1.461989082454015353e-18+1.022669145784888464e-15j), (1.341695842229023954e-17+2.067117209228561909e-18j), (1.461989082454015353e-18+1.022669145784888464e-15j), (-6.509509601650213174e-13+8.229773027333449767e-10j), (1.863217780320329222e-18-6.958355869583418478e-20j), (1.341695842229023954e-17+2.067117209228561909e-18j), (1.863217780320329222e-18-6.958355869583418478e-20j), (-5.025320064433786343e-10+6.530615077634609311e-08j)
 (-8.434307268402927731e-13+9.367799088493487107e-10j), (1.894283470154410201e-18+1.164086372723512507e-15j), (1.739728074906103560e-17+2.371932886430575260e-18j), (1.894283470154410201e-18+1.164086372723512507e-15j), (-8.434282933783751717e-13+9.367803375837485726e-10j), (2.415745638554092565e-18-8.722244405684129696e-20j), (1.739728074906103560e-17+2.371932886430575260e-18j), (2.415745638554092565e-18-8.722244405684129696e-20j), (-6.511122995475644107e-10+7.433551910248214596e-08j)
 (-1.092821626715445072e-12+1.066319741584546535e-09j), (2.454401953703858514e-18+1.325059201474836624e-15j), (2.255680431861281338e-17+2.728368670530320640e-18j), (2.454401953703858514e-18+1.325059201474836624e-15j), (-1.092818473717491105e-12+1.066320229604484713e-09j), (3.131948769136066462e-18-1.110175214561956508e-19j), (2.255680431861281338e-17+2.728368670530320640e-18j), (3.131948769136066462e-18-1.110175214561956508e-19j), (-8.436178430206226006e-10+8.461286322858670099e-08j)
 (-1.415953863367530152e-12+1.213772508464072480e-09j), (3.180140225891813049e-18+1.508291874306380795e-15j), (2.924434784875135866e-17+3.148497603638108569e-18j), (3.180140225891813049e-18+1.508291874306380795e-15j), (-1.415949778080393450e-12+1.213773063967256880e-09j), (4.060236956765808458e-18-1.435144284227946186e-19j), (2.924434784875135866e-17+3.148497603638108569e-18j), (4.060236956765808458e-18-1.435144284227946186e-19j), (-1.093031342814628312e-09+9.631045878452427212e-08j)
 (-1.834631609797605332e-12+1.381615186629971792e-09j), (4.120469464687907312e-18+1.716862605032022408e-15j), (3.791182742947382598e-17+3.648468410797755334e-18j), (4.120469464687907312e-18+1.716862605032022408e-15j), (-1.834626316562758285e-12+1.381615818947502443e-09j), (5.263294238025013327e-18-1.883847261128709994e-19j), (3.791182742947382598e-17+3.648468410797755334e-18j), (5.263294238025013327e-18-1.883847261128709994e-19j), (-1.416170649661885873e-09+1.096242629271292433e-07j)
 (-2.377106134758868396e-12+1.572667244376373791e-09j), (5.338840609672445762e-18+1.954275303076263615e-15j), (4.914455182935281238e-17+4.250368062255717377e-18j), (5.338840609672445762e-18+1.954275303076263615e-15j), (-2.377099276413530926e-12+1.572667964129379833e-09j), (6.822287565585539971e-18-2.509364478361919777e-19j), (4.914455182935281238e-17+4.250368062255717377e-18j), (6.822287565585539971e-18-2.509364478361919777e-19j), (-1.834820271388688640e-09+1.247771221115802842e-07j)
 (-3.079982049792336005e-12+1.790137986882170284e-09j), (6.917465663257212834e-18+2.224518455673979474e-15j), (6.370053769365786452e-17+4.984791100563507880e-18j), (6.917465663257212834e-18+2.224518455673979474e-15j), (-3.079973163573370303e-12+1.790138806160050845e-09j), (8.842346712842393627e-18-3.389148258911567489e-19j), (6.370053769365786452e-17+4.984791100563507880e-18j), (8.842346712842393627e-18-3.389148258911567489e-19j), (-2.377195770395346834e-09+1.420223916972454293e-07j)
 (-3.990687158323013577e-12+2.037680442020147765e-09j), (8.962864606973442884e-18+2.532132159566841599e-15j), (8.256151347077946858e-17+5.894617382965275705e-18j), (8.962864606973442884e-18+2.532132159566841599e-15j), (-3.990675644646851016e-12+2.037681374583397063e-09j), (1.145950028745477685e-17-4.635621536153502903e-19j), (8.256151347077946858e-17+5.894617382965275705e-18j), (1.145950028745477685e-17-4.635621536153502903e-19j), (-3.079838332042908009e-09+1.616480093142030855e-07j)
 (-5.170672522615226644e-12+2.319452687294645089e-09j), (1.161305236308039819e-17+2.882284432840294833e-15j), (1.069984758312863665e-16+7.040734272293833625e-18j), (1.161305236308039819e-17+2.882284432840294833e-15j), (-5.170657604632005372e-12+2.319453748805632926e-09j), (1.484984836297610063e-17-6.413219128930531041e-19j), (1.069984758312863665e-16+7.040734272293833625e-18j), (1.484984836297610063e-17-6.413219128930531041e-19j), (-3.990064781399037004e-09+1.839810626263278966e-07j)
 (-6.699558607518582831e-12+2.640187641980761723e-09j), (1.504685023105468073e-17+3.280858096186428437e-15j), (1.386568586550627520e-16+8.510230791337198511e-18j), (1.504685023105468073e-17+3.280858096186428437e-15j), (-6.699539278709762807e-12+2.640188850266238218e-09j), (1.924114448684947210e-17-8.961793503473037603e-19j), (1.386568586550627520e-16+8.510230791337198511e-18j), (1.924114448684947210e-17-8.961793503473037603e-19j), (-5.169134071141830243e-09+2.093928873340026022e-07j)
 (-8.680507147983435152e-12+3.005272487821073123e-09j), (1.949595005631404199e-17+3.734549691509787444e-15j), (1.796663268512254968e-16+1.042846597531371737e-17j), (1.949595005631404199e-17+3.734549691509787444e-15j), (-8.680482104277817636e-12+3.005273863170853501e-09j), (2.492796559986288736e-17-1.263273298685377387e-18j), (1.796663268512254968e-16+1.042846597531371737e-17j), (2.492796559986288736e-17-1.263273298685377387e-18j), (-6.696336702892902727e-09+2.383047209392558354e-07j)
 (-1.124718101053699612e-11+3.420839039074121242e-09j), (2.526054421496533530e-17+4.250982114328144440e-15j), (2.327823761705854950e-16+1.297706404319734902e-17j), (2.526054421496533530e-17+4.250982114328144440e-15j), (-1.124714856237074149e-11+3.420840604580591361e-09j), (3.229107159530534276e-17-1.794130331496737687e-18j), (2.327823761705854950e-16+1.297706404319734902e-17j), (3.229107159530534276e-17-1.794130331496737687e-18j), (-8.674270956514462531e-09+2.711939189460560288e-07j)
 (-1.457276132874743650e-11+3.893866560287806220e-09j), (3.272957515410467445e-17+4.838832874890809872e-15j), (3.015692082710846467e-16+1.642016334967716497e-17j), (3.272957515410467445e-17+4.838832874890809872e-15j), (-1.457271928714544579e-11+3.893868342232113346e-09j), (4.182231691884210011e-17-2.564362605941839242e-18j), (3.015692082710846467e-16+1.642016334967716497e-17j), (4.182231691884210011e-17-2.564362605941839242e-18j), (-1.123564174791657484e-08+3.086007083733852236e-07j)
 (-1.888162977023399379e-11+4.432298729903671525e-09j), (4.240696898295641118e-17+5.507980170234446292e-15j), (3.906347299218068109e-16+2.114309071191925655e-17j), (4.240696898295641118e-17+5.507980170234446292e-15j), (-1.888157529926120343e-11+4.432300758194371596e-09j), (5.415658351234142839e-17-3.685060578732801681e-18j), (3.906347299218068109e-16+2.114309071191925655e-17j), (5.415658351234142839e-17-3.685060578732801681e-18j), (-1.455200708535235767e-08+3.511354022797214107e-07j)
 (-2.446450322209952315e-11+5.045176671605669650e-09j), (5.494562042809044878e-17+6.269669269440042970e-15j), (5.059334140266295537e-16+2.770860296611756199e-17j), (5.494562042809044878e-17+6.269669269440042970e-15j), (-2.446443264775844728e-11+5.045178980277194168e-09j), (7.011260490749495929e-17-5.319715917556297963e-18j), (5.059334140266295537e-16+2.770860296611756199e-17j), (7.011260490749495929e-17-5.319715917556297963e-18j), (-1.884500583617974794e-08+3.994859191312224553e-07j)
 (-3.169804045813220886e-11+5.742790224861103395e-09j), (7.119141652452732538e-17+7.136702074075560535e-15j), (6.551541616972137731e-16+3.694060167524007958e-17j), (7.119141652452732538e-17+7.136702074075560535e-15j), (-3.169794902088740551e-11+5.742792852639578681e-09j), (9.074472985007949469e-17-7.708976461524852669e-18j), (6.551541616972137731e-16+3.694060167524007958e-17j), (9.074472985007949469e-17-7.708976461524852669e-18j), (-2.440073019059749219e-08+4.544253289984413767e-07j)
 (-4.107024096004382596e-11+6.536849902440154882e-09j), (9.224026191363258750e-17+8.123653137853335538e-15j), (8.482171173442983145e-16+5.004495624459301490e-17j), (9.224026191363258750e-17+8.123653137853335538e-15j), (-4.107012249439702398e-11+6.536852893385195788e-09j), (1.174087332892331245e-16-1.120759572387913807e-17j), (8.482171173442983145e-16+5.004495624459301490e-17j), (1.174087332892331245e-16-1.120759572387913807e-17j), (-3.158805569181072424e-08+5.168189660054482743e-07j)
 (-5.321334497494492056e-11+7.440682285903043144e-09j), (1.195119380470918401e-16+9.247115918044682240e-15j), (1.097906526848481909e-15+6.878776355879849494e-17j), (1.195119380470918401e-16+9.247115918044682240e-15j), (-5.321319149464052902e-11+7.440685690134915131e-09j), (1.518441493709461528e-16-1.633888889115975403e-17j), (1.097906526848481909e-15+6.878776355879849494e-17j), (1.518441493709461528e-16-1.633888889115975403e-17j), (-4.088190492158123435e-08+5.876303772718559320e-07j)
 (-6.894644681474428347e-11+8.469451938449056935e-09j), (1.548457566945832871e-16+1.052598361762316924e-14j), (1.420673219206024989e-15+9.575458342014030570e-17j), (1.548457566945832871e-16+1.052598361762316924e-14j), (-6.894624797594946261e-11+8.469455812971652120e-09j), (1.962771915715686160e-16-2.387602583480905161e-17j), (1.420673219206024989e-15+9.575458342014030570e-17j), (1.962771915715686160e-16-2.387602583480905161e-17j), (-5.289258266759743640e-08+6.679249878596792546e-07j)
 (-8.933068338699650462e-11+9.640413263700685966e-09j), (2.006244205538607818e-16+1.198176965097001168e-14j), (1.837650379621557907e-15+1.347253480120640810e-16j), (2.006244205538607818e-16+1.198176965097001168e-14j), (-8.933042579381542609e-11+9.640417673330808432e-09j), (2.535467620400614919e-16-3.496218142122823198e-17j), (1.837650379621557907e-15+1.347253480120640810e-16j), (2.535467620400614919e-16-3.496218142122823198e-17j), (-6.840244943497989347e-08+7.588698036392899562e-07j)
 (-1.157406993578185344e-10+1.097319610017209297e-08j), (2.599343790905428868e-16+1.363897358136381052e-14j), (2.375918247002245020e-15+1.912231786659491372e-16j), (2.599343790905428868e-16+1.363897358136381052e-14j), (-1.157403656642225582e-10+1.097320111858676620e-08j), (3.272566735270765109e-16-5.128973374051576797e-17j), (2.375918247002245020e-15+1.912231786659491372e-16j), (3.272566735270765109e-16-5.128973374051576797e-17j), (-8.841123850283453119e-08+8.617266940949666864e-07j)
 (-1.499571733247709428e-10+1.249012919887143894e-08j), (3.367733878666824468e-16+1.552549938532298140e-14j), (3.070077734058920886e-15+2.732964914462649095e-16j), (3.367733878666824468e-16+1.552549938532298140e-14j), (-1.499567410739595539e-10+1.249013490978418312e-08j), (4.219546672814609572e-16-7.536808923919863435e-17j), (3.070077734058920886e-15+2.732964914462649095e-16j), (4.219546672814609572e-16-7.536808923919863435e-17j), (-1.141911684287516870e-07+9.778357338832769638e-07j)
 (-1.942865848009145013e-10+1.421660606005440699e-08j), (4.363190783459667202e-16+1.767313407044350169e-14j), (3.964162045243506112e-15+3.926524554677922805e-16j), (4.363190783459667202e-16+1.767313407044350169e-14j), (-1.942860249264837364e-10+1.421661255853049091e-08j), (5.433344863336076955e-16-1.109233892689076667e-16j), (3.964162045243506112e-15+3.926524554677922805e-16j), (5.433344863336076955e-16-1.109233892689076667e-16j), (-1.473524913606076700e-07+1.108583682291212634e-06j)
 (-2.517161968067026569e-10+1.618149786358517612e-08j), (5.652763408355146868e-16+2.011809621235856863e-14j), (5.113930767790200740e-15+5.662622585850957698e-16j), (5.652763408355146868e-16+2.011809621235856863e-14j), (-2.517154716989782810e-10+1.618150525750444145e-08j), (6.984505151295616726e-16-1.634982526406078628e-16j), (5.113930767790200740e-15+5.662622585850957698e-16j), (6.984505151295616726e-16-1.634982526406078628e-16j), (-1.899189867073199418e-07+1.255350928968288843e-06j)
 (-3.261145327722611232e-10+1.841761835179908457e-08j), (7.323264153438839579e-16+2.290166582195147978e-14j), (6.589536437904299531e-15+8.186307160298369295e-16j), (7.323264153438839579e-16+2.290166582195147978e-14j), (-3.261135937869165866e-10+1.841762676346917963e-08j), (8.959198236968893517e-16-2.413548426255518802e-16j), (6.589536437904299531e-15+8.186307160298369295e-16j), (8.959198236968893517e-16-2.413548426255518802e-16j), (-2.444107749009418345e-07+1.419428217054393163e-06j)
 (-4.224905750028097601e-10+2.096224541636349682e-08j), (9.487070774748839716e-16+2.607090939590883793e-14j), (8.478496836324884587e-15+1.184980209797438605e-15j), (9.487070774748839716e-16+2.607090939590883793e-14j), (-4.224893592562826854e-10+2.096225498428008883e-08j), (1.146066140310045024e-15-3.568351937951672407e-16j), (8.478496836324884587e-15+1.184980209797438605e-15j), (1.146066140310045024e-15-3.568351937951672407e-16j), (-3.139281653778356890e-07+1.601892463627476019e-06j)
 (-5.473286711145576134e-10+2.385770365360311598e-08j), (1.228961548768351540e-15+2.967951713091655190e-14j), (1.088881734386888921e-14+1.715618428885582062e-15j), (1.228961548768351540e-15+2.967951713091655190e-14j), (-5.473270973712990266e-10+2.385771453433929233e-08j), (1.460924342408485321e-15-5.284232493362600492e-16j), (1.088881734386888921e-14+1.715618428885582062e-15j), (1.460924342408485321e-15-5.284232493362600492e-16j), (-4.022244488781229735e-07+1.803429707025089585e-06j)
 (-7.090209031207998110e-10+2.715201106513597080e-08j), (1.591904091159703574e-15+3.378877341991522937e-14j), (1.395192026853764404e-14+2.481896087652354948e-15j), (1.591904091159703574e-15+3.378877341991522937e-14j), (-7.090188665302011134e-10+2.715202343532389248e-08j), (1.853973600204455561e-15-7.838733856162932801e-16j), (1.395192026853764404e-14+2.481896087652354948e-15j), (1.853973600204455561e-15-7.838733856162932801e-16j), (-5.137470534114163514e-07+2.024093919528854222e-06j)
 (-9.184246809703659711e-10+3.089959106528441994e-08j), (2.061863159238697718e-15+3.846868730327359489e-14j), (1.782481001473237048e-14+3.584100847867435876e-15j), (2.061863159238697718e-15+3.846868730327359489e-14j), (-9.184220463576092799e-10+3.089960512361577845e-08j), (2.339403074899974359e-15-1.164972857018581415e-15j), (1.782481001473237048e-14+3.584100847867435876e-15j), (2.339403074899974359e-15-1.164972857018581415e-15j), (-6.536152564854231956e-07+2.262995307882534849e-06j)
 (-1.189580820388905038e-09+3.516204753340903189e-08j), (2.670278801143711341e-15+4.379931709226408923e-14j), (2.269062063621459196e-14+5.161730318492367991e-15j), (2.670278801143711341e-15+4.379931709226408923e-14j), (-1.189577413745671905e-09+3.516206350253195306e-08j), (2.930620197287895660e-15-1.734801151067125375e-15j), (2.269062063621459196e-14+5.161730318492367991e-15j), (2.930620197287895660e-15-1.734801151067125375e-15j), (-8.274899418530346567e-07+2.517923914581994850e-06j)
 (-1.540636605107592251e-09+4.000899511993330035e-08j), (3.457750080837127572e-15+4.987233369299540041e-14j), (2.875634123154025364e-14+7.406432539845686449e-15j), (3.457750080837127572e-15+4.987233369299540041e-14j), (-1.540632202872969041e-09+4.000901324803290450e-08j), (3.637639923276552401e-15-2.588789693298149409e-15j), (2.875634123154025364e-14+7.406432539845686449e-15j), (3.637639923276552401e-15-2.588789693298149409e-15j), (-1.041280537053198652e-06+2.784937400002621508e-06j)
 (-1.995029517585911244e-09+4.551892837492154067e-08j), (4.476650591055695248e-15+5.679288154060522563e-14j), (3.624631947201806255e-14+1.057784404092775800e-14j), (4.476650591055695248e-15+5.679288154060522563e-14j), (-1.995023833267267781e-09+4.551894893664499193e-08j), (4.462935679294515272e-15-3.871532199339195298e-15j), (3.624631947201806255e-14+1.057784404092775800e-14j), (4.462935679294515272e-15-3.871532199339195298e-15j), (-1.300634063982123574e-06+3.057978035733692139e-06j)
 (-2.583000508735859854e-09+5.178010009089398381e-08j), (5.794455050372646841e-15+6.468181588008444273e-14j), (4.539020839689426401e-14+1.502233926920990098e-14j), (5.794455050372646841e-15+6.468181588008444273e-14j), (-2.582993176418474305e-09+5.178012338706156585e-08j), (5.395369480657114076e-15-5.802208081133117850e-15j), (4.539020839689426401e-14+1.502233926920990098e-14j), (5.395369480657114076e-15-5.802208081133117850e-15j), (-1.610173286325664190e-06+3.328630247637647585e-06j)
 (-3.343520613420625178e-09+5.889135954330697630e-08j), (7.497945648109921103e-15+7.367842310192132879e-14j), (5.640460254072884383e-14+2.119480643665138802e-14j), (7.497945648109921103e-15+7.367842310192132879e-14j), (-3.343511167797554905e-09+5.889138589851881399e-08j), (6.402025562545865980e-15-8.712708175567795911e-15j), (5.640460254072884383e-14+2.119480643665138802e-14j), (6.402025562545865980e-15-8.712708175567795911e-15j), (-1.972508572749189981e-06+3.586173052678259664e-06j)
 (-4.326730551124035653e-09+6.696287234775705376e-08j), (9.698489382025396882e-15+8.394376968337906020e-14j), (6.946901518551145895e-14+2.968372035424063245e-14j), (9.698489382025396882e-15+8.394376968337906020e-14j), (-4.326718403917318138e-09+6.696290210444737201e-08j), (7.418187316902796045e-15-1.310422677364142625e-14j), (6.946901518551145895e-14+2.968372035424063245e-14j), (7.418187316902796045e-15-1.310422677364142625e-14j), (-2.387146538692385086e-06+3.818093575784372848e-06j)
 (-5.597007743831143828e-09+7.611660182301825406e-08j), (1.253858913841186468e-14+9.566487943935953158e-14j), (8.469856436843125176e-14+4.124112156668469648e-14j), (1.253858913841186468e-14+9.566487943935953158e-14j), (-5.596992156992864531e-09+7.611663532962307528e-08j), (8.336253780236364649e-15-1.973016917390310808e-14j), (8.469856436843125176e-14+4.124112156668469648e-14j), (8.336253780236364649e-15-1.973016917390310808e-14j), (-2.849539658209290897e-06+4.011171178523616368e-06j)
 (-7.236785144681083794e-09+8.648637249438614252e-08j), (1.619989808428841430e-14+1.090600136228661008e-13j), (1.021178609786329748e-13+5.682045093406348917e-14j), (1.619989808428841430e-14+1.090600136228661008e-13j), (-7.236765201750042181e-09+8.648641008382000083e-08j), (8.995060005775879283e-15-2.971600871612412215e-14j), (1.021178609786329748e-13+5.682045093406348917e-14j), (8.995060005775879283e-15-2.971600871612412215e-14j), (-3.350611399977552787e-06+4.153091437696759408e-06j)
 (-9.351244569984881982e-09+9.821725436843158530e-08j), (2.091282467932601502e-14+1.243854302077161039e-13j), (1.216410964408872960e-13+7.762701382739781537e-14j), (2.091282467932601502e-14+1.243854302077161039e-13j), (-9.351219148714265232e-09+9.821729632063016120e-08j), (9.171412653133544826e-15-4.473020227983501819e-14j), (1.216410964408872960e-13+7.762701382739781537e-14j), (9.171412653133544826e-15-4.473020227983501819e-14j), (-3.877072988967352668e-06+4.234327683912799972e-06j)
 (-1.207398227077531731e-08+1.114638965202313354e-07j), (2.696770496345493690e-14+1.419441343509311723e-13j), (1.430631965872271021e-13+1.051864597970599763e-13j), (2.696770496345493690e-14+1.419441343509311723e-13j), (-1.207395002303375908e-08+1.114639429984651264e-07j), (8.575952601927494430e-15-6.722486619688272859e-14j), (1.430631965872271021e-13+1.051864597970599763e-13j), (8.575952601927494430e-15-6.722486619688272859e-14j), (-4.412666012222374173e-06+4.249827186109220341e-06j)
 (-1.557367761593867604e-08+1.263872968905222596e-07j), (3.472721714736435104e-14+1.620973068304602835e-13j), (1.660667223844805212e-13+1.414344993694305425e-13j), (3.472721714736435104e-14+1.620973068304602835e-13j), (-1.557363696540911115e-08+1.263873478344277141e-07j), (6.856015984386086809e-15-1.007701246005694746e-13j), (1.660667223844805212e-13+1.414344993694305425e-13j), (6.856015984386086809e-15-1.007701246005694746e-13j), (-4.940153577308119452e-06+4.199989763589720270e-06j)
 (-2.006165864070756794e-08+1.431493243522751440e-07j), (4.463916799577914404e-14+1.852793108702895812e-13j), (1.902543107705633118e-13+1.888272009479656563e-13j), (4.463916799577914404e-14+1.852793108702895812e-13j), (-2.006160781550237248e-08+1.431493792993102145e-07j), (3.610519105977415532e-15-1.505111766351777219e-13j), (1.902543107705633118e-13+1.888272009479656563e-13j), (3.610519105977415532e-15-1.505111766351777219e-13j), (-5.443582508320318568e-06+4.090605916643917968e-06j)
 (-2.580001075948322407e-08+1.619041246585951073e-07j), (5.724786142876888225e-14+2.120174164561596136e-13j), (2.152313264768032163e-13+2.504687462916276677e-13j), (5.724786142876888225e-14+2.120174164561596136e-13j), (-2.579994788550366077e-08+1.619041824472094048e-07j), (-1.572027064814830841e-15-2.237789351880493975e-13j), (2.152313264768032163e-13+2.504687462916276677e-13j), (-1.572027064814830841e-15-2.237789351880493975e-13j), (-5.910221183610894610e-06+3.931770190802572885e-06j)
 (-3.310946625472204269e-08+1.827853851107311867e-07j), (7.320080814564398058e-14+2.429576057367405270e-13j), (2.407930708069366918e-13+3.302614898272570011e-13j), (7.320080814564398058e-14+2.429576057367405270e-13j), (-3.310938954513408339e-08+1.827854433889563622e-07j), (-9.029842350106793216e-15-3.308787160187822139e-13j), (2.407930708069366918e-13+3.302614898272570011e-13j), (-9.029842350106793216e-15-3.308787160187822139e-13j), (-6.331714971774637117e-06+3.736125822060381984e-06j)
 (-4.237568935151115424e-08+2.058883892171472245e-07j), (9.324539679715985059e-14+2.788979503715281732e-13j), (2.673098106058826572e-13+4.331161876311128190e-13j), (9.324539679715985059e-14+2.788979503715281732e-13j), (-4.237559743376280850e-08+2.058884436346052262e-07j), (-1.885834412344812317e-14-4.860583489225828205e-13j), (2.673098106058826572e-13+4.331161876311128190e-13j), (-1.885834412344812317e-14-4.860583489225828205e-13j), (-6.704308473629247275e-06+3.516957491443825378e-06j)
 (-5.405170529745074870e-08+2.312460145662320518e-07j), (1.182072706370261911e-13+3.208309387947097622e-13j), (2.964324697550233249e-13+5.653402393225263046e-13j), (1.182072706370261911e-13+3.208309387947097622e-13j), (-5.405159771120886542e-08+2.312460574610034518e-07j), (-3.059231471701749861e-14-7.086061273486252944e-13j), (2.964324697550233249e-13+5.653402393225263046e-13j), (-3.059231471701749861e-14-7.086061273486252944e-13j), (-7.028287761104688272e-06+3.286583988958552405e-06j)
 (-6.865315986883068547e-08+2.587985499225195627e-07j), (1.489387915027898924e-13+3.699955837055784057e-13j), (3.322118291556154961e-13+7.354717986360060537e-13j), (1.489387915027898924e-13+3.699955837055784057e-13j), (-6.865303772451082384e-08+2.587985682270164846e-07j), (-4.265726564700719724e-14-1.023938204958583405e-12j), (3.322118291556154961e-13+7.354717986360060537e-13j), (-4.265726564700719724e-14-1.023938204958583405e-12j), (-7.306963826968162417e-06+3.055297611302522170e-06j)
 (-8.674205617051529082e-08+2.883587327606084043e-07j), (1.862230234607412980e-13+4.279389828458629957e-13j), (3.825336667519532418e-13+9.560493739301184093e-13j), (1.862230234607412980e-13+4.279389828458629957e-13j), (-8.674192284128432495e-08+2.883587047571896248e-07j), (-5.150716094509374072e-14-1.464397882316136137e-12j), (3.825336667519532418e-13+9.560493739301184093e-13j), (-5.150716094509374072e-14-1.464397882316136137e-12j), (-7.545526923483848458e-06+2.830881626875702813e-06j)
 (-1.088941081480834782e-07+3.195760042019768231e-07j), (2.306180979187774246e-13+4.965853189711558357e-13j), (4.602624799771426304e-13+1.247014238211103077e-12j), (2.306180979187774246e-13+4.965853189711558357e-13j), (-1.088939696246339142e-07+3.195758947069254806e-07j), (-5.041756608153980369e-14-2.069318861313746727e-12j), (4.602624799771426304e-13+1.247014238211103077e-12j), (-5.041756608153980369e-14-2.069318861313746727e-12j), (-7.750009909659563134e-06+2.618596151325457928e-06j)
 (-1.356457623506299033e-07+3.519076321018914648e-07j), (2.822318839775291914e-13+5.783088468322567417e-13j), (5.824978806545872572e-13+1.641348818057180291e-12j), (2.822318839775291914e-13+5.783088468322567417e-13j), (-1.356456264633606014e-07+3.519073857511653045e-07j), (-2.805404713988229060e-14-2.883754953746906976e-12j), (5.824978806545872572e-13+1.641348818057180291e-12j), (-2.805404713988229060e-14-2.883754953746906976e-12j), (-7.926483537742062843e-06+2.421471540330477652e-06j)
 (-1.674204273790009351e-07+3.846083534393608159e-07j), (3.404314164074107278e-13+6.760083012498503089e-13j), (7.649457431593838072e-13+2.192553246066916777e-12j), (3.404314164074107278e-13+6.760083012498503089e-13j), (-1.674203004796358766e-07+3.846078861725869421e-07j), (3.278755843410435270e-14-3.955267763300289860e-12j), (7.649457431593838072e-13+2.192553246066916777e-12j), (3.278755843410435270e-14-3.955267763300289860e-12j), (-8.080515719255732719e-06+2.240758442072931252e-06j)
 (-2.044403915014268670e-07+4.167526818788900753e-07j), (4.035172549333304764e-13+7.931868561309174741e-13j), (1.007346445456331544e-12+2.980832951302001690e-12j), (4.035172549333304764e-13+7.931868561309174741e-13j), (-2.044402705273978876e-07+4.167518717016944619e-07j), (1.555324312668784524e-13-5.328461631224638138e-12j), (1.007346445456331544e-12+2.980832951302001690e-12j), (1.555324312668784524e-13-5.328461631224638138e-12j), (-8.216872501300321604e-06+2.076419074641482704e-06j)
 (-2.466407764448096109e-07+4.473020286522184264e-07j), (4.684243392020816473e-13+9.340574010866104575e-13j), (1.267124594841424815e-12+4.110101629439363393e-12j), (4.684243392020816473e-13+9.340574010866104575e-13j), (-2.466406339401706886e-07+4.473007084573837782e-07j), (3.683912035630995671e-13-7.037691858063154190e-12j), (1.267124594841424815e-12+4.110101629439363393e-12j), (3.683912035630995671e-13-7.037691858063154190e-12j), (-8.339412553662897565e-06+1.927582393393683925e-06j)
 (-2.936114369204522952e-07+4.752193562782761936e-07j), (5.305299923398163511e-13+1.103714813336514971e-12j), (1.424812900008072607e-12+5.682863473937680644e-12j), (5.305299923398163511e-13+1.103714813336514971e-12j), (-2.936111971847449742e-07+4.752173137545814551e-07j), (7.007732428982883187e-13-9.099402310725493924e-12j), (1.424812900008072607e-12+5.682863473937680644e-12j), (7.007732428982883187e-13-9.099402310725493924e-12j), (-8.451117977604982861e-06+1.792918893602347203e-06j)
 (-3.445958793357972472e-07+4.996169948202980176e-07j), (5.836280377080199562e-13+1.308427963646351104e-12j), (1.257880758959468588e-12+7.740166105832902355e-12j), (5.836280377080199562e-13+1.308427963646351104e-12j), (-3.445953860451616199e-07+4.996139865178314401e-07j), (1.178710290601675162e-12-1.150617420019454985e-11j), (1.257880758959468588e-12+7.740166105832902355e-12j), (1.178710290601675162e-12-1.150617420019454985e-11j), (-8.554205830237948026e-06+1.670918174343740187e-06j)
 (-3.985667623038922952e-07+5.199037805318128560e-07j), (6.200445108597158211e-13+1.556067455758113089e-12j), (4.550459856261500251e-13+1.016706784589166954e-11j), (6.200445108597158211e-13+1.556067455758113089e-12j), (-3.985657417538798210e-07+5.198995676859900746e-07j), (1.822539427152662923e-12-1.422360138541919697e-11j), (4.550459856261500251e-13+1.016706784589166954e-11j), (1.822539427152662923e-12-1.422360138541919697e-11j), (-8.650274296653441807e-06+1.560073139109849133e-06j)
 (-4.543742669498314349e-07+5.358863300663189651e-07j), (6.307437766282717693e-13+1.856554221913192797e-12j), (-1.292387320736990801e-12+1.259423473363714656e-11j), (6.307437766282717693e-13+1.856554221913192797e-12j), (-4.543722954401650372e-07+5.358807416499640017e-07j), (2.650913754926655623e-12-1.718779678448597124e-11j), (-1.292387320736990801e-12+1.259423473363714656e-11j), (2.650913754926655623e-12-1.718779678448597124e-11j), (-8.740451536561741198e-06+1.458986791346834551e-06j)
 (-5.109348097858754852e-07+5.477859659157467857e-07j), (6.051845780235820927e-13+2.221967123918228330e-12j), (-4.109676253676562327e-12+1.436297132637563175e-11j), (6.051845780235820927e-13+2.221967123918228330e-12j), (-5.109312966069301022e-07+5.477789897099916828e-07j), (3.692172082712661914e-12-2.029696030254153197e-11j), (-4.109676253676562327e-12+1.436297132637563175e-11j), (3.692172082712661914e-12-2.029696030254153197e-11j), (-8.825528820214812185e-06+1.366421109348448790e-06j)
 (-5.674080571467873846e-07+5.561584537154228986e-07j), (5.307548048777629834e-13+2.665632579164634356e-12j), (-7.714638924656198331e-12+1.463629030366697062e-11j), (5.307548048777629834e-13+2.665632579164634356e-12j), (-5.674022545997138146e-07+5.561503509432383798e-07j), (4.996227961347256409e-12-2.338905663741410709e-11j), (-7.714638924656198331e-12+1.463629030366697062e-11j), (4.996227961347256409e-12-2.338905663741410709e-11j), (-8.906069056585181750e-06+1.281305875043138695e-06j)
 (-6.233115747878643935e-07+5.617369954612497842e-07j), (3.919319682837707878e-13+3.199283199618964486e-12j), (-1.126937782807064847e-11+1.270045203202299809e-11j), (3.919319682837707878e-13+3.199283199618964486e-12j), (-6.233026243542271855e-07+5.617284313263753083e-07j), (6.630684312164504995e-12-2.620412318341034620e-11j), (-1.126937782807064847e-11+1.270045203202299809e-11j), (6.630684312164504995e-12-2.620412318341034620e-11j), (-8.982487173561242260e-06+1.202722592757098316e-06j)
 (-6.785440643672593097e-07+5.652433205927832205e-07j), (1.698589024359750773e-13+3.827454157557898554e-12j), (-1.346384407932714944e-11+8.399715384800491871e-12j), (1.698589024359750773e-13+3.827454157557898554e-12j), (-6.785310864388298206e-07+5.652355023613409068e-07j), (8.641469619741777351e-12-2.834536178657942645e-11j), (-1.346384407932714944e-11+8.399715384800491871e-12j), (8.641469619741777351e-12-2.834536178657942645e-11j), (-9.055102094971227564e-06+1.129876655265144916e-06j)
 (-7.333179030865234308e-07+5.672171118449951665e-07j), (-1.564021335813924142e-13+4.538955813895628867e-12j), (-1.293548452632073553e-11+2.515730925850326275e-12j), (-1.564021335813924142e-13+4.538955813895628867e-12j), (-7.333001385753316772e-07+5.672119244629030816e-07j), (1.096919712163093831e-11-2.927191342103319214e-11j), (-1.293548452632073553e-11+2.515730925850326275e-12j), (1.096919712163093831e-11-2.927191342103319214e-11j), (-9.124163113811990507e-06+1.062069493640183843e-06j)
 (-7.880256823074126116e-07+5.679022443167733654e-07j), (-6.054327506919352175e-13+5.296675488026532998e-12j), (-8.967507551168526531e-12-3.179267940627782006e-12j), (-6.054327506919352175e-13+5.296675488026532998e-12j), (-7.880026950598246110e-07+5.679023663968051866e-07j), (1.334021169035703087e-11-2.836466027528525350e-11j), (-8.967507551168526531e-12-3.179267940627782006e-12j), (1.334021169035703087e-11-2.836466027528525350e-11j), (-9.189857108056251182e-06+9.986804060087720157e-07j)
 (-8.430767843425082377e-07+5.672088714107504585e-07j), (-1.184871971533238502e-12+6.028908142906089926e-12j), (-2.186664581926035079e-12-6.406485729055708603e-12j), (-1.184871971533238502e-12+6.028908142906089926e-12j), (-8.430487265806463324e-07+5.672178425744286015e-07j), (1.518651685797210380e-11-2.508943232761179551e-11j), (-2.186664581926035079e-12-6.406485729055708603e-12j), (1.518651685797210380e-11-2.508943232761179551e-11j), (-9.252306795573209746e-06+9.391636344347373844e-07j)
 (-8.987402323063660011e-07+5.647521090179471445e-07j), (-1.879303720653571403e-12+6.627070432022309619e-12j), (5.169300729220942935e-12-5.368119291673048181e-12j), (-1.879303720653571403e-12+6.627070432022309619e-12j), (-8.987081587462880335e-07+5.647743117234227445e-07j), (1.566869651543653730e-11-1.923417081862399237e-11j), (5.169300729220942935e-12-5.368119291673048181e-12j), (1.566869651543653730e-11-1.923417081862399237e-11j), (-9.311571973018496450e-06+8.830595471787720925e-07j)
 (-9.550241898715191212e-07+5.599545729825209457e-07j), (-2.637606444028458835e-12+6.954673874833584131e-12j), (9.767150901869596764e-12+1.429217056403663097e-13j), (-2.637606444028458835e-12+6.954673874833584131e-12j), (-9.549903884522874647e-07+5.599950951365309444e-07j), (1.385416229884160436e-11-1.113449619897993009e-11j), (9.767150901869596764e-12+1.429217056403663097e-13j), (1.385416229884160436e-11-1.113449619897993009e-11j), (-9.367663017635916020e-06+8.300115353823520639e-07j)
 (-1.011614276140643141e-06+5.521905668192145441e-07j), (-3.364827775842096359e-12+6.869697637933373928e-12j), (8.467053789894411729e-12+8.126495158003906018e-12j), (-3.364827775842096359e-12+6.869697637933373928e-12j), (-1.011582574271733757e-06+5.522549188092902556e-07j), (9.031502897647288408e-12-1.765183070134055031e-12j), (8.467053789894411729e-12+8.126495158003906018e-12j), (9.031502897647288408e-12-1.765183070134055031e-12j), (-9.420568873024136327e-06+7.797764130767207734e-07j)
 (-1.067882796609230388e-06+5.409426973461876211e-07j), (-3.923945037176690338e-12+6.257240217980867058e-12j), (-1.161186885422815886e-13+1.475928522022909958e-11j), (-3.923945037176690338e-12+6.257240217980867058e-12j), (-1.067858792187576922e-06+5.410363576188200891e-07j), (1.050256876588320692e-12+7.396606220363167754e-12j), (-1.161186885422815886e-13+1.475928522022909958e-11j), (1.050256876588320692e-12+7.396606220363167754e-12j), (-9.470293663567754512e-06+7.322182816132663454e-07j)
 (-1.122967822775589785e-06+5.259376637892723439e-07j), (-4.150483914143477962e-12+5.063717072616295780e-12j), (-1.457585689589131865e-11+1.580350134782198481e-11j), (-4.150483914143477962e-12+5.063717072616295780e-12j), (-1.122958957639982063e-06+5.260654354516653991e-07j), (-9.475907128322334697e-12+1.473250719446883085e-11j), (-1.457585689589131865e-11+1.580350134782198481e-11j), (-9.475907128322334697e-12+1.473250719446883085e-11j), (-9.516891152306878744e-06+6.872827105811572801e-07j)
 (-1.175904978501122367e-06+5.072301653835516984e-07j), (-3.878519104495921512e-12+3.321120727820726181e-12j), (-3.083753583510312130e-11+8.466418400129461512e-12j), (-3.878519104495921512e-12+3.321120727820726181e-12j), (-1.175920329931226315e-06+5.073953820532390723e-07j), (-2.122772352881572677e-11+1.894635158903365995e-11j), (-3.083753583510312130e-11+8.466418400129461512e-12j), (-2.122772352881572677e-11+1.894635158903365995e-11j), (-9.560486238346100666e-06+6.449558810880641231e-07j)
 (-1.225780020626168817e-06+4.852155540041404215e-07j), (-2.972159520286227933e-12+1.152059431774299945e-12j), (-4.350607909426019558e-11-7.178104695302480243e-12j), (-2.972159520286227933e-12+1.152059431774299945e-12j), (-1.225829696212931293e-06+4.854192818918443791e-07j), (-3.250919742811681390e-11+1.944361631409624633e-11j), (-4.350607909426019558e-11-7.178104695302480243e-12j), (-3.250919742811681390e-11+1.944361631409624633e-11j), (-9.601276578656805691e-06+6.052188562971175007e-07j)
 (-1.271864033001255223e-06+4.605718423034863057e-07j), (-1.354445714179623654e-12-1.247315312904400140e-12j), (-4.786763935022792806e-11-2.790517578501546896e-11j), (-1.354445714179623654e-12-1.247315312904400140e-12j), (-1.271958165254543595e-06+4.608123148706330171e-07j), (-4.172634784508304879e-11+1.647465312060024497e-11j), (-4.786763935022792806e-11-2.790517578501546896e-11j), (-4.172634784508304879e-11+1.647465312060024497e-11j), (-9.639513375364727851e-06+5.680092147628501241e-07j)
 (-1.313700261040811541e-06+4.341524973338791707e-07j), (9.735241723184095624e-13-3.641986358383692227e-12j), (-4.166778344401445158e-11-4.832492759569704723e-11j), (9.735241723184095624e-13-3.641986358383692227e-12j), (-1.313847768695317149e-06+4.344249932524482720e-07j), (-4.782985400662875168e-11+1.099891358528591627e-11j), (-4.166778344401445158e-11-4.832492759569704723e-11j), (-4.782985400662875168e-11+1.099891358528591627e-11j), (-9.675466921463735838e-06+5.332007468124256059e-07j)
 (-1.351129947034104269e-06+4.068633290380098995e-07j), (3.927394084621184303e-12-5.800794311832275040e-12j), (-2.594803642372772647e-11-6.268794938261273232e-11j), (3.927394084621184303e-12-5.800794311832275040e-12j), (-1.351337346331413747e-06+4.071605494460483249e-07j), (-5.056355209205950209e-11+4.345176761436535345e-12j), (-2.594803642372772647e-11-6.268794938261273232e-11j), (-5.056355209205950209e-11+4.345176761436535345e-12j), (-9.709387987321905020e-06+5.006067499871600893e-07j)
 (-1.384264908959299116e-06+3.795546901254968780e-07j), (7.348855987314895676e-12-7.536374962425763532e-12j), (-4.690890676085710908e-12-6.676082391244935064e-11j), (7.348855987314895676e-12-7.536374962425763532e-12j), (-1.384535439023637679e-06+3.798674993051041856e-07j), (-5.045341022757945057e-11-2.191048655963097444e-12j), (-4.690890676085710908e-12-6.676082391244935064e-11j), (-5.045341022757945057e-11-2.191048655963097444e-12j), (-9.741478206874822153e-06+4.700044854601163076e-07j)
 (-1.413427537949830067e-06+3.529472968493067863e-07j), (1.102696826859770933e-11-8.733387038824737137e-12j), (1.648270709602243063e-11-5.909215686593727180e-11j), (1.102696826859770933e-11-8.733387038824737137e-12j), (-1.413760729326794495e-06+3.532655776998701138e-07j), (-4.857379549997205389e-11-7.675228178978845737e-12j), (1.648270709602243063e-11-5.909215686593727180e-11j), (-4.857379549997205389e-11-7.675228178978845737e-12j), (-9.771879346791159928e-06+4.411702842483739329e-07j)
 (-1.439080542240410450e-06+3.275945215042957550e-07j), (1.472672554429358029e-11-9.359833189083732537e-12j), (3.201539956267435056e-11-4.131252667176871866e-11j), (1.472672554429358029e-11-9.359833189083732537e-12j), (-1.439472196639501283e-06+3.279079131434350001e-07j), (-4.619584185871982282e-11-1.170200595495795764e-11j), (3.201539956267435056e-11-4.131252667176871866e-11j), (-4.619584185871982282e-11-1.170200595495795764e-11j), (-9.800683199774812133e-06+4.139106748002118661e-07j)
 (-1.461761965515104362e-06+3.038733485017758617e-07j), (1.821889030567462571e-11-9.460670135957199908e-12j), (3.792526822044703292e-11-1.750157336273893326e-11j), (1.821889030567462571e-11-9.460670135957199908e-12j), (-1.462204411698373759e-06+3.041717435225404217e-07j), (-4.444004407055151078e-11-1.438821170161283570e-11j), (3.792526822044703292e-11-1.750157336273893326e-11j), (-4.444004407055151078e-11-1.438821170161283570e-11j), (-9.827954584060725666e-06+3.880776319467423314e-07j)
 (-1.482031744190628699e-06+2.819930036426496016e-07j), (2.130538707883498288e-11-9.136993761990771355e-12j), (3.271042714709584517e-11+7.048320624555291020e-12j), (2.130538707883498288e-11-9.136993761990771355e-12j), (-1.482514220557649131e-06+2.822668137041339682e-07j), (-4.402851273273960802e-11-1.623109806628125772e-11j), (3.271042714709584517e-11+7.048320624555291020e-12j), (-4.402851273273960802e-11-1.623109806628125772e-11j), (-9.853754753689849974e-06+3.635647318846216394e-07j)
 (-1.500429328712852493e-06+2.620127938835706351e-07j), (2.383656512645871251e-11-8.516867865182203633e-12j), (1.750090449765249661e-11+2.722486855066109024e-11j), (2.383656512645871251e-11-8.516867865182203633e-12j), (-1.500938397825291677e-06+2.622530850614976921e-07j), (-4.518178435182936511e-11-1.790009099855790924e-11j), (1.750090449765249661e-11+2.722486855066109024e-11j), (-4.518178435182936511e-11-1.790009099855790924e-11j), (-9.878154523037512572e-06+3.402908227551344806e-07j)
 (-1.517439607806816317e-06+2.438652644370217241e-07j), (2.571963518561603890e-11-7.724670707308063206e-12j), (-4.442109293623875291e-12+3.925472509829745943e-11j), (2.571963518561603890e-11-7.724670707308063206e-12j), (-1.517959590124413116e-06+2.440638949525239858e-07j), (-4.765451055416599113e-11-2.002903168243827150e-11j), (-4.442109293623875291e-12+3.925472509829745943e-11j), (-4.765451055416599113e-11-2.002903168243827150e-11j), (-9.901234137969102908e-06+3.181830798309801441e-07j)
 (-1.533465725321428129e-06+2.273842579782064272e-07j), (2.692015352888162234e-11-6.854863805193921903e-12j), (-2.863878888244279702e-11+4.139338518471045297e-11j), (2.692015352888162234e-11-6.854863805193921903e-12j), (-1.533979209636917866e-06+2.275341255793607500e-07j), (-5.087093725446086645e-11-2.305603710400745976e-11j), (-2.863878888244279702e-11+4.139338518471045297e-11j), (-5.087093725446086645e-11-2.305603710400745976e-11j), (-9.923075321572060286e-06+2.971693128608875997e-07j)
 (-1.548810205612600445e-06+2.123383352470576760e-07j), (2.745938685934058284e-11-5.954292303292029175e-12j), (-5.044384212826226753e-11+3.407637165994280575e-11j), (2.745938685934058284e-11-5.954292303292029175e-12j), (-1.549298723608807958e-06+2.124337752871862422e-07j), (-5.410913499590530021e-11-2.713402633517493338e-11j), (-5.044384212826226753e-11+3.407637165994280575e-11j), (-5.410913499590530021e-11-2.713402633517493338e-11j), (-9.943754826278981964e-06+2.771820555196838707e-07j)
 (-1.563667824878984214e-06+1.984683465422767780e-07j), (2.740959395295680112e-11-5.015397893285748528e-12j), (-6.600532660441256618e-11+1.958492448422580576e-11j), (2.740959395295680112e-11-5.015397893285748528e-12j), (-1.564112750453803478e-06+1.985056351386054179e-07j), (-5.668611728465894483e-11-3.211587277252972945e-11j), (-6.600532660441256618e-11+1.958492448422580576e-11j), (-5.668611728465894483e-11-3.211587277252972945e-11j), (-9.963346278098618691e-06+2.581692031617338034e-07j)
 (-1.578133221311491808e-06+1.855249638873167888e-07j), (2.688755708210673487e-11-3.981249581343688893e-12j), (-7.295220188321483685e-11+1.357480493519528690e-12j), (2.688755708210673487e-11-3.981249581343688893e-12j), (-1.578516874325785407e-06+1.855028032774501056e-07j), (-5.810585624927180077e-11-3.760503629032211019e-11j), (-7.295220188321483685e-11+1.357480493519528690e-12j), (-5.810585624927180077e-11-3.760503629032211019e-11j), (-9.981930275591651574e-06+2.401023781091606130e-07j)
 (-1.592222906192627845e-06+1.732996704338181585e-07j), (2.604529103457262011e-11-2.761695222782493069e-12j), (-7.069995833266579275e-11-1.687181856983870588e-11j), (2.604529103457262011e-11-2.761695222782493069e-12j), (-1.592529738019315616e-06+1.732195026179030229e-07j), (-5.814482078074551966e-11-4.305237423352746215e-11j), (-7.069995833266579275e-11-1.687181856983870588e-11j), (-5.814482078074551966e-11-4.305237423352746215e-11j), (-9.999606224105640751e-06+2.229763828831412540e-07j)
 (-1.605906461288033963e-06+1.616429673241805785e-07j), (2.505656185596917064e-11-1.257968307124402985e-12j), (-6.034522901768938257e-11-3.190182670989351199e-11j), (2.505656185596917064e-11-1.257968307124402985e-12j), (-1.606124133727397745e-06+1.615089999292521758e-07j), (-5.686519273298095795e-11-4.787201487039934996e-11j), (-6.034522901768938257e-11-3.190182670989351199e-11j), (-5.686519273298095795e-11-4.787201487039934996e-11j), (-1.001649725611965435e-05+2.067989967190755542e-07j)
 (-1.619138050729278267e-06+1.504669981805706816e-07j), (2.409870898064310513e-11+6.088636287663080871e-13j), (-4.421487967890495339e-11-4.167098645242002261e-11j), (2.409870898064310513e-11+6.088636287663080871e-13j), (-1.619258238006243291e-06+1.502859173231003106e-07j), (-5.456369954077480519e-11-5.154723209841030171e-11j), (-4.421487967890495339e-11-4.167098645242002261e-11j), (-5.456369954077480519e-11-5.154723209841030171e-11j), (-1.003274279413328625e-05+1.915760062152689663e-07j)
 (-1.631879472299784510e-06+1.397349296815121818e-07j), (2.333075353551916834e-11+2.871382366525990611e-12j), (-2.521641498335254714e-11-4.551971249707697025e-11j), (2.333075353551916834e-11+2.871382366525990611e-12j), (-1.631898312517797606e-06+1.395153667098557164e-07j), (-5.167949990321932395e-11-5.370434132051842320e-11j), (-2.521641498335254714e-11-4.551971249707697025e-11j), (-5.167949990321932395e-11-5.370434132051842320e-11j), (-1.004847963932178946e-05+1.772985993598131435e-07j)
 (-1.644110160399660923e-06+1.294434754675795302e-07j), (2.287031540654494584e-11+5.496881526329403616e-12j), (-6.171925474051951406e-12-4.408759076115940962e-11j), (2.287031540654494584e-11+5.496881526329403616e-12j), (-1.644028394500088605e-06+1.291953381436045316e-07j), (-4.869186354162864151e-11-5.414655963105839565e-11j), (-6.171925474051951406e-12-4.408759076115940962e-11j), (-4.869186354162864151e-11-5.414655963105839565e-11j), (-1.006381833547604291e-05+1.639384632510690696e-07j)
 (-1.655825515789756587e-06+1.196057708361222417e-07j), (2.277315572766388127e-11+8.380309559746244668e-12j), (1.070453341234516554e-11-3.892264039278686759e-11j), (2.277315572766388127e-11+8.380309559746244668e-12j), (-1.655648404593484341e-06+1.193395350739869673e-07j), (-4.603498280605895158e-11-5.285356941884883152e-11j), (1.070453341234516554e-11-3.892264039278686759e-11j), (-4.603498280605895158e-11-5.285356941884883152e-11j), (-1.007882411325064772e-05+1.514517210123337979e-07j)
 (-1.667029307505354461e-06+1.102393692757949340e-07j), (2.301998997362087659e-11+1.135116237791748665e-11j), (2.408991137200945358e-11-3.194320973727332364e-11j), (2.301998997362087659e-11+1.135116237791748665e-11j), (-1.666766384393037370e-06+1.099653873647731439e-07j), (-4.404586354078657549e-11-4.995995642157523100e-11j), (2.408991137200945358e-11-3.194320973727332364e-11j), (-4.404586354078657549e-11-4.995995642157523100e-11j), (-1.009350989860961567e-05+1.397886329158673680e-07j)
 (-1.677726521109623224e-06+1.013602962868741947e-07j), (2.351506823519399825e-11+1.419357656932418293e-11j), (3.357600562850392327e-11-2.490960962350189625e-11j), (2.351506823519399825e-11+1.419357656932418293e-11j), (-1.677391158205567411e-06+1.010881521091045608e-07j), (-4.294737010779992044e-11-4.572548575010825085e-11j), (3.357600562850392327e-11-2.490960962350189625e-11j), (-4.294737010779992044e-11-4.572548575010825085e-11j), (-1.010784355116566623e-05+1.289037401015290324e-07j)
 (-1.687920200762992218e-06+9.298113855595871887e-08j), (2.409924342475051919e-11+1.667591759197619914e-11j), (3.948182662678397581e-11-1.903682057485360235e-11j), (2.409924342475051919e-11+1.667591759197619914e-11j), (-1.687528909746870544e-06+9.271908464528270740e-08j), (-4.285705895214913615e-11-4.050533992127335253e-11j), (3.948182662678397581e-11-1.903682057485360235e-11j), (-4.285705895214913615e-11-4.050533992127335253e-11j), (-1.012176522886214728e-05+1.187616657690969998e-07j)
 (-1.697611832474847723e-06+8.511034251715692774e-08j), (2.457679512482899138e-11+1.858393030230365532e-11j), (4.254629978801482587e-11-1.482340474586576699e-11j), (2.457679512482899138e-11+1.858393030230365532e-11j), (-1.697183236178610867e-06+8.486487201262577862e-08j), (-4.380644337766182320e-11-3.472271945599580108e-11j), (4.254629978801482587e-11-1.482340474586576699e-11j), (-4.380644337766182320e-11-3.472271945599580108e-11j), (-1.013520680174365127e-05+1.093365490935823839e-07j)
 (-1.706802322453762183e-06+7.775100429234659964e-08j), (2.475119940098802145e-11+1.975096092292701532e-11j), (4.360669082072677559e-11-1.210201623508002982e-11j), (2.475119940098802145e-11+1.975096092292701532e-11j), (-1.706355819904751905e-06+7.752661613883396753e-08j), (-4.575598944832721026e-11-2.884176263683991390e-11j), (4.360669082072677559e-11-1.210201623508002982e-11j), (-4.575598944832721026e-11-2.884176263683991390e-11j), (-1.014810569285854347e-05+1.006064262380320651e-07j)
 (-1.715490983457472684e-06+7.089917824330414155e-08j), (2.446201324234846558e-11+2.008005838457463400e-11j), (4.335016318849837162e-11-1.025502021825070924e-11j), (2.446201324234846558e-11+2.008005838457463400e-11j), (-1.715045247251871400e-06+7.069837159094380978e-08j), (-4.859777241428107194e-11-2.333651240952592509e-11j), (4.335016318849837162e-11-1.025502021825070924e-11j), (-4.859777241428107194e-11-2.333651240952592509e-11j), (-1.016040987675775566e-05+9.254599112626337072e-08j)
 (-1.723672407667620224e-06+6.454280950511936933e-08j), (2.361431503454465801e-11+1.955507396188067524e-11j), (4.218559832990784003e-11-8.503472654254505970e-12j), (2.361431503454465801e-11+1.955507396188067524e-11j), (-1.723243943882516349e-06+6.436629888898227165e-08j), (-5.214745010590247041e-11-1.865237248744334120e-11j), (4.218559832990784003e-11-8.503472654254505970e-12j), (-5.214745010590247041e-11-1.865237248744334120e-11j), (-1.017207605970705573e-05+8.512119426586193757e-08j)
 (-1.731333564203398912e-06+5.866228035045525241e-08j), (2.219392074112795442e-11+1.824007432758351762e-11j), (4.023726293963859977e-11-6.176129705637967015e-12j), (2.219392074112795442e-11+1.824007432758351762e-11j), (-1.730935588465213308e-06+5.850937505164904010e-08j), (-5.613554631394454991e-11-1.516046196552296439e-11j), (4.023726293963859977e-11-6.176129705637967015e-12j), (-5.613554631394454991e-11-1.516046196552296439e-11j), (-1.018306601866392829e-05+7.828751530104830119e-08j)
 (-1.738454037722631110e-06+5.323262834581876820e-08j), (2.026530041237803360e-11+1.626801393844710253e-11j), (3.742723022775252748e-11-2.890654063338333747e-12j), (2.026530041237803360e-11+1.626801393844710253e-11j), (-1.738095859575267554e-06+5.310168656536184228e-08j), (-6.021087533454016980e-11-1.311112100713950224e-11j), (3.742723022775252748e-11-2.890654063338333747e-12j), (-6.021087533454016980e-11-1.311112100713950224e-11j), (-1.019334531643129641e-05+7.199173347918022112e-08j)
 (-1.745010656735358989e-06+4.822655564750583915e-08j), (1.795375382105365509e-11+1.382095513897851883e-11j), (3.359778781811779664e-11+1.381944968367596692e-12j), (1.795375382105365509e-11+1.382095513897851883e-11j), (-1.744697634809861640e-06+4.811541883775337569e-08j), (-6.396485580551745921e-11-1.259744581025613588e-11j), (3.359778781811779664e-11+1.381944968367596692e-12j), (-6.396485580551745921e-11-1.259744581025613588e-11j), (-1.020288539183427771e-05+6.617576477597989353e-08j)
 (-1.750985098480332893e-06+4.361703229626198548e-08j), (1.541760021369856106e-11+1.110538516946618779e-11j), (2.862779379064965871e-11+6.360339416834884835e-12j), (1.541760021369856106e-11+1.110538516946618779e-11j), (-1.750719080677292833e-06+4.352336828821605974e-08j), (-6.697665939969995472e-11-1.354004115512465247e-11j), (2.862779379064965871e-11+6.360339416834884835e-12j), (-6.697665939969995472e-11-1.354004115512465247e-11j), (-1.021166701883022908e-05+6.078103572034774962e-08j)
 (-1.756371252064904044e-06+3.937870091489927353e-08j), (1.281836890625555278e-11+8.326957327971197988e-12j), (2.251193973099927536e-11+1.156716690043670906e-11j), (1.281836890625555278e-11+8.326957327971197988e-12j), (-1.756151309747121913e-06+3.930022573454164824e-08j), (-6.887017565767284334e-11-1.569942395797502602e-11j), (2.251193973099927536e-11+1.156716690043670906e-11j), (-6.887017565767284334e-11-1.569942395797502602e-11j), (-1.021968237116031397e-05+5.575251575441253212e-08j)
 (-1.761179271859671368e-06+3.548804031050899002e-08j), (1.029635425995984091e-11+5.668684542723732233e-12j), (1.539097498001548307e-11+1.646831756414855809e-11j), (1.029635425995984091e-11+5.668684542723732233e-12j), (-1.761002514070201422e-06+3.542262981551674700e-08j), (-6.936877313115895790e-11-1.871488779291108798e-11j), (1.539097498001548307e-11+1.646831756414855809e-11j), (-6.936877313115895790e-11-1.871488779291108798e-11j), (-1.022693446451061851e-05+5.104217407396990888e-08j)
 (-1.765435044372818726e-06+3.192283380157209051e-08j), (7.955908751776946584e-12+3.275240208039047075e-12j), (7.537079933795895309e-12+2.059677847999687947e-11j), (7.955908751776946584e-12+3.275240208039047075e-12j), (-1.765297351469010703e-06+3.186856167209717294e-08j), (-6.833434038102231473e-11-2.216155577427874850e-11j), (7.537079933795895309e-12+2.059677847999687947e-11j), (-6.833434038102231473e-11-2.216155577427874850e-11j), (-1.023343492935191435e-05+4.661177313776775607e-08j)
 (-1.769175950423532504e-06+2.866162600807575643e-08j), (5.861109533803747461e-12+1.244312111047280391e-12j), (-6.919350901349745210e-13+2.363568589052651319e-11j), (5.861109533803747461e-12+1.244312111047280391e-12j), (-1.769072554206710660e-06+2.861676823040625238e-08j), (-6.578196654269571477e-11-2.561327488310354309e-11j), (-6.919350901349745210e-13+2.363568589052651319e-11j), (-6.578196654269571477e-11-2.561327488310354309e-11j), (-1.023920210681918839e-05+4.243464990615297476e-08j)
 (-1.772445120260472742e-06+2.568358796807426405e-08j), (4.039577374515221006e-12-3.752841750755474082e-13j), (-8.912675222537844012e-12+2.545195115796331003e-11j), (4.039577374515221006e-12-3.752841750755474082e-13j), (-1.772371032216346951e-06+2.564662099682682557e-08j), (-6.186848554582894349e-11-2.869870161764057834e-11j), (-8.912675222537844012e-12+2.545195115796331003e-11j), (-6.186848554582894349e-11-2.869870161764057834e-11j), (-1.024426079964534519e-05+3.849593930459861292e-08j)
 (-1.775286404272427808e-06+2.296880423482460408e-08j), (2.490981497435111246e-12-1.579602684585355795e-12j), (-1.677447544893219144e-11+2.608519379634939187e-11j), (2.490981497435111246e-12-1.579602684585355795e-12j), (-1.775236728252083565e-06+2.293840575764442880e-08j), (-5.685964870785836972e-11-3.114085191302955435e-11j), (-1.677447544893219144e-11+2.608519379634939187e-11j), (-5.685964870785836972e-11-3.114085191302955435e-11j), (-1.024864347457856539e-05+3.479093305991414642e-08j)
 (-1.777741345511683171e-06+2.049870803264769714e-08j), (1.196908624324994579e-12-2.400859379423275597e-12j), (-2.400346963517949454e-11+2.570519582561900169e-11j), (1.196908624324994579e-12-2.400859379423275597e-12j), (-1.777711508172502037e-06+2.047375603266482989e-08j), (-5.108511275134456854e-11-3.277534151288837022e-11j), (-2.400346963517949454e-11+2.570519582561900169e-11j), (-5.108511275134456854e-11-3.277534151288837022e-11j), (-1.025239158822682850e-05+3.132186960747119351e-08j)
 (-1.779848243959276537e-06+1.825634408459282505e-08j), (1.296863384874349735e-13-2.895656350381724583e-12j), (-3.042524753310500081e-11+2.455474244674858348e-11j), (1.296863384874349735e-13-2.895656350381724583e-12j), (-1.779834156603257194e-06+1.823590652993335054e-08j), (-4.489174009460866212e-11-3.354798544999784330e-11j), (-3.042524753310500081e-11+2.455474244674858348e-11j), (-4.489174009460866212e-11-3.354798544999784330e-11j), (-1.025555568078081770e-05+2.809401232450050303e-08j)
 (-1.781642571398300481e-06+1.622629143749132873e-08j), (-7.411219336014675658e-13-3.132294918130045081e-12j), (-3.596530111761909373e-11+2.289393917905263370e-11j), (-7.411219336014675658e-13-3.132294918130045081e-12j), (-1.781640722960449318e-06+1.620960359809528124e-08j), (-3.860391500291435046e-11-3.349676488981113570e-11j), (-3.596530111761909373e-11+2.289393917905263370e-11j), (-3.860391500291435046e-11-3.349676488981113570e-11j), (-1.025819370019275580e-05+2.511203560439427614e-08j)
 (-1.783157793419785110e-06+1.439429045806126930e-08j), (-1.444823973163845206e-12-3.179480967165868401e-12j), (-4.063226219431057423e-11+2.095763260692751941e-11j), (-1.444823973163845206e-12-3.179480967165868401e-12j), (-1.783165275678126383e-06+1.438072373133679895e-08j), (-3.249582581594405341e-11-3.272528465031151422e-11j), (-4.063226219431057423e-11+2.095763260692751941e-11j), (-3.249582581594405341e-11-3.272528465031151422e-11j), (-1.026036795220894254e-05+2.237746235424444250e-08j)
 (-1.784425945973519536e-06+1.274675559246322634e-08j), (-2.007869936042626476e-12-3.098187023445221191e-12j), (-4.449219343278956147e-11+1.893113461618905405e-11j), (-2.007869936042626476e-12-3.098187023445221191e-12j), (-1.784440422815997983e-06+1.273578556515177432e-08j), (-2.677670791245233141e-11-3.137461312085169925e-11j), (-4.449219343278956147e-11+1.893113461618905405e-11j), (-2.677670791245233141e-11-3.137461312085169925e-11j), (-1.026214156285532134e-05+1.988741111228609877e-08j)
 (-1.785477756627092250e-06+1.127036726406236301e-08j), (-2.453511655120974861e-12-2.937364085867423204e-12j), (-4.764221714948739207e-11+1.694330288889909923e-11j), (-2.453511655120974861e-12-2.937364085867423204e-12j), (-1.785497398033896331e-06+1.126154781972382886e-08j), (-2.158728132159500152e-11-2.959850799873745553e-11j), (-4.764221714948739207e-11+1.694330288889909923e-11j), (-2.158728132159500152e-11-2.959850799873745553e-11j), (-1.026357529496566905e-05+1.763449045476751430e-08j)
 (-1.786342413794794055e-06+9.951856831615272540e-09j), (-2.802085164666645188e-12-2.733084118859886236e-12j), (-5.018918539133636058e-11+1.507203665813152202e-11j), (-2.802085164666645188e-12-2.733084118859886236e-12j), (-1.786365815613782878e-06+9.944803259059938880e-09j), (-1.700446400711501778e-11-2.754468658704243572e-11j), (-5.018918539133636058e-11+1.507203665813152202e-11j), (-1.700446400711501778e-11-2.754468658704243572e-11j), (-1.026472521108361934e-05+1.560745989860861413e-08j)
 (-1.787047187753175309e-06+8.777997392981549604e-09j), (-3.071390362630583172e-12-2.509994623012510903e-12j), (-5.223567459694930897e-11+1.335603608611479667e-11j), (-3.071390362630583172e-12-2.509994623012510903e-12j), (-1.787073292151101683e-06+8.772377473154290266e-09j), (-1.305137000972223699e-11-2.534277665842126577e-11j), (-5.223567459694930897e-11+1.335603608611479667e-11j), (-1.305137000972223699e-11-2.534277665842126577e-11j), (-1.026564129885708565e-05+1.379225601694679255e-08j)
 (-1.787617067085510534e-06+7.735742955680360642e-09j), (-3.276939660949229592e-12-2.283831631075627162e-12j), (-5.387279908922188257e-11+1.180767023761736639e-11j), (-3.276939660949229592e-12-2.283831631075627162e-12j), (-1.787645090980970588e-06+7.731272846962971638e-09j), (-9.709957541047289486e-12-2.309828206220885139e-11j), (-5.387279908922188257e-11+1.180767023761736639e-11j), (-9.709957541047289486e-12-2.309828206220885139e-11j), (-1.026636692832960505e-05+1.217307563544794850e-08j)
 (-1.788074496735208822e-06+6.812435062328524609e-09j), (-3.432069238373598753e-12-2.064021992534995741e-12j), (-5.517791648820777096e-11+1.042383753607844522e-11j), (-3.432069238373598753e-12-2.064021992534995741e-12j), (-1.788103870404617408e-06+6.808876760288342139e-09j), (-6.934135638717627313e-12-2.089123139701448064e-11j), (-5.517791648820777096e-11+1.042383753607844522e-11j), (-6.934135638717627313e-12-2.089123139701448064e-11j), (-1.026693891384808235e-05+1.073333286328874285e-08j)
 (-1.788439246166453366e-06+5.996007976006371956e-09j), (-3.548002376160409581e-12-1.855843145553432958e-12j), (-5.621510540926286476e-11+9.193683371970727665e-12j), (-3.548002376160409581e-12-1.855843145553432958e-12j), (-1.788469561964664141e-06+5.993166262243061720e-09j), (-4.661651639015941526e-12-1.877798191220701794e-11j), (-5.621510540926286476e-11+9.193683371970727665e-12j), (-4.661651639015941526e-12-1.877798191220701794e-11j), (-1.026738795706900056e-05+9.456412178476414182e-09j)
 (-1.788728405451300148e-06+5.275150700528779490e-09j), (-3.633948147202525678e-12-1.661982751051823889e-12j), (-5.703682318234930902e-11+8.103357196711899627e-12j), (-3.633948147202525678e-12-1.661982751051823889e-12j), (-1.788759376032419919e-06+5.272868872757901580e-09j), (-2.823712486976153660e-12-1.679476124312219812e-11j), (-5.703682318234930902e-11+8.103357196711899627e-12j), (-2.823712486976153660e-12-1.679476124312219812e-11j), (-1.026773929392974835e-05+8.326208888561255140e-09j)
 (-1.788956492030218410e-06+4.639410323354114800e-09j), (-3.697271068302701344e-12-1.483561671054114369e-12j), (-5.768579607322859331e-11+7.138572143343875090e-12j), (-3.697271068302701344e-12-1.483561671054114369e-12j), (-1.788987917285251946e-06+4.637564936543171215e-09j), (-1.351943945454460630e-12-1.496184043624332750e-11j), (-5.768579607322859331e-11+7.138572143343875090e-12j), (-1.351943945454460630e-12-1.496184043624332750e-11j), (-1.026801342136969184e-05+7.327483336243846873e-09j)
 (-1.789135642479896958e-06+4.079238979758150663e-09j), (-3.743722772047519473e-12-1.320764042854213106e-12j), (-5.819673697467270562e-11+6.285783221685151793e-12j), (-3.743722772047519473e-12-1.320764042854213106e-12j), (-1.789167384225167205e-06+4.077734201771953878e-09j), (-1.828221229214850404e-13-1.328758560779878545e-11j), (-5.819673697467270562e-11+6.285783221685151793e-12j), (-1.828221229214850404e-13-1.328758560779878545e-11j), (-1.026822682341770985e-05+6.446067829458012965e-09j)
 (-1.789275859803259507e-06+3.585995445874217927e-09j), (-3.777704518092934585e-12-1.173213890086121851e-12j), (-5.859778563482126441e-11+5.532608883817929049e-12j), (-3.777704518092934585e-12-1.173213890086121851e-12j), (-1.789307823034088276e-06+3.584757630589926110e-09j), (7.399650482916442338e-13-1.177198086659588596e-11j), (-5.859778563482126441e-11+5.532608883817929049e-12j), (7.399650482916442338e-13-1.177198086659588596e-11j), (-1.026839264906198051e-05+5.668964883854689840e-09j)
 (-1.789385287523045876e-06+3.151914514003843426e-09j), (-3.802529015929059246e-12-1.040201398755201373e-12j), (-5.891167604615012997e-11+4.867902288681543086e-12j), (-3.802529015929059246e-12-1.040201398755201373e-12j), (-1.789417406941853209e-06+3.150887374772483202e-09j), (1.464663429180917863e-12-1.040946297295536347e-11j), (-5.891167604615012997e-11+4.867902288681543086e-12j), (1.464663429180917863e-12-1.040946297295536347e-11j), (-1.026852131693785929e-05+4.984369535910457766e-09j)
 (-1.789470486414950706e-06+2.770056006758743700e-09j), (-3.820657806753884810e-12-9.208234159582753914e-13j), (-5.915670164594267253e-11+4.281680312971262492e-12j), (-3.820657806753884810e-12-9.208234159582753914e-13j), (-1.789502716989013545e-06+2.769196576412832402e-09j), (2.031571993516891108e-12-9.191072962537444086e-12j), (-5.915670164594267253e-11+4.281680312971262492e-12j), (2.031571993516891108e-12-9.191072962537444086e-12j), (-1.026862103737015955e-05+4.381641546463940045e-09j)
 (-1.789536696367634217e-06+2.434242643938964424e-09j), (-3.833902763859804986e-12-8.140749899591970913e-13j), (-5.934751324562597038e-11+3.765015436973660127e-12j), (-3.833902763859804986e-12-8.140749899591970913e-13j), (-1.789569006839535009e-06+2.433518038224501529e-09j), (2.473714151694455191e-12-8.106013780115845788e-12j), (-5.934751324562597038e-11+3.765015436973660127e-12j), (2.473714151694455191e-12-8.106013780115845788e-12j), (-1.026869825200814639e-05+3.851246395959537866e-09j)
 (-1.789588072628285968e-06+2.138993315731170850e-09j), (-3.843588922126869294e-12-7.189114344751022163e-13j), (-5.949578617389599448e-11+3.309930314798420683e-12j), (-3.843588922126869294e-12-7.189114344751022163e-13j), (-1.789620441107685964e-06+2.138378224654174051e-09j), (2.817761743084245924e-12-7.142728492964495818e-12j), (-5.949578617389599448e-11+3.309930314798420683e-12j), (2.817761743084245924e-12-7.142728492964495818e-12j), (-1.026875799703757760e-05+3.384678712835547618e-09j)
 (-1.789627891402278649e-06+1.879456111191851335e-09j), (-3.850681400569460443e-12-6.342911446095514960e-13j), (-5.961078127952174496e-11+2.909302106181223584e-12j), (-3.850681400569460443e-12-6.342911446095514960e-13j), (-1.789660302402689187e-06+1.878930891597986259e-09j), (3.085021512765213754e-12-6.289613801046867412e-12j), (-5.961078127952174496e-11+2.909302106181223584e-12j), (3.085021512765213754e-12-6.289613801046867412e-12j), (-1.026880419879411121e-05+2.974377462144566734e-09j)
 (-1.789658723942658810e-06+1.651343787430063094e-09j), (-3.855881699175660495e-12-5.592048193241731395e-13j), (-5.969981220149586517e-11+2.556779368076751495e-12j), (-3.855881699175660495e-12-5.592048193241731395e-13j), (-1.789691166386317885e-06+1.650893038586368776e-09j), (3.292372066978292035e-12-5.535470409907836362e-12j), (-5.969981220149586517e-11+2.556779368076751495e-12j), (3.292372066978292035e-12-5.535470409907836362e-12j), (-1.026883991157418699e-05+2.613639061029451536e-09j)
 (-1.789682580863642321e-06+1.450873217635242673e-09j), (-3.859699397292917614e-12-4.926946544660569292e-13j), (-5.976863170695811338e-11+2.246708304288012262e-12j), (-3.859699397292917614e-12-4.926946544660569292e-13j), (-1.789715046740385719e-06+1.450484732122794555e-09j), (3.453099429741575339e-12-4.869766571010387747e-12j), (-5.976863170695811338e-11+2.246708304288012262e-12j), (3.453099429741575339e-12-4.869766571010387747e-12j), (-1.026886750716042553e-05+2.296532440294732974e-09j)
 (-1.789701029854182348e-06+1.274709585463851814e-09j), (-3.862504935786584797e-12-4.338659896116653350e-13j), (-5.982174975716649602e-11+1.974065090976112100e-12j), (-3.862504935786584797e-12-4.338659896116653350e-13j), (-1.789733513310412916e-06+1.274373570356348783e-09j), (3.577611677607407281e-12-4.282774970234772010e-12j), (-5.982174975716649602e-11+1.974065090976112100e-12j), (3.577611677607407281e-12-4.282774970234772010e-12j), (-1.026888882482468839e-05+2.017818406399300285e-09j)
 (-1.789715290481608298e-06+1.119915591917484272e-09j), (-3.864567947731663550e-12-3.818933565343204348e-13j), (-5.986269069162998522e-11+1.734394974989587832e-12j), (-3.864567947731663550e-12-3.818933565343204348e-13j), (-1.789747787200862231e-06+1.119624105123699579e-09j), (3.674032253010341211e-12-3.765625285250435963e-12j), (-5.986269069162998522e-11+1.734394974989587832e-12j), (3.674032253010341211e-12-3.765625285250435963e-12j), (-1.026890528937327818e-05+1.772874685959128519e-09j)
 (-1.789726309816063547e-06+9.839056456523389340e-10j), (-3.866085158099668311e-12-3.360224462884836233e-13j), (-5.989420325903988296e-11+1.523753311181596826e-12j), (-3.866085158099668311e-12-3.360224462884836233e-13j), (-1.789758816588287146e-06+9.836521695403373454e-10j), (3.748684752769677009e-12-3.310303054970642083e-12j), (-5.989420325903988296e-11+1.523753311181596826e-12j), (3.748684752769677009e-12-3.310303054970642083e-12j), (-1.026891800360289204e-05+1.557627187128124681e-09j)
 (-1.789734822301670038e-06+8.644048077088179150e-10j), (-3.867200406456423117e-12-2.955692473221232220e-13j), (-5.991842588769077462e-11+1.338653884679897720e-12j), (-3.867200406456423117e-12-2.955692473221232220e-13j), (-1.789767336722413744e-06+8.641839415545344658e-10j), (3.806481595035330492e-12-2.909615909442550563e-12j), (-5.991842588769077462e-11+1.338653884679897720e-12j), (3.806481595035330492e-12-2.909615909442550563e-12j), (-1.026892782055854937e-05+1.368487673148005040e-09j)
 (-1.789741396877528270e-06+7.594121842491267787e-10j), (-3.868019096336262573e-12-2.599172405436606299e-13j), (-5.993701827372643308e-11+1.176019039369257256e-12j), (-3.868019096336262573e-12-2.599172405436606299e-13j), (-1.789773917134999833e-06+7.592194137026587885e-10j), (3.851231969951632982e-12-2.557144900683614439e-12j), (-5.993701827372643308e-11+1.176019039369257256e-12j), (3.851231969951632982e-12-2.557144900683614439e-12j), (-1.026893539972745840e-05+1.202297593619768098e-09j)
 (-1.789746473909442030e-06+6.671683952185545264e-10j), (-3.868618765351695288e-12-2.285134825727843245e-13j), (-5.995126834104898885e-11+1.033135277505946975e-12j), (-3.868618765351695288e-12-2.285134825727843245e-13j), (-1.789778998631755548e-06+6.669999135486988004e-10j), (3.885888154138294391e-12-2.247178827721134875e-12j), (-5.995126834104898885e-11+1.033135277505946975e-12j), (3.885888154138294391e-12-2.247178827721134875e-12j), (-1.026894125078606561e-05+1.056277932858637636e-09j)
 (-1.789750394022090456e-06+5.861267504374635861e-10j), (-3.869056493762168068e-12-2.008639398616071268e-13j), (-5.996217266390289415e-11+9.076116007157375349e-13j), (-3.869056493762168068e-12-2.008639398616071268e-13j), (-1.789782922166502843e-06+5.859793262361001079e-10j), (3.912734700175327067e-12-1.974655369081959880e-12j), (-5.996217266390289415e-11+9.076116007157375349e-13j), (3.912734700175327067e-12-1.974655369081959880e-12j), (-1.026894576750126706e-05+9.279843755737509640e-10j)
 (-1.789753420559982177e-06+5.149277532726521080e-10j), (-3.869374497842248757e-12-1.765286481865365963e-13j), (-5.997050140968483678e-11+7.973445444978149056e-13j), (-3.869374497842248757e-12-1.765286481865365963e-13j), (-1.789785951331174177e-06+5.147986285549963457e-10j), (3.933539924132606794e-12-1.735093029809426557e-12j), (-5.997050140968483678e-11+7.973445444978149056e-13j), (3.933539924132606794e-12-1.735093029809426557e-12j), (-1.026894925400916341e-05+8.152676346316343762e-10j)
 (-1.789755757039272598e-06+4.523765978411466907e-10j), (-3.869603939509440460e-12-1.551167089747569862e-13j), (-5.997685125884110587e-11+7.004819612767076963e-13j), (-3.869603939509440460e-12-1.551167089747569862e-13j), (-1.789788289829094247e-06+4.522634068282536846e-10j), (3.949670855667434992e-12-1.524534381055491460e-12j), (-5.997685125884110587e-11+7.004819612767076963e-13j), (3.949670855667434992e-12-1.524534381055491460e-12j), (-1.026895194521011406e-05+7.162381825438193962e-10j)
 (-1.789757560695407058e-06+3.974233128938371091e-10j), (-3.869768021497852642e-12-1.362816019997709176e-13j), (-5.998168074791504458e-11+6.153963915698534359e-13j), (-3.869768021497852642e-12-1.362816019997709176e-13j), (-1.789790095037640200e-06+3.973240155060697469e-10j), (3.962184876701175662e-12-1.339487314626741378e-12j), (-5.998168074791504458e-11+6.153963915698534359e-13j), (3.962184876701175662e-12-1.339487314626741378e-12j), (-1.026895402245871804e-05+6.292351438042536321e-10j)
 (-1.789758952976422488e-06+3.491452755311996959e-10j), (-3.869883897374179259e-12-1.197165846772530944e-13j), (-5.998534496855321582e-11+5.406563526414240298e-13j), (-3.869883897374179259e-12-1.197165846772530944e-13j), (-1.789791488514136332e-06+3.490581084760452352e-10j), (3.971899569824024578e-12-1.176873976234762838e-12j), (-5.998534496855321582e-11+5.406563526414240298e-13j), (3.971899569824024578e-12-1.176873976234762838e-12j), (-1.026895562578982998e-05+5.527987978485551570e-10j)
 (-1.789760027673782045e-06+3.067318077414091171e-10j), (-3.869964327210588361e-12-1.051505195442558635e-13j), (-5.998811647708719988e-11+4.750043419958372720e-13j), (-3.869964327210588361e-12-1.051505195442558635e-13j), (-1.789792564132251619e-06+3.066552435402930548e-10j), (3.979446654832042653e-12-1.033984004613171826e-12j), (-5.998811647708719988e-11+4.750043419958372720e-13j), (3.979446654832042653e-12-1.033984004613171826e-12j), (-1.026895686330938574e-05+4.856463447418574307e-10j)
 (-1.789760857209624765e-06+2.694706255048638901e-10j), (-3.870018814411146909e-12-9.234399508179253910e-14j), (-5.999020557136718852e-11+4.173352466129319250e-13j), (-3.870018814411146909e-12-9.234399508179253910e-14j), (-1.789793394377343402e-06+2.694033361563158180e-10j), (3.985314985021901949e-12-9.084309831134191680e-13j), (-5.999020557136718852e-11+4.173352466129319250e-13j), (3.985314985021901949e-12-9.084309831134191680e-13j), (-1.026895781847189258e-05+4.266505447693230239e-10j)
 (-1.789761497499862714e-06+2.367359158169673122e-10j), (-3.870054404694713013e-12-8.108579038379873965e-14j), (-5.999177350311758935e-11+3.666783078643954267e-13j), (-3.870054404694713013e-12-8.108579038379873965e-14j), (-1.789794035213632364e-06+2.366767460686052478e-10j), (3.989882384376400534e-12-7.981157197209959266e-13j), (-5.999177350311758935e-11+3.666783078643954267e-13j), (3.989882384376400534e-12-7.981157197209959266e-13j), (-1.026895855568645241e-05+3.748209016775002913e-10j)
 (-1.789761991710599739e-06+2.079778536480614591e-10j), (-3.870076348030230039e-12-7.118969080967935129e-14j), (-5.999294481850441620e-11+3.221803263261101008e-13j), (-3.870076348030230039e-12-7.118969080967935129e-14j), (-1.789794529846102222e-06+2.079257942944872209e-10j), (3.993441196097263200e-12-7.011916852243637619e-13j), (-5.999294481850441620e-11+3.221803263261101008e-13j), (3.993441196097263200e-12-7.011916852243637619e-13j), (-1.026895912468884935e-05+3.292871194856052243e-10j)
